{
  "experiment": "weight_map_transfer",
  "session": 72,
  "description": "No-refit transfer of pythia-160m w_r profile to held-out archs",
  "source_model": "pythia-160m",
  "source_alpha_j1_only": 1.2719406793787769,
  "source_w_r_true": [
    1.0,
    0.2938257874621247,
    0.21437232703063167,
    0.17088489187585332,
    0.08829406265945815,
    0.08365198066871604,
    0.03487573085259714,
    0.0423493881938511,
    0.0012173547623410266,
    0.008558998839175297,
    0.019771944850840245,
    0.0,
    0.04720870723470581
  ],
  "source_sums": {
    "sum_top2": 1.2938257874621246,
    "sum_top4": 1.6790830063686097,
    "sum_topall": 2.0050111744302943
  },
  "prereg_thresholds": {
    "H1_rel_error_max": 0.3,
    "H2_r_min": 0.9,
    "H3_j1_range": [
      0.7,
      1.9
    ]
  },
  "arch_results": [
    {
      "arch_name": "pythia-410m",
      "mean_alpha_j1_only": 12.642260291213605,
      "mean_alpha_top2": 8.923075178108943,
      "mean_alpha_top4": 6.407669670754681,
      "mean_alpha_topall": 8.234620870158048,
      "pred_top2": 16.35688237658059,
      "pred_top4": 21.227404417065436,
      "pred_topall": 25.347873153939663,
      "rel_err_top2": 0.8330992445718798,
      "rel_err_top4": 2.312811908956786,
      "rel_err_topall": 2.0782076713473607,
      "pred_null_top2": 25.28452058242721,
      "pred_null_top4": 50.56904116485442,
      "pred_null_topall": 164.34938378577687,
      "rel_err_null_top2": 1.8336106173488074,
      "rel_err_null_top4": 6.8919550623431185,
      "rel_err_null_topall": 18.958342489305043,
      "h1_pass_top2": false,
      "h1_pass_top4": false,
      "h1_pass_topall": false,
      "h1_pass": false,
      "h3_pass": false,
      "per_class": {
        "0": {
          "class": 0,
          "baseline_kappa_j1": 0.45040409392744074,
          "baseline_logit_q": 0.5210130270213631,
          "alpha_j1_only": 2.744343961081277,
          "alpha_top2": 3.97093172479499,
          "alpha_top4": 7.164912236477233,
          "alpha_topall": 8.571558860161009
        },
        "1": {
          "class": 1,
          "baseline_kappa_j1": 0.4421188537605089,
          "baseline_logit_q": 1.5998684614179501,
          "alpha_j1_only": 3.2668722339693037,
          "alpha_top2": 2.2908026942313353,
          "alpha_top4": 4.349145428350687,
          "alpha_topall": 7.061317732701269
        },
        "2": {
          "class": 2,
          "baseline_kappa_j1": 0.407280853597308,
          "baseline_logit_q": 0.9444616088408513,
          "alpha_j1_only": 10.032392177064343,
          "alpha_top2": 5.137871963396313,
          "alpha_top4": 7.16395842156975,
          "alpha_topall": 7.795352810916777
        },
        "3": {
          "class": 3,
          "baseline_kappa_j1": 0.4829371798675202,
          "baseline_logit_q": 2.160170826791948,
          "alpha_j1_only": 19.8703862759007,
          "alpha_top2": 6.21949814316881,
          "alpha_top4": 6.673180560314517,
          "alpha_topall": 13.729132593784902
        },
        "4": {
          "class": 4,
          "baseline_kappa_j1": 0.4780042072616813,
          "baseline_logit_q": 1.96646367202281,
          "alpha_j1_only": 24.252840083937574,
          "alpha_top2": 6.689465599804302,
          "alpha_top4": 10.756533073858945,
          "alpha_topall": 9.549844346802553
        },
        "5": {
          "class": 5,
          "baseline_kappa_j1": 0.5265375964548932,
          "baseline_logit_q": 2.506774636424581,
          "alpha_j1_only": 22.060342113161994,
          "alpha_top2": 10.156263855257258,
          "alpha_top4": 7.210855887439518,
          "alpha_topall": 12.915982318109908
        },
        "6": {
          "class": 6,
          "baseline_kappa_j1": 0.4421188537605089,
          "baseline_logit_q": 1.4252097773695638,
          "alpha_j1_only": 2.693384487326327,
          "alpha_top2": 2.61757540948639,
          "alpha_top4": 3.025057672249532,
          "alpha_topall": 5.2988055560958
        },
        "7": {
          "class": 7,
          "baseline_kappa_j1": 0.5551647025400483,
          "baseline_logit_q": 2.6033508424932608,
          "alpha_j1_only": 4.218553250994352,
          "alpha_top2": 5.251611392336649,
          "alpha_top4": 4.186189009530673,
          "alpha_topall": 6.775434505067127
        },
        "8": {
          "class": 8,
          "baseline_kappa_j1": 0.8794918491277004,
          "baseline_logit_q": 2.8662742063171036,
          "alpha_j1_only": 15.112126181266,
          "alpha_top2": 7.700191859430034,
          "alpha_top4": 5.816591639204102,
          "alpha_topall": 3.303410121022512
        },
        "9": {
          "class": 9,
          "baseline_kappa_j1": 0.2874721229438263,
          "baseline_logit_q": 1.5693596888666907,
          "alpha_j1_only": 5.665378701753439,
          "alpha_top2": 5.436256027812848,
          "alpha_top4": 5.4362560278128464,
          "alpha_topall": 6.268963407733782
        },
        "10": {
          "class": 10,
          "baseline_kappa_j1": 0.2874721229438263,
          "baseline_logit_q": 2.334475331813943,
          "alpha_j1_only": 3.3547931848616566,
          "alpha_top2": 3.6539845005081215,
          "alpha_top4": 3.9252935099215622,
          "alpha_topall": 5.116077895334464
        },
        "11": {
          "class": 11,
          "baseline_kappa_j1": 0.5410469372679062,
          "baseline_logit_q": 2.746092826548063,
          "alpha_j1_only": 12.641150682494304,
          "alpha_top2": 39.49992162569153,
          "alpha_top4": 9.263807062477893,
          "alpha_topall": 4.882962058314169
        },
        "12": {
          "class": 12,
          "baseline_kappa_j1": 0.407280853597308,
          "baseline_logit_q": 2.007080294861056,
          "alpha_j1_only": 10.916489037930257,
          "alpha_top2": 7.534550866109149,
          "alpha_top4": 6.61667316003169,
          "alpha_topall": 17.824473024597406
        },
        "13": {
          "class": 13,
          "baseline_kappa_j1": 0.41289116587390023,
          "baseline_logit_q": 0.9231932614369258,
          "alpha_j1_only": 40.16259170524896,
          "alpha_top2": 18.76412683149748,
          "alpha_top4": 8.118921701326599,
          "alpha_topall": 6.191376951570986
        }
      }
    },
    {
      "arch_name": "bert-base-uncased",
      "mean_alpha_j1_only": 9.599414473851658,
      "mean_alpha_top2": 8.98392058073715,
      "mean_alpha_top4": 6.522428399641886,
      "mean_alpha_topall": 6.479646187800042,
      "pred_top2": 12.419969990806438,
      "pred_top4": 16.118213714133187,
      "pred_topall": 19.24693328806048,
      "rel_err_top2": 0.38246658297625846,
      "rel_err_top4": 1.4711982580454506,
      "rel_err_topall": 1.9703679353041164,
      "pred_null_top2": 19.198828947703316,
      "pred_null_top4": 38.39765789540663,
      "pred_null_topall": 124.79238816007155,
      "rel_err_null_top2": 1.1370212218369584,
      "rel_err_null_top4": 4.887018682894958,
      "rel_err_null_topall": 18.25913612574107,
      "h1_pass_top2": false,
      "h1_pass_top4": false,
      "h1_pass_topall": false,
      "h1_pass": false,
      "h3_pass": false,
      "per_class": {
        "0": {
          "class": 0,
          "baseline_kappa_j1": 0.6468985646526202,
          "baseline_logit_q": 1.779963085787685,
          "alpha_j1_only": 6.603318865489418,
          "alpha_top2": 15.011243009795733,
          "alpha_top4": 4.285772569978306,
          "alpha_topall": 4.327207571996691
        },
        "1": {
          "class": 1,
          "baseline_kappa_j1": 0.6067894343848003,
          "baseline_logit_q": 2.4465349969304095,
          "alpha_j1_only": 2.9498652422446567,
          "alpha_top2": 4.6760475757556295,
          "alpha_top4": 5.0699330929241215,
          "alpha_topall": 5.575568838739829
        },
        "2": {
          "class": 2,
          "baseline_kappa_j1": 0.571568414403109,
          "baseline_logit_q": 1.762627746643358,