{
  "experiment": "phi_loao_v3",
  "session": 40,
  "design": "within_arch_R2_tau_LOAO",
  "n_arch": 5,
  "architectures": [
    "pythia-160m",
    "pythia-410m",
    "electra-small",
    "bert-base",
    "rwkv-4-169m"
  ],
  "pooled_r2_m0": 0.27199245248284953,
  "pooled_r2_m1": 0.4676916409178789,
  "pooled_delta_r2": 0.1956991884350294,
  "bootstrap_ci_95": [
    0.03555176721076654,
    0.21568505400692525
  ],
  "n_arch_positive_delta": 5,
  "tau_cv": 0.22682800025467456,
  "tau_range": [
    0.20000000000000004,
    0.3556558820077846
  ],
  "pass_primary": true,
  "pass_arch": true,
  "phi_pct_vs_null": 0.1,
  "null_mean": 0.21712666461309188,
  "null_p90": 0.2232891130766421,
  "pass_null": false,
  "per_arch": {
    "pythia-160m": {
      "tau_star": 0.22440369086039275,
      "r2_m0": 0.18156941643844304,
      "r2_m1": 0.28139064909847544,
      "delta_r2": 0.0998212326600324,
      "n_test": 14
    },
    "pythia-410m": {
      "tau_star": 0.22440369086039275,
      "r2_m0": 0.26221633792185306,
      "r2_m1": 0.48651484451611915,
      "delta_r2": 0.2242985065942661,
      "n_test": 14
    },
    "electra-small": {
      "tau_star": 0.3556558820077846,
      "r2_m0": 0.38901197981853697,
      "r2_m1": 0.5540276380346074,
      "delta_r2": 0.16501565821607045,
      "n_test": 14
    },
    "bert-base": {
      "tau_star": 0.22440369086039275,
      "r2_m0": 0.29589743514078415,
      "r2_m1": 0.5873965925330517,
      "delta_r2": 0.2914991573922675,
      "n_test": 14
    },
    "rwkv-4-169m": {
      "tau_star": 0.20000000000000004,
      "r2_m0": 0.23126709309463023,
      "r2_m1": 0.4291284804071408,
      "delta_r2": 0.19786138731251057,
      "n_test": 14
    }
  }
}