{
  "pythia-160m": {
    "model": "pythia-160m",
    "hf_id": "EleutherAI/pythia-160m",
    "n_positions": 29689,
    "mean_ce": 3.0925942779795936,
    "ppl": 22.03416664513212,
    "mean_margin": 1.8902608078749705,
    "mean_logkeff": 1.202333470104623,
    "frac_margin": 0.6112217245353913,
    "frac_keff": 0.3887782754646087,
    "mean_keff": 3.3278733625102337,
    "median_keff": 3.053449614536473,
    "top1_acc": 0.46273030415305333,
    "keff_q25": 1.6075824157165857,
    "keff_q75": 5.863805691021743,
    "time_s": 146.43905663490295
  },
  "pythia-410m": {
    "model": "pythia-410m",
    "hf_id": "EleutherAI/pythia-410m",
    "n_positions": 29689,
    "mean_ce": 2.565107907975542,
    "ppl": 13.002061320089432,
    "mean_margin": 1.5772706023800902,
    "mean_logkeff": 0.9878373055954517,
    "frac_margin": 0.6148944445869017,
    "frac_keff": 0.38510555541309827,
    "mean_keff": 2.6854204438641585,
    "median_keff": 2.4318141503070505,
    "top1_acc": 0.4906867863518475,
    "keff_q25": 1.3359419344587598,
    "keff_q75": 4.484895770827191,
    "time_s": 148.72404599189758
  },
  "pythia-1b": {
    "model": "pythia-1b",
    "hf_id": "EleutherAI/pythia-1b",
    "n_positions": 29689,
    "mean_ce": 2.398456408860343,
    "ppl": 11.006174228810908,
    "mean_margin": 1.489325296754743,
    "mean_logkeff": 0.9091311121056002,
    "frac_margin": 0.620951580046608,
    "frac_keff": 0.37904841995339217,
    "mean_keff": 2.4821648731279593,
    "median_keff": 2.1977195901150592,
    "top1_acc": 0.5090437535787665,
    "keff_q25": 1.2323740281704205,
    "keff_q75": 4.0911061422241195,
    "time_s": 150.07862257957458
  },
  "pythia-1.4b": {
    "model": "pythia-1.4b",
    "hf_id": "EleutherAI/pythia-1.4b",
    "n_positions": 29689,
    "mean_ce": 2.2921014878792327,
    "ppl": 9.89571156340398,
    "mean_margin": 1.410435577991849,
    "mean_logkeff": 0.881665909887384,
    "frac_margin": 0.615346041809368,
    "frac_keff": 0.3846539581906321,
    "mean_keff": 2.414919395365765,
    "median_keff": 2.1511460522550254,
    "top1_acc": 0.5236956448516286,
    "keff_q25": 1.2079570104150412,
    "keff_q75": 3.910937678207638,
    "time_s": 153.49070858955383
  },
  "pythia-2.8b": {
    "model": "pythia-2.8b",
    "hf_id": "EleutherAI/pythia-2.8b",
    "n_positions": 29689,
    "mean_ce": 2.174201855056713,
    "ppl": 8.795162505548241,
    "mean_margin": 1.334472769319945,
    "mean_logkeff": 0.839729085736768,
    "frac_margin": 0.6137759317131738,
    "frac_keff": 0.3862240682868261,
    "mean_keff": 2.3157395249248682,
    "median_keff": 2.0397041938174825,
    "top1_acc": 0.5375391559163326,
    "keff_q25": 1.181102817522116,
    "keff_q75": 3.710001553034918,
    "time_s": 160.81550288200378
  },
  "gpt2": {
    "model": "gpt2",
    "hf_id": "openai-community/gpt2",
    "n_positions": 29689,
    "mean_ce": 3.1079959391944314,
    "ppl": 22.376156258749436,
    "mean_margin": 1.8484720393732739,
    "mean_logkeff": 1.2595238998211575,
    "frac_margin": 0.5947472504910619,
    "frac_keff": 0.405252749508938,
    "mean_keff": 3.5237434330574278,
    "median_keff": 3.3258871488207054,
    "top1_acc": 0.4284078278150157,
    "keff_q25": 1.6873560590688617,
    "keff_q75": 6.309017634184854,
    "time_s": 146.78233432769775
  },
  "qwen3-0.6b": {
    "model": "qwen3-0.6b",
    "hf_id": "Qwen/Qwen3-0.6B",
    "n_positions": 29689,
    "mean_ce": 2.77731046243308,
    "ppl": 16.075726482789154,
    "mean_margin": 2.021920157874589,
    "mean_logkeff": 0.7553903045584913,
    "frac_margin": 0.7280137331507668,
    "frac_keff": 0.2719862668492333,
    "mean_keff": 2.1284421019103164,
    "median_keff": 1.8956117809352073,
    "top1_acc": 0.47344134191114556,
    "keff_q25": 1.160489452469771,
    "keff_q75": 3.2381281208298476,
    "time_s": 156.1423077583313
  },
  "qwen2-0.5b": {
    "model": "qwen2-0.5b",
    "hf_id": "Qwen/Qwen2-0.5B",
    "n_positions": 29689,
    "mean_ce": 2.29163009809048,
    "ppl": 9.891047925302596,
    "mean_margin": 1.4096349132655666,
    "mean_logkeff": 0.8819951848249131,
    "frac_margin": 0.6151232323402266,
    "frac_keff": 0.3848767676597733,
    "mean_keff": 2.415714698728358,
    "median_keff": 2.167120554588478,
    "top1_acc": 0.5260197379500825,
    "keff_q25": 1.2061566292159671,
    "keff_q75": 3.975588269534319,
    "time_s": 152.78747749328613
  },
  "smollm2-360m": {
    "model": "smollm2-360m",
    "hf_id": "HuggingFaceTB/SmolLM2-360M",
    "n_positions": 29689,
    "mean_ce": 2.1791993580958584,
    "ppl": 8.839226369839338,
    "mean_margin": 1.335906198127621,
    "mean_logkeff": 0.8432931599682373,
    "frac_margin": 0.6130261525475621,
    "frac_keff": 0.3869738474524379,
    "mean_keff": 2.324007717967018,
    "median_keff": 2.0640861297814626,
    "top1_acc": 0.5410758193270234,
    "keff_q25": 1.1594783429122753,
    "keff_q75": 3.810887168931358,
    "time_s": 151.97514986991882
  },
  "qwen3-1.7b": {
    "model": "qwen3-1.7b",
    "hf_id": "Qwen/Qwen3-1.7B",
    "n_positions": 29689,
    "mean_ce": 2.587724566688526,
    "ppl": 13.299475078787884,
    "mean_margin": 2.0967236655411097,
    "mean_logkeff": 0.4910009011474165,
    "frac_margin": 0.8102576651827582,
    "frac_keff": 0.1897423348172419,
    "mean_keff": 1.6339508250354664,
    "median_keff": 1.3455059264566722,
    "top1_acc": 0.5236282798342821,
    "keff_q25": 1.0189494293075172,
    "keff_q75": 2.1910521592201158,
    "time_s": 163.93800139427185
  },
  "qwen3-4b": {
    "model": "qwen3-4b",
    "hf_id": "Qwen/Qwen3-4B",
    "n_positions": 29689,
    "mean_ce": 2.4222226288236,
    "ppl": 11.27088248424863,
    "mean_margin": 1.982034781071588,
    "mean_logkeff": 0.44018784775201203,
    "frac_margin": 0.8182711025345354,
    "frac_keff": 0.18172889746546456,
    "mean_keff": 1.552998918468599,
    "median_keff": 1.2696301812916893,
    "top1_acc": 0.5462629256627034,
    "keff_q25": 1.0103162927763658,
    "keff_q75": 2.0415997119861378,
    "std_margin": 3.361030751511317,
    "std_logkeff": 0.5255955946312079,
    "time_s": 174.79467606544495
  },
  "falcon-h1-0.5b": {
    "model": "falcon-h1-0.5b",
    "hf_id": "tiiuae/Falcon-H1-0.5B-Base",
    "n_positions": 29689,
    "mean_ce": 1.9351118737293003,
    "ppl": 6.924818717339944,
    "mean_margin": 1.161774227126819,
    "mean_logkeff": 0.7733376466024813,
    "frac_margin": 0.6003654067234243,
    "frac_keff": 0.39963459327657574,
    "mean_keff": 2.1669868334525777,
    "median_keff": 1.8239093449409298,
    "top1_acc": 0.5832463201859275,
    "keff_q25": 1.119101519420804,
    "keff_q75": 3.5040614179768363,
    "std_margin": 2.132356888857169,
    "std_logkeff": 0.7258875692938703,
    "time_s": 126.58423089981079
  },
  "falcon-h1-1.5b": {
    "model": "falcon-h1-1.5b",
    "hf_id": "tiiuae/Falcon-H1-1.5B-Base",
    "n_positions": 29689,
    "mean_ce": 1.741223596409415,
    "ppl": 5.704318938364849,
    "mean_margin": 1.048603260827099,
    "mean_logkeff": 0.6926203355823158,
    "frac_margin": 0.6022220598143906,
    "frac_keff": 0.39777794018560936,
    "mean_keff": 1.9989465875616332,
    "median_keff": 1.6090525735413503,
    "top1_acc": 0.6108322947893159,
    "keff_q25": 1.0627082254704243,
    "keff_q75": 3.169695421925537,
    "std_margin": 2.010384204109955,
    "std_logkeff": 0.7055514110865402,
    "time_s": 92.52308464050293
  },
  "falcon-h1-3b": {
    "model": "falcon-h1-3b",
    "hf_id": "tiiuae/Falcon-H1-3B-Base",
    "n_positions": 29689,
    "mean_ce": 1.5635597284012073,
    "ppl": 4.7757915431862505,
    "mean_margin": 0.9103812339603891,
    "mean_logkeff": 0.6531784944408182,
    "frac_margin": 0.5822490931582669,
    "frac_keff": 0.4177509068417331,
    "mean_keff": 1.9216390513388502,
    "median_keff": 1.5460569825528827,
    "top1_acc": 0.6357236686988447,
    "keff_q25": 1.0476050385950333,
    "keff_q75": 2.9631730673434995,
    "std_margin": 1.849923478328,
    "std_logkeff": 0.6854830644334775,
    "time_s": 123.36480617523193
  },