{
  "experiment": "additive_vs_divisive_logK",
  "n_configs": 40,
  "n_non_saturated": 27,
  "d": 200,
  "models": {
    "additive_sqrtd": {
      "r2": 0.9649440907499306,
      "mae": 0.04429063570272337,
      "params": {
        "a": 1.3972063470238136,
        "b": -0.7208220526257628,
        "c": 0.24132540141572584
      }
    },
    "divisive_sqrtd": {
      "r2": 0.9511371664860616,
      "mae": 0.05183834381917442,
      "params": {
        "a": 3.57953937811176,
        "c": -1.591354497105947
      }
    },
    "additive_kd": {
      "r2": 0.96494409072033,
      "mae": 0.04429065836211875,
      "params": {
        "a": 0.09879760619517511,
        "b": -0.720824225049622,
        "c": 0.24131600246026733
      }
    },
    "divisive_kd": {
      "r2": 0.9511371664743127,
      "mae": 0.05183807442378891,
      "params": {
        "a": 0.2531145836266688,
        "c": -1.5913727383368332
      }
    },
    "sigmoid_logK": {
      "r2": 0.9516085026322512,
      "mae": 0.05153150913062822,
      "params": {
        "a": 84.67808661139696,
        "c": -2.659397677478214
      }
    }
  },
  "winner": "ADDITIVE",
  "delta_r2": 0.01380692426386898,
  "passes": 4
}