{
  "primary_5_family": {
    "n_families": 5,
    "n_observations": 5004,
    "n_bootstrap": 10000,
    "per_family": {
      "cerebras-gpt": {
        "r2_gaussian": 0.7302225016023474,
        "r2_linear": 0.760298122265566,
        "delta_r2": -0.030075620663218672,
        "shape_rho": 0.7629047646660978,
        "n_profiles": 12,
        "n_obs": 236
      },
      "gpt2": {
        "r2_gaussian": 0.8514842380888494,
        "r2_linear": 0.8414259161164646,
        "delta_r2": 0.010058321972384876,
        "shape_rho": 0.8054677757037418,
        "n_profiles": 12,
        "n_obs": 300
      },
      "olmo2": {
        "r2_gaussian": 0.7785101261510127,
        "r2_linear": 0.7046235110777282,
        "delta_r2": 0.07388661507328442,
        "shape_rho": 0.9037683189216092,
        "n_profiles": 44,
        "n_obs": 748
      },
      "opt": {
        "r2_gaussian": 0.7568924110309891,
        "r2_linear": 0.7836483260952256,
        "delta_r2": -0.02675591506423647,
        "shape_rho": 0.8310238765125888,
        "n_profiles": 8,
        "n_obs": 200
      },
      "pythia": {
        "r2_gaussian": 0.7805444478857998,
        "r2_linear": 0.7446314584380707,
        "delta_r2": 0.03591298944772914,
        "shape_rho": 0.9138910297240657,
        "n_profiles": 176,
        "n_obs": 3520
      }
    },
    "mean_r2": 0.7795307449517996,
    "r2_ci_95": [
      0.7499444157687709,
      0.81797105028971
    ],
    "mean_delta_r2": 0.012605278153188659,
    "delta_ci_95": [
      -0.02072094989650508,
      0.04616338392066919
    ],
    "delta_p_value": 0.2577,
    "delta_excludes_zero": false,
    "mean_shape_rho": 0.8434111531056206,
    "rho_ci_95": [
      0.7935537914504536,
      0.8932685147607877
    ]
  },
  "extended_8_family": {
    "n_families": 8,
    "n_observations": 5460,
    "n_bootstrap": 10000,
    "per_family": {
      "cerebras-gpt": {
        "r2_gaussian": 0.7319986030667209,
        "r2_linear": 0.7582677962156086,
        "delta_r2": -0.02626919314888765,
        "shape_rho": 0.7629047646660978,
        "n_profiles": 12,
        "n_obs": 236
      },
      "gemma2": {
        "r2_gaussian": -2.4167427617390005,
        "r2_linear": -1.4899369224195524,
        "delta_r2": -0.926805839319448,
        "shape_rho": 0.6766760405955112,
        "n_profiles": 4,
        "n_obs": 108
      },
      "gpt2": {
        "r2_gaussian": 0.8501181678015736,
        "r2_linear": 0.8411750833709486,
        "delta_r2": 0.00894308443062497,
        "shape_rho": 0.8054677757037418,
        "n_profiles": 12,
        "n_obs": 300
      },
      "olmo2": {
        "r2_gaussian": 0.7704018707410163,
        "r2_linear": 0.7093459484788603,
        "delta_r2": 0.06105592226215595,
        "shape_rho": 0.9040447221290464,
        "n_profiles": 44,
        "n_obs": 748
      },
      "opt": {
        "r2_gaussian": 0.7758244054515775,
        "r2_linear": 0.784814235564107,
        "delta_r2": -0.008989830112529518,
        "shape_rho": 0.8310238765125888,
        "n_profiles": 8,
        "n_obs": 200
      },
      "phi": {
        "r2_gaussian": 0.44794752935587434,
        "r2_linear": 0.3538759123248595,
        "delta_r2": 0.09407161703101485,
        "shape_rho": 0.7237670492204938,
        "n_profiles": 4,
        "n_obs": 132
      },
      "pythia": {
        "r2_gaussian": 0.782922435814639,
        "r2_linear": 0.7565048999887937,
        "delta_r2": 0.026417535825845384,
        "shape_rho": 0.9138910297240657,
        "n_profiles": 176,
        "n_obs": 3520
      },
      "qwen2.5": {
        "r2_gaussian": 0.7414189769073642,
        "r2_linear": 0.8255795134355495,
        "delta_r2": -0.08416053652818523,
        "shape_rho": 0.8971047482233974,
        "n_profiles": 8,
        "n_obs": 216
      }
    },
    "mean_r2": 0.3354861534249707,
    "r2_ci_95": [
      -0.4715572655365365,
      0.7839411253341226
    ],
    "mean_delta_r2": -0.10696715494492616,
    "delta_ci_95": [
      -0.3524281480027167,
      0.037926742689263826
    ],
    "delta_p_value": 0.7593,
    "delta_excludes_zero": false,
    "mean_shape_rho": 0.8143600008468679,
    "rho_ci_95": [
      0.7558563284209491,
      0.8706361715318343
    ]
  }
}