{
  "experiment": "comprehensive_real_network_universality",
  "n_total_points": 444,
  "n_models": 19,
  "n_datasets": 10,
  "models": [
    "Falcon-H1-0.5B-Base",
    "Mistral-7B-v0.3",
    "OLMo-1B-hf",
    "Qwen2.5-0.5B",
    "Qwen3-0.6B",
    "Qwen3-1.7B",
    "TinyLlama-1.1B-intermediate-step-1431k-3T",
    "bert-base-uncased",
    "bge-base-v1.5",
    "deberta-base",
    "electra-small",
    "gpt-neo-125m",
    "gpt2",
    "mamba-130m",
    "phi2",
    "pythia-160m",
    "pythia-1b",
    "pythia-410m",
    "rwkv-4-169m-pile"
  ],
  "datasets": [
    "20newsgroups",
    "agnews",
    "amazon_massive",
    "banking77",
    "dbpedia",
    "emotion",
    "go_emotions",
    "langid",
    "news_category",
    "yahoo"
  ],
  "k_values": [
    4,
    6,
    10,
    14,
    20,
    28,
    42,
    59,
    77
  ],
  "families": [
    "bert",
    "bge",
    "electra",
    "falcon",
    "gpt2",
    "gpt_neo",
    "llama",
    "mamba",
    "mistral",
    "olmo",
    "phi",
    "pythia",
    "qwen2",
    "qwen3",
    "rwkv"
  ],
  "global_fit": {
    "alpha": 3.595806341722245,
    "beta": -0.478436730668395,
    "C": -0.2732495164520965,
    "r2": 0.6114942602567901,
    "mae": 0.7398770696229928
  },
  "k_corrected_fit": {
    "alpha": 3.415570361867171,
    "C": 1.1956127225329256,
    "r2": 0.4664394433388974,
    "r": 0.6829637203679982
  },
  "loao": {
    "alpha_mean": 3.598369708134092,
    "alpha_cv": 0.017492703130050958,
    "beta_mean": -0.47871473133105336,
    "beta_cv": 0.026678717249080795,
    "n_architectures": 19,
    "per_model": {
      "Falcon-H1-0.5B-Base": {
        "alpha": 3.60230339617007,
        "beta": -0.5065687062144022,
        "C": -0.2021305709238433,
        "train_r2": 0.6019803675726703,
        "test_mae": 0.6364937805033988,
        "n_train": 404,
        "n_test": 40
      },
      "Mistral-7B-v0.3": {
        "alpha": 3.6043279562097443,
        "beta": -0.4638132656796503,
        "C": -0.3341131289676598,
        "train_r2": 0.6147981084370728,
        "test_mae": 0.9138068122012829,
        "n_train": 428,
        "n_test": 16
      },
      "OLMo-1B-hf": {
        "alpha": 3.652964693947494,
        "beta": -0.49746138172556986,
        "C": -0.27424957307565945,
        "train_r2": 0.624001285855146,
        "test_mae": 0.8572710487062881,
        "n_train": 404,
        "n_test": 40
      },
      "Qwen2.5-0.5B": {
        "alpha": 3.631602110145019,
        "beta": -0.4663120103434789,
        "C": -0.3306204420114678,
        "train_r2": 0.614476953685301,
        "test_mae": 0.7628996765961285,
        "n_train": 428,
        "n_test": 16
      },
      "Qwen3-0.6B": {
        "alpha": 3.7694593958725444,
        "beta": -0.4881135588301785,
        "C": -0.3145359148941246,
        "train_r2": 0.6136686900335807,
        "test_mae": 0.7552740224155852,
        "n_train": 404,
        "n_test": 40
      },
      "Qwen3-1.7B": {
        "alpha": 3.6299832072641154,
        "beta": -0.4667805389858807,
        "C": -0.3284161676268429,
        "train_r2": 0.6141517856101197,
        "test_mae": 0.7105526446925658,
        "n_train": 428,
        "n_test": 16
      },
      "TinyLlama-1.1B-intermediate-step-1431k-3T": {
        "alpha": 3.5976795840982745,
        "beta": -0.46929981942266275,
        "C": -0.30856857602786747,
        "train_r2": 0.6110090699697941,
        "test_mae": 0.6611144839016508,
        "n_train": 428,
        "n_test": 16
      },
      "bert-base-uncased": {
        "alpha": 3.5851135762445474,
        "beta": -0.4734916571225841,
        "C": -0.27512283179328134,
        "train_r2": 0.6074346586501347,
        "test_mae": 0.5882295591762541,
        "n_train": 428,
        "n_test": 16
      },
      "bge-base-v1.5": {
        "alpha": 3.577168173584012,
        "beta": -0.4666971348733283,
        "C": -0.30062273559239516,
        "train_r2": 0.608870687661887,
        "test_mae": 0.6757285641541516,
        "n_train": 428,
        "n_test": 16
      },
      "deberta-base": {
        "alpha": 3.574827549549894,
        "beta": -0.47083494131769343,
        "C": -0.2810385294354641,
        "train_r2": 0.605841705306846,
        "test_mae": 0.5717249899932457,
        "n_train": 428,
        "n_test": 16
      },
      "electra-small": {
        "alpha": 3.591965693431203,
        "beta": -0.4787684690613977,
        "C": -0.2550952850643661,
        "train_r2": 0.6137615815812827,
        "test_mae": 0.6861038948005838,
        "n_train": 428,
        "n_test": 16
      },
      "gpt-neo-125m": {
        "alpha": 3.564486729547254,
        "beta": -0.4962274624539682,
        "C": -0.20665855942882227,
        "train_r2": 0.6145347254950988,
        "test_mae": 0.8496940880148728,
        "n_train": 404,
        "n_test": 40
      },
      "gpt2": {
        "alpha": 3.600610338340102,
        "beta": -0.4770655137334022,
        "C": -0.284040562851148,
        "train_r2": 0.6127607377121429,
        "test_mae": 0.5029451896990903,
        "n_train": 428,
        "n_test": 16
      },
      "mamba-130m": {
        "alpha": 3.4551109267470284,
        "beta": -0.4745418882821565,
        "C": -0.17852476169912343,
        "train_r2": 0.6366263935825899,
        "test_mae": 2.212207243580028,
        "n_train": 432,
        "n_test": 12
      },
      "phi2": {
        "alpha": 3.566986466856944,
        "beta": -0.4716046406712874,
        "C": -0.2933304925096834,
        "train_r2": 0.6076619277272743,
        "test_mae": 0.6485227172287285,
        "n_train": 428,
        "n_test": 16
      },
      "pythia-160m": {
        "alpha": 3.489380606117787,
        "beta": -0.5006869848931068,
        "C": -0.1768220240455689,
        "train_r2": 0.6084690571012157,
        "test_mae": 0.772456962043921,
        "n_train": 404,
        "n_test": 40
      },
      "pythia-1b": {
        "alpha": 3.604313949838357,
        "beta": -0.4703406117575385,
        "C": -0.30893218677707,
        "train_r2": 0.6138839847502018,
        "test_mae": 0.6469105520088595,
        "n_train": 428,
        "n_test": 16
      },
      "pythia-410m": {
        "alpha": 3.601173559854517,
        "beta": -0.4709904702315537,
        "C": -0.3029262198591492,
        "train_r2": 0.6125418888675636,
        "test_mae": 0.5613638758298393,
        "n_train": 428,
        "n_test": 16
      },
      "rwkv-4-169m-pile": {
        "alpha": 3.6695665407288467,
        "beta": -0.48598083969017314,
        "C": -0.24084805597414607,
        "train_r2": 0.5871917867806187,
        "test_mae": 0.629754760275812,
        "n_train": 404,
        "n_test": 40
      }
    }
  },
  "lodo": {
    "alpha_mean": 3.6083410644270892,
    "alpha_cv": 0.05512071020939961,
    "beta_mean": -0.47359260104619016,
    "beta_cv": 0.11988507811989485,
    "n_datasets": 10,
    "per_dataset": {
      "20newsgroups": {
        "alpha": 3.629073453401802,
        "beta": -0.47139439280417184,
        "C": -0.2814414011779504,
        "train_r2": 0.6206691285657857,
        "test_mae": 0.5499541925053297,
        "n_train": 368,
        "n_test": 76
      },
      "agnews": {
        "alpha": 3.658480113424203,
        "beta": -0.42114677072017437,
        "C": -0.4783897282497907,
        "train_r2": 0.5699659551021132,
        "test_mae": 0.3431247885882323,
        "n_train": 372,
        "n_test": 72
      },
      "amazon_massive": {
        "alpha": 3.634046037516,
        "beta": -0.5476698942495454,
        "C": -0.14361152799803756,
        "train_r2": 0.6265639256649977,
        "test_mae": 0.8371461290938905,
        "n_train": 420,
        "n_test": 24
      },
      "banking77": {
        "alpha": 3.613725841175327,
        "beta": -0.5398460692717624,
        "C": -0.14613928455484176,
        "train_r2": 0.6167166955189354,
        "test_mae": 0.6139346531731444,
        "n_train": 420,
        "n_test": 24
      },
      "dbpedia": {
        "alpha": 3.3349817612834047,
        "beta": -0.4558681686450029,