{
  "family_counts": {
    "pythia": 3520,
    "cerebras-gpt": 236,
    "opt": 200,
    "gpt2": 300,
    "olmo2": 748
  },
  "standard_lofo": {
    "per_family": {
      "cerebras-gpt": {
        "r2": 0.7302225016023474,
        "mae": 0.04901460598826523,
        "n_test": 236
      },
      "gpt2": {
        "r2": 0.8514842380888494,
        "mae": 0.04095518025200289,
        "n_test": 300
      },
      "olmo2": {
        "r2": 0.7785101261510127,
        "mae": 0.05655671172471621,
        "n_test": 748
      },
      "opt": {
        "r2": 0.7568924110309891,
        "mae": 0.05969881047836676,
        "n_test": 200
      },
      "pythia": {
        "r2": 0.7805444478857998,
        "mae": 0.046056306063635616,
        "n_test": 3520
      }
    },
    "mean_r2": 0.7795307449517996,
    "se_r2": 0.01802572767564995
  },
  "weighted_lofo": {
    "per_family": {
      "cerebras-gpt": {
        "r2": 0.6652482569558894,
        "mae": 0.053971602492564594,
        "n_test": 236
      },
      "gpt2": {
        "r2": 0.8513804530508876,
        "mae": 0.039188088901723435,
        "n_test": 300
      },
      "olmo2": {
        "r2": 0.7532762849428118,
        "mae": 0.057539184821069955,
        "n_test": 748
      },
      "opt": {
        "r2": 0.7753152743896714,
        "mae": 0.05845199264683629,
        "n_test": 200
      },
      "pythia": {
        "r2": 0.8036837103112074,
        "mae": 0.042388082408371296,
        "n_test": 3520
      }
    },
    "mean_r2": 0.7697807959300935,
    "se_r2": 0.027595646529774684
  },
  "subsampled_lofo": {
    "per_family": {
      "cerebras-gpt": {
        "r2_mean": 0.6754426930105838,
        "r2_se": 0.005058588523624826,
        "mae_mean": 0.052884801484915214,
        "mae_se": 0.00039594446669215445,
        "n_boot": 5
      },
      "gpt2": {
        "r2_mean": 0.8519670711966512,
        "r2_se": 0.0009068776365933159,
        "mae_mean": 0.03932946574577692,
        "mae_se": 0.00018798599768339857,
        "n_boot": 5
      },
      "olmo2": {
        "r2_mean": 0.7520413622040059,
        "r2_se": 0.00221102597288976,
        "mae_mean": 0.057749750675158015,
        "mae_se": 0.0002642977008883061,
        "n_boot": 5
      },
      "opt": {
        "r2_mean": 0.7784671481142582,
        "r2_se": 0.0032615054896774093,
        "mae_mean": 0.057581884987372114,
        "mae_se": 0.0005063761610637468,
        "n_boot": 5
      },
      "pythia": {
        "r2_mean": 0.80311582535202,
        "r2_se": 0.0021651207894929,
        "mae_mean": 0.04246758768138561,
        "mae_se": 0.00036167589151800617,
        "n_boot": 5
      }
    },
    "mean_r2": 0.7722068199755038,
    "min_family_size": 200
  },
  "summary": {
    "standard_r2": 0.7795307449517996,
    "weighted_r2": 0.7697807959300935,
    "subsampled_r2": 0.7722068199755038,
    "max_delta": 0.009749949021706117,
    "conclusion": "robust"
  }
}