{
  "session": "sub-719828686",
  "K": 118,
  "n_pres": 5900,
  "n_active": 995,
  "r_kappa": 0.7545772443516504,
  "pval": 5.826328700132785e-23,
  "mean_q_1nn": 0.19440677966101697,
  "r_margin": 0.7144793870188257,
  "H1_pass": true
}