{
  "predictions": {
    "1_probit_vs_logistic": {
      "per_dataset": {
        "agnews": {
          "logistic_r2": 0.9594035097991225,
          "probit_r2": 0.9596400993961853,
          "probit_wins": true
        },
        "arxiv": {
          "logistic_r2": 0.9803296685884825,
          "probit_r2": 0.9800784260809704,
          "probit_wins": false
        },
        "clinc": {
          "logistic_r2": 0.9216041482118811,
          "probit_r2": 0.9223250432420422,
          "probit_wins": true
        },
        "dbpedia_classes": {
          "logistic_r2": 0.9781681650354725,
          "probit_r2": 0.9782610514348937,
          "probit_wins": true
        },
        "yahoo": {
          "logistic_r2": 0.9810836911845193,
          "probit_r2": 0.9810958227743385,
          "probit_wins": true
        }
      },
      "probit_wins_count": 4,
      "prediction_confirmed": true
    },
    "2_critical_point": {
      "agnews": {
        "K": 18,
        "kappa_c_logistic": 0.0575898924297734,
        "kappa_c_probit": 0.05645300416403249,
        "steepness": 24.627234603028317
      },
      "arxiv": {
        "K": 115,
        "kappa_c_logistic": 0.1856944594099406,
        "kappa_c_probit": 0.16910607273955605,
        "steepness": 7.238607496788878
      },
      "clinc": {
        "K": 150,
        "kappa_c_logistic": 0.3401324019346923,
        "kappa_c_probit": 0.3416128698957898,
        "steepness": 7.158866085547776
      },
      "dbpedia_classes": {
        "K": 68,
        "kappa_c_logistic": 0.14929571221219715,
        "kappa_c_probit": 0.1384399286891113,
        "steepness": 7.942999610726565
      },
      "yahoo": {
        "K": 10,
        "kappa_c_logistic": -0.016898300364048584,
        "kappa_c_probit": -0.03833238770357308,
        "steepness": 33.613457642021366
      }
    },
    "4_K_shifts_kappac": {
      "rho": 0.9999999999999999,
      "p": 1.4042654220543672e-24,
      "confirmed": true
    },
    "5_k_effect": {
      "fits": {
        "1": {
          "steepness": 0.9619051647779066,
          "kappa_c": -4.476298356938431,
          "r2": 0.9918078247693479
        },
        "3": {
          "steepness": 0.5330055488645536,
          "kappa_c": -8.15956762791887,
          "r2": 0.9927752246905454
        },
        "5": {
          "steepness": 0.5899345320914409,
          "kappa_c": -5.093603537054618,
          "r2": 0.9964960736932539
        },
        "10": {
          "steepness": 2.778227912718505,
          "kappa_c": 0.2676145690395795,
          "r2": 0.997402670145215
        },
        "20": {
          "steepness": 3.2602632654559107,
          "kappa_c": 0.328198531117949,
          "r2": 0.9983574576974679
        }
      },
      "rho_k_steepness": 0.7,
      "confirmed": true
    },
    "6_reparameterization": {
      "per_dataset": {
        "agnews": {
          "mean_r2_alpha": 0.977884111954868,
          "mean_r2_kappa": 0.9972191448789951,
          "kappa_better": true
        },
        "arxiv": {
          "mean_r2_alpha": 0.9857291419510679,
          "mean_r2_kappa": 0.999037254415138,
          "kappa_better": true
        },
        "clinc": {
          "mean_r2_alpha": 0.9900605069948648,
          "mean_r2_kappa": 0.9965080497389399,
          "kappa_better": true
        },
        "dbpedia_classes": {
          "mean_r2_alpha": 0.983817255622269,
          "mean_r2_kappa": 0.9981647440730413,
          "kappa_better": true
        },
        "yahoo": {
          "mean_r2_alpha": 0.9727177928337106,
          "mean_r2_kappa": 0.996217050133855,
          "kappa_better": true
        }
      },
      "kappa_better_count": 5,
      "confirmed": true
    },
    "1b_universal_collapse": {
      "r2": 0.5869932640252769,
      "mae": 0.08749531902727715,
      "rho": 0.766345394537024,
      "confirmed": false
    }
  },
  "scorecard": {
    "passes": 4,
    "total": 5,
    "details": [
      {
        "criterion": "P1: Probit fits at least as well as logistic",
        "passed": true,
        "value": "4/5 datasets"
      },
      {
        "criterion": "P1b: Universal collapse R^2 > 0.90",
        "passed": false,
        "value": "R^2=0.5870"
      },
      {
        "criterion": "P4: Larger K -> larger kappa_c",
        "passed": true,
        "value": "rho=1.0000"
      },
      {
        "criterion": "P5: Steepness increases with k",
        "passed": true,
        "value": "rho=0.7000"
      },
      {
        "criterion": "P6: kappa reparameterization better than alpha",
        "passed": true,
        "value": "5/5"
      }
    ]
  }
}