{
  "hypothesis": "alpha_DO = 1.549 * dilution_factor",
  "n_conditions": 5,
  "pearson_r": 0.19310434536759447,
  "r2": 0.037289288199847205,
  "mae": 0.6923093472335855,
  "regression_slope": 3.639818427784628,
  "pass": false,
  "results": [
    {
      "label": "pythia-160m_dbpedia",
      "alpha_DO": 1.6006765286285252,
      "r": 0.9742465382495222,
      "K": 14,
      "baseline_q": 0.8528205128205127,
      "dilution_nearest": 0.0,
      "dilution_perclass": 1.0975609756097562,
      "alpha_pred_nearest": 0.0,
      "alpha_pred_perclass": 1.7001219512195123,
      "err_nearest": 1.6006765286285252,
      "err_perclass": 0.0994454225909871,
      "rel_err_nearest": 1.0,
      "rel_err_perclass": 0.062127119884860735,
      "loao_alpha": 1.549,
      "source": "v2_text"
    },
    {
      "label": "pythia-160m_agnews",
      "alpha_DO": 1.3970956759358835,
      "r": 0.9379239194153637,
      "K": 4,
      "baseline_q": 0.7288888888888888,
      "dilution_nearest": 0.3770491803278688,
      "dilution_perclass": 1.3770491803278688,
      "alpha_pred_nearest": 0.5840491803278688,
      "alpha_pred_perclass": 2.133049180327869,
      "err_nearest": 0.8130464956080147,
      "err_perclass": 0.7359535043919854,
      "rel_err_nearest": 0.5819547720404852,
      "rel_err_perclass": 0.5267738760260541,
      "loao_alpha": 1.549,
      "source": "v2_text"
    },
    {
      "label": "gpt-neo-125m_dbpedia",
      "alpha_DO": 0.2420894666636362,
      "r": 0.7286422462936203,
      "K": 14,
      "baseline_q": 0.8564102564102565,
      "dilution_nearest": 0.125,
      "dilution_perclass": 2.7,
      "alpha_pred_nearest": 0.193625,
      "alpha_pred_perclass": 4.1823,
      "err_nearest": 0.04846446666363621,
      "err_perclass": 3.9402105333363635,
      "rel_err_nearest": 0.20019238065807168,
      "rel_err_perclass": 16.27584457778565,
      "loao_alpha": 1.549,
      "source": "v2_text"
    },
    {
      "label": "gpt-neo-125m_agnews",
      "alpha_DO": 1.2124750101709185,
      "r": 0.9563295991587469,
      "K": 4,
      "baseline_q": 0.7644444444444445,
      "dilution_nearest": 0.32075471698113206,
      "dilution_perclass": 2.7547169811320753,
      "alpha_pred_nearest": 0.49684905660377354,
      "alpha_pred_perclass": 4.267056603773584,
      "err_nearest": 0.715625953567145,
      "err_perclass": 3.0545815936026655,
      "rel_err_nearest": 0.5902191365298866,
      "rel_err_perclass": 2.5192944745080323,
      "loao_alpha": 1.549,
      "source": "v2_text"
    },
    {
      "label": "gpt2/dbpedia-L12 (adaptive)",
      "alpha_DO": 0.476911120799914,
      "r": 0.9233047980313165,
      "K": 14,
      "baseline_q": 0.6891282051282052,
      "dilution_nearest": 0.12471131639722864,
      "dilution_perclass": 0.8267898383371824,
      "alpha_pred_nearest": 0.19317782909930717,
      "alpha_pred_perclass": 1.2806974595842955,
      "err_nearest": 0.2837332917006068,
      "err_perclass": 0.8037863387843815,
      "rel_err_nearest": 0.5949395586009953,
      "rel_err_perclass": 1.685400704089697,
      "loao_alpha": 1.549,
      "source": "adaptive"
    }
  ]
}