{
  "experiment": "eta_decomposition",
  "timestamp": "2026-02-23T01:30:53.699649",
  "arch_results": [
    {
      "name": "pythia-160m",
      "moments": {
        "isotropy": 6.338615601787962e-05,
        "anisotropy_ratio": 0.40093473504574895,
        "tail_ratio": 3839.354616202024,
        "d_eff_gram": 5.449198167865664,
        "d_eff_formula": 167.2029362305632,
        "kappa_1": 0.4124367781114495,
        "kappa_eff_1": 5.333095190022242,
        "sigma_W_global": 0.6959912231804803,
        "trW": 372.0221051475926,
        "trB": 149.15658415855188,
        "d": 768,
        "K": 14
      },
      "A_empirical": 0.05867588427730691,
      "r_loao": 0.1235539080831593
    },
    {
      "name": "bert-base-uncased",
      "moments": {
        "isotropy": 7.690717653644372e-05,
        "anisotropy_ratio": 0.48230940561737323,
        "tail_ratio": 3222.52055164631,
        "d_eff_gram": 54.76201927671995,
        "d_eff_formula": 89.03720589853563,
        "kappa_1": 0.5709639526445078,
        "kappa_eff_1": 5.387588927463002,
        "sigma_W_global": 0.22108705567834513,
        "trW": 37.539445392783115,
        "trB": 18.105627594647295,
        "d": 768,
        "K": 14
      },
      "A_empirical": -0.0994214183062698,
      "r_loao": -0.040869541903022215
    },
    {
      "name": "electra-small",
      "moments": {
        "isotropy": 4.159043023490258e-05,
        "anisotropy_ratio": 0.28561062050339425,
        "tail_ratio": 4856.869822266297,
        "d_eff_gram": 7.398640138162912,
        "d_eff_formula": 78.80559654579349,
        "kappa_1": 0.2886399483078521,
        "kappa_eff_1": 2.56232945230547,
        "sigma_W_global": 0.224564576054925,
        "trW": 12.909887697594417,
        "trB": 3.687201035967638,
        "d": 256,
        "K": 14
      },
      "A_empirical": -0.016078743510939474,
      "r_loao": -0.027474193441373293
    },
    {
      "name": "pythia-410m",
      "moments": {
        "isotropy": 2.5142167544168373e-05,
        "anisotropy_ratio": 0.2670709971490957,
        "tail_ratio": 2223.5847630736084,
        "d_eff_gram": 24.036421017552975,
        "d_eff_formula": 81.94095853257588,
        "kappa_1": 0.28711977345376644,
        "kappa_eff_1": 2.5990439447404,
        "sigma_W_global": 0.08722943090759103,
        "trW": 7.791588983257291,
        "trB": 2.0809074391611406,
        "d": 1024,
        "K": 14
      },
      "A_empirical": 0.04412880806385699,
      "r_loao": 0.05218027929099682
    },
    {
      "name": "rwkv-4-169m",
      "moments": {
        "isotropy": 8.192556873782025e-05,
        "anisotropy_ratio": 0.7452861847836129,
        "tail_ratio": 2460.4285981488756,
        "d_eff_gram": 20.230125045616855,
        "d_eff_formula": 45.907527017326196,
        "kappa_1": 0.5699611561647521,
        "kappa_eff_1": 3.861777145481365,
        "sigma_W_global": 0.14067976468583215,
        "trW": 15.199331475502932,
        "trB": 11.32785176671359,
        "d": 768,
        "K": 14
      },
      "A_empirical": -0.02932609891625534,
      "r_loao": -0.05166775172806587
    },
    {
      "name": "bge-small",
      "moments": {
        "isotropy": 9.352035581952381e-09,
        "anisotropy_ratio": 0.1608899181606462,
        "tail_ratio": 351.12990175084605,
        "d_eff_gram": 196.30123357130188,
        "d_eff_formula": 201.77239388050353,
        "kappa_1": 0.27424604146848774,
        "kappa_eff_1": 3.895572047292355,
        "sigma_W_global": 0.3251224886700105,
        "trW": 40.59057893336874,
        "trB": 6.530614922699036,
        "d": 384,
        "K": 14
      },
      "A_empirical": 0.3398572718935197,
      "r_loao": 0.348790502379629
    }
  ],
  "candidate_correlations": {
    "inv_sqrt_deff_gram": -0.3683317111025096,
    "isotropy": -0.8285740309001236,
    "inv_log_d": 0.2995098692337825,
    "tail_ratio_inv": 0.9289479719622968,
    "aniso_ratio": -0.6368486817086781,
    "inv_sqrt_deff_formula": -0.6740860563761236
  },
  "best_candidate": "tail_ratio_inv",
  "best_r": 0.9289479719622968,
  "r_pred_obs": 0.9289479719622968,
  "analysis": {
    "pass_E1": true,
    "pass_E2": false,
    "cv_A_universal": 2.2310637986400836
  },
  "verdict": "E1=PASS, E2=FAIL. Best predictor of A_m: tail_ratio_inv (r=0.929). OVERALL: PARTIAL/FAIL"
}