{
  "test1_oop_synthetic": {
    "r2_logit_adj": 0.7192108453925525,
    "r2_kappa_sqrtK": 0.7062158985622463,
    "rho_resid_K_adj": 0.28048636185076603,
    "rho_resid_K_sqk": 0.019062179931605458
  },
  "test2_within_dataset_K": {
    "M_log_r2": 0.6368447918634542,
    "M_sqrt_r2": 0.20325812766978413,
    "logK_coef_theorem1_expects_-1": -1.3583182556049458
  }
}