{
  "cross_arch_no_LFM": {
    "n": 21,
    "r": -0.696994359353407,
    "p": 0.00044621932412829097,
    "CI_95": [
      -0.861121261815001,
      -0.4608678747195712
    ],
    "bootstrap_SE": 0.1046133931716481,
    "n_bootstrap": 10000
  },
  "fixed_V": {
    "n": 11,
    "r_kt1K": -0.5698750915100044,
    "CI_95_kt1K": [
      -0.894811122935459,
      0.18265043279826557
    ],
    "r_kbar": -0.6930268225840033,
    "CI_95_kbar": [
      -0.9383020146338964,
      -0.2638646675252168
    ]
  },
  "fixed_V_Pythia_Mamba": {
    "n": 10,
    "metric": "kappa_bar",
    "r": -0.8367108978099477,
    "p": 0.002541371310269865,
    "CI_95": [
      -0.9628872827879763,
      -0.061091945888213685
    ],
    "bootstrap_SE": 0.23256198891947089,
    "within_Pythia_r": -0.9053428926451221,
    "within_Mamba_r": -0.9257675751478802,
    "models": [
      "pythia-160m",
      "pythia-410m",
      "pythia-1b",
      "pythia-1.4b",
      "pythia-2.8b",
      "mamba-130m",
      "mamba-370m",
      "mamba-790m",
      "mamba-1.4b",
      "mamba-2.8b"
    ]
  }
}