{
  "experiment": "k_normalization_discriminator",
  "d": 300,
  "m": 40,
  "K_values": [
    2,
    5,
    10,
    20,
    50,
    100,
    200
  ],
  "normalization_r2": {
    "sqrt(K)": 0.9304587022162516,
    "log(K)": 0.992727379993031,
    "log(K+1)": 0.9927645619651678,
    "K^(1/3)": 0.9840698943592362,
    "K^(1/4)": 0.9832785383660242,
    "K": 0.6149208648764577,
    "raw (no norm)": 0.842195120524974,
    "sqrt(K-1)": 0.9227233993586444,
    "sqrt(K*log(K))": 0.844064066414292,
    "K^gamma_free": 0.9872194619055578
  },
  "best_gamma": 0.292939535024347,
  "best_gamma_r2": 0.9872194619055578,
  "per_k_slopes": {
    "2": {
      "a": 83.87534094707674,
      "b": -1.9697524575354262
    },
    "5": {
      "a": 54.12317749959742,
      "b": -2.4426479295248704
    },
    "10": {
      "a": 44.329268006908826,
      "b": -2.6844218359946583
    },
    "20": {
      "a": 38.9129737307959,
      "b": -3.193156403649218
    },
    "50": {
      "a": 35.411164433100666,
      "b": -3.6315813338420297
    },
    "100": {
      "a": 34.66922464847115,
      "b": -4.1200322924407775
    },
    "200": {
      "a": 32.85535719497313,
      "b": -4.461534988643492
    }
  },
  "n_points": 105,
  "scorecard": {
    "passes": 2,
    "total": 4
  }
}