{
  "non_monotonicity_scaling": {
    "L_values": [
      6,
      12,
      24
    ],
    "non_monotonicity": [
      0.125,
      0.25664208313651937,
      0.424587176193706
    ],
    "peak_drops": [
      0.002249999999999988,
      0.004861029411764703,
      0.04502941176470589
    ],
    "power_law_exponent": 0.8820663516481319,
    "r_squared": 0.9897123644856627,
    "p_value": 0.0646822883785446,
    "interpretation": "Non-monotonicity ~ L^0.88 (R2=0.990, p=0.0647)"
  },
  "family_scaling": {
    "bge": {
      "sizes": [
        384,
        768,
        1024
      ],
      "mean_rho": [
        0.8518356643356644,
        0.5930944055944056,
        0.22716040489075684
      ],
      "non_monotonicity_exponent": 1.6422908854777398,
      "r_squared": 0.9887858605677722,
      "p_value": 0.06754266053264696
    },
    "e5": {
      "sizes": [
        384,
        768,
        1024
      ],
      "mean_rho": [
        0.8358250318044154,
        0.7263585321777077,
        0.5883727135291572
      ],
      "non_monotonicity_exponent": 0.9002804314941732,
      "r_squared": 0.9713969405090266,
      "p_value": 0.10818792431054101
    }
  },
  "order_parameter_proxy": {
    "6": {
      "mean_deriv_peak_s": 0.6666666666666666,
      "std_deriv_peak_s": 0.36324157862838946,
      "mean_max_deriv": 0.4047904411764707,
      "n_curves": 8
    },
    "12": {
      "mean_deriv_peak_s": 0.48958333333333337,
      "std_deriv_peak_s": 0.407902621481048,
      "mean_max_deriv": 1.2967632352941176,
      "n_curves": 40
    },
    "24": {
      "mean_deriv_peak_s": 0.4416666666666666,
      "std_deriv_peak_s": 0.4616170250085863,
      "mean_max_deriv": 2.158808823529411,
      "n_curves": 40
    }
  },
  "collapse": {
    "best_s_c": 0.675,
    "best_nu": 3.0,
    "best_collapse_mse": 0.08760509505053529
  },
  "evidence_for": 0,
  "evidence_against": 3
}