{
  "experiment": "cti_encoder_loao",
  "preregistration": "H_encoder: CV_alpha_encoder < 0.20",
  "alpha_decoder_reference": 1.477,
  "per_model_results": {
    "bert-base-uncased": {
      "clinc": {
        "kappa_nearest": 0.35069145904763005,
        "acc_1nn": 0.505,
        "q_norm": 0.5017,
        "logit_q": 0.006800026202848549,
        "K": 151
      },
      "dbpedia_classes": {
        "kappa_nearest": 0.4003035709141593,
        "acc_1nn": 0.917,
        "q_norm": 0.9106153846153846,
        "logit_q": 2.3211720378388137,
        "K": 14
      },
      "agnews": {
        "kappa_nearest": 0.34818587252058564,
        "acc_1nn": 0.763,
        "q_norm": 0.684,
        "logit_q": 0.7722157040356386,
        "K": 4
      },
      "trec": {
        "kappa_nearest": 0.278113959957827,
        "acc_1nn": 0.7095,
        "q_norm": 0.6514000000000001,
        "logit_q": 0.625198759756213,
        "K": 6
      }
    },
    "electra-small": {
      "clinc": {
        "kappa_nearest": 0.3591222079836093,
        "acc_1nn": 0.253,
        "q_norm": 0.24802000000000002,
        "logit_q": -1.1092003397768595,
        "K": 151
      },
      "dbpedia_classes": {
        "kappa_nearest": 0.22300563404519122,
        "acc_1nn": 0.5025000000000001,
        "q_norm": 0.46423076923076934,
        "logit_q": -0.14332175268227376,
        "K": 14
      },
      "agnews": {
        "kappa_nearest": 0.248310627099016,
        "acc_1nn": 0.4575,
        "q_norm": 0.27666666666666667,
        "logit_q": -0.9610567457438618,
        "K": 4
      },
      "trec": {
        "kappa_nearest": 0.1719399640852478,
        "acc_1nn": 0.53,
        "q_norm": 0.43600000000000005,
        "logit_q": -0.2574120081490244,
        "K": 6
      }
    },
    "deberta-v3-small": {
      "clinc": {
        "kappa_nearest": 0.37092966783742,
        "acc_1nn": 0.40549999999999997,
        "q_norm": 0.40153666666666665,
        "logit_q": -0.3990664054315765,
        "K": 151
      },
      "dbpedia_classes": {
        "kappa_nearest": 0.2476403687827331,
        "acc_1nn": 0.524,
        "q_norm": 0.4873846153846154,
        "logit_q": -0.05047225035241671,
        "K": 14
      },
      "agnews": {
        "kappa_nearest": 0.21788049486382616,
        "acc_1nn": 0.5609999999999999,
        "q_norm": 0.4146666666666666,
        "logit_q": -0.34470650089593763,
        "K": 4
      },
      "trec": {
        "kappa_nearest": 0.2892872283630252,
        "acc_1nn": 0.591,
        "q_norm": 0.5092,
        "logit_q": 0.036804153846495026,
        "K": 6
      }
    },
    "bge-small-en": {
      "clinc": {
        "kappa_nearest": 0.4686240649783652,
        "acc_1nn": 0.8755,
        "q_norm": 0.87467,
        "logit_q": 1.9428964137407867,
        "K": 151
      },
      "dbpedia_classes": {
        "kappa_nearest": 0.2918033826274353,
        "acc_1nn": 0.8475000000000001,
        "q_norm": 0.8357692307692309,
        "logit_q": 1.6270799670278062,
        "K": 14
      },
      "agnews": {
        "kappa_nearest": 0.3346730353182325,
        "acc_1nn": 0.844,
        "q_norm": 0.7919999999999999,
        "logit_q": 1.3370233121131074,
        "K": 4
      },
      "trec": {
        "kappa_nearest": 0.25131352377355654,
        "acc_1nn": 0.6515000000000001,
        "q_norm": 0.5818000000000001,
        "logit_q": 0.33016695906656846,
        "K": 6
      }
    },
    "roberta-base": {
      "clinc": {
        "kappa_nearest": 0.5256273871916048,
        "acc_1nn": 0.5955,
        "q_norm": 0.5928033333333333,
        "logit_q": 0.37556641778079186,
        "K": 151
      },
      "dbpedia_classes": {
        "kappa_nearest": 0.5337411759622371,
        "acc_1nn": 0.8815,
        "q_norm": 0.8723846153846153,
        "logit_q": 1.9222094666248855,
        "K": 14
      },
      "agnews": {
        "kappa_nearest": 0.358872987951824,
        "acc_1nn": 0.8254999999999999,
        "q_norm": 0.7673333333333332,
        "logit_q": 1.1933144865194547,
        "K": 4
      },
      "trec": {
        "kappa_nearest": 0.2749149566912081,
        "acc_1nn": 0.647,
        "q_norm": 0.5764,
        "logit_q": 0.30801225039811575,
        "K": 6
      }
    }
  },
  "loao_alphas": {
    "bert-base-uncased": {
      "alpha": 16.92309178839735,
      "r2": 0.6320769365916096
    },
    "electra-small": {
      "alpha": 4.163190778703989,
      "r2": 0.16798967942994675
    },
    "deberta-v3-small": {
      "alpha": 10.599763774519728,
      "r2": 0.7842954569482941
    },
    "bge-small-en": {
      "alpha": 13.343700336747473,
      "r2": 0.7712448920461045
    },
    "roberta-base": {
      "alpha": 7.605592270984686,
      "r2": 0.9879715519318266
    }
  },
  "summary": {
    "alpha_mean": 10.527067789870646,
    "alpha_std": 4.424517519927906,
    "cv": 0.4202991382068675,
    "alpha_mean_encoder": 10.527067789870646,
    "ratio_encoder_decoder": 7.127330934238758,
    "PASS_H_encoder": false
  },
  "status": "complete"
}