{
  "experiment": "oneshot_calibration_ood",
  "design": "LOO-CV calibration study. Fixed slope from 12-arch LOAO. n_probe points per arch used to estimate C_d. 3 new architectures x 2 datasets x 4 layers = 24 pts.",
  "fixed_params": {
    "alpha": 1.477,
    "beta": -0.309
  },
  "baseline_C_d": {
    "banking77": 0.0167,
    "amazon_massive": 0.2608
  },
  "models": [
    "SmolLM2-1.7B",
    "phi-2",
    "gemma-3-1b"
  ],
  "baseline": {
    "r": 0.5962411483118226,
    "mae": 0.8056135350537684,
    "bias": 0.8056135350537684,
    "n": 24
  },
  "n_shot_results": {
    "1": {
      "r": 0.3916461103192716,
      "mae": 0.5930607176928699,
      "bias": 0.5396363057450104,
      "n": 168
    },
    "2": {
      "r": 0.5355418668445269,
      "mae": 0.35589788251191007,
      "bias": 0.26981815287250527,
      "n": 504
    },
    "3": {
      "r": 0.6858288003226493,
      "mae": 0.2216903260458767,
      "bias": 0.12176288980110568,
      "n": 750
    },
    "4": {
      "r": 0.9319640712272403,
      "mae": 0.11132275668993458,
      "bias": -0.0005329989449975655,
      "n": 600
    },
    "5": {
      "r": 0.9375330789324937,
      "mae": 0.1060251041561575,
      "bias": 0.001371666475370522,
      "n": 450
    },
    "6": {
      "r": 0.942845837458586,
      "mae": 0.1016416919837761,
      "bias": -5.9476233462061954e-18,
      "n": 168
    },
    "7": {
      "r": 0.9456082266716874,
      "mae": 0.09992526399974933,
      "bias": 3.469446951953614e-18,
      "n": 24
    }
  },
  "full_loo": {
    "r": 0.9456082266716873,
    "mae": 0.09992526399974933,
    "bias": 3.469446951953614e-18
  }
}