{
  "experiment": "nongaussian_correction",
  "n_points": 261,
  "n_datasets": 5,
  "dataset_stats": {
    "agnews": {
      "kappa": 0.295099001697725,
      "eta": 929.8131852801546,
      "interclass_cv": 0.28147423896530316,
      "nearest_class_ratio": 0.46567822819754395,
      "kurtosis_excess": 0.24547431900555883,
      "effective_dim": 97.23959947642808,
      "class_overlap": 0.4855,
      "K": 18,
      "n": 2000,
      "d": 896
    },
    "arxiv": {
      "kappa": 0.9620418151717919,
      "eta": 945.4254330315023,
      "interclass_cv": 0.23078426829933277,
      "nearest_class_ratio": 0.46483844045620415,
      "kurtosis_excess": 0.5133112801146561,
      "effective_dim": 57.925367522297066,
      "class_overlap": 0.6025,
      "K": 115,
      "n": 2000,
      "d": 896
    },
    "clinc": {
      "kappa": 0.6963212474344828,
      "eta": 12.541350051944368,
      "interclass_cv": 0.19105829933557916,
      "nearest_class_ratio": 0.602896741716384,
      "kurtosis_excess": 1.4369232035100121,
      "effective_dim": 123.45758034057677,
      "class_overlap": 0.3195,
      "K": 150,
      "n": 2000,
      "d": 896
    },
    "dbpedia_classes": {
      "kappa": 0.7333673509066632,
      "eta": 970.4796169283492,
      "interclass_cv": 0.19495833490363298,
      "nearest_class_ratio": 0.5584199907701897,
      "kurtosis_excess": 0.5905719496194506,
      "effective_dim": 97.08086448645969,
      "class_overlap": 0.188,
      "K": 68,
      "n": 2000,
      "d": 896
    },
    "yahoo": {
      "kappa": 0.1101867402297351,
      "eta": 767.5792394629505,
      "interclass_cv": 0.24517590642401355,
      "nearest_class_ratio": 0.7027690435681014,
      "kurtosis_excess": 0.40586186049339895,
      "effective_dim": 139.3609335913569,
      "class_overlap": 0.547,
      "K": 10,
      "n": 2000,
      "d": 896
    }
  },
  "offsets": {
    "agnews": 0.0026024513245068584,
    "arxiv": -0.10698556982995049,
    "clinc": -0.034817491077226925,
    "dbpedia_classes": 0.06364845480037037,
    "yahoo": 0.05196652335566286
  },
  "correlations": {
    "eta": {
      "rho": 0.3,
      "r": 0.1735912143278315,
      "p_spearman": 0.6238376647810728,
      "p_pearson": 0.7800919224715497
    },
    "interclass_cv": {
      "rho": 0.09999999999999999,
      "r": -0.006405128620916578,
      "p_spearman": 0.8728885715695383,
      "p_pearson": 0.991844792713603
    },
    "nearest_class_ratio": {
      "rho": 0.49999999999999994,
      "r": 0.5650251486218478,
      "p_spearman": 0.39100221895577053,
      "p_pearson": 0.32094881076730525
    },
    "kurtosis_excess": {
      "rho": -0.09999999999999999,
      "r": -0.23669689768328753,
      "p_spearman": 0.8728885715695383,
      "p_pearson": 0.7014663660906707
    },
    "effective_dim": {
      "rho": 0.3,
      "r": 0.6513058150141556,
      "p_spearman": 0.6238376647810728,
      "p_pearson": 0.2338122657857973
    },
    "class_overlap": {
      "rho": -0.6,
      "r": -0.5006129579474173,
      "p_spearman": 0.28475697986529375,
      "p_pearson": 0.3903264742707795
    }
  },
  "corrections": {
    "kappa*ncr/sqrt(K)": {
      "r2": 0.8498337657348298,
      "mae": 0.05485344168985522
    },
    "kappa/(sqrt(K)*icv)": {
      "r2": 0.8156153157160975,
      "mae": 0.06206102618561658
    },
    "kappa*(1-overlap)/sqrt(K)": {
      "r2": 0.8798191688387391,
      "mae": 0.0473805321628388
    },
    "kappa*eta/sqrt(K)": {
      "r2": 0.4808417658964751,
      "mae": 0.09452982562957489
    },
    "kappa/(sqrt(K)*(1+|kurt|))": {
      "r2": 0.7771017045776424,
      "mae": 0.060945422338714215
    }
  },
  "baseline": {
    "r2": 0.8119225875555087,
    "mae": 0.060485039724933326
  },
  "scorecard": {
    "passes": 2,
    "total": 4,
    "details": [
      {
        "criterion": "Some correction beats baseline R^2",
        "passed": true,
        "value": "best=0.8798 vs base=0.8119"
      },
      {
        "criterion": "Best correction R^2 > 0.90 (universal collapse)",
        "passed": false,
        "value": "R^2=0.8798"
      },
      {
        "criterion": "Best correction MAE < 0.05",
        "passed": true,
        "value": "MAE=0.0474"
      },
      {
        "criterion": "At least one offset-stat has |rho| > 0.8",
        "passed": false,
        "value": "max |rho|=0.6000"
      }
    ]
  }
}