{
  "experiment": "spread_vs_K_factorial",
  "session": 43,
  "preregistered": {
    "H_spread": "beta_spread > 0 AND partial_r(spread|logK) > 0",
    "H_K_null": "|beta_spread| > |beta_logK| (spread dominates K)",
    "H_spread_r": "|r(spread,rho)| > |r(logK,rho)|"
  },
  "results": {
    "r_spread": 0.5129743490834118,
    "r_logK": 0.7186444196326676,
    "p_spread": 0.29803119959208,
    "p_logK": 0.10760525461783786,
    "spearman_spread": 0.8857142857142858,
    "spearman_logK": 0.6,
    "partial_r_spread": 0.6302278761856837,
    "partial_r_logK": 0.7774408284738639,
    "p_partial_spread": 0.17981740088607817,
    "p_partial_logK": 0.06878691172389917,
    "beta_spread": 0.4394921347704465,
    "beta_logK": 0.07547885585795872,
    "beta_const": 0.5386528086411679
  },
  "hypotheses": {
    "H_spread_pass": true,
    "H_K_null_pass": true,
    "H_spread_r_pass": false
  },
  "per_dataset": [
    {
      "dataset": "emotion",
      "K": 6,
      "log_K": 1.791759469228055,
      "rho": 0.613,
      "pass_H1": false,
      "spread": 0.028038363748027616,
      "mean_kappa": 0.11186867238332827,
      "cv": 0.25063642171377154,
      "per_model": [
        0.11518394388258457,
        0.08863023668527603,
        0.07865401264280081,
        0.09198618773370981,
        0.14920755475759506,
        0.1475500985980034
      ],
      "n_models": 6
    },
    {
      "dataset": "yahoo",
      "K": 10,
      "log_K": 2.302585092994046,
      "rho": 0.835,
      "pass_H1": false,
      "spread": 0.04302631289134212,
      "mean_kappa": 0.17292247510825595,
      "cv": 0.2488185116735464,
      "per_model": [
        0.18234452232718468,
        0.15103577636182308,
        0.11807138565927744,
        0.1404566466808319,
        0.19543693587183952,
        0.250189583748579
      ],
      "n_models": 6
    },
    {
      "dataset": "langid",
      "K": 20,
      "log_K": 2.995732273553991,
      "rho": 0.906,
      "pass_H1": true,
      "spread": 0.33556911379351806,
      "mean_kappa": 0.9446378871798515,
      "cv": 0.3552357134386548,
      "per_model": [
        0.8294287770986557,
        0.6823800504207611,
        0.7035080417990685,
        0.7100284323096275,
        1.1299716383218765,
        1.6125103831291199
      ],
      "n_models": 6
    },
    {
      "dataset": "news_category",
      "K": 42,
      "log_K": 3.7376696182833684,
      "rho": 0.802,
      "pass_H1": false,
      "spread": 0.05110657608959246,
      "mean_kappa": 0.2122983324031035,
      "cv": 0.24072999307669246,
      "per_model": [
        0.24099773541092873,
        0.1877193432301283,
        0.1345793977379799,
        0.19565372169017792,
        0.2135204505175352,
        0.30131934583187103
      ],
      "n_models": 6
    },
    {
      "dataset": "amazon_massive",
      "K": 59,
      "log_K": 4.07753744390572,
      "rho": 0.922,
      "pass_H1": true,
      "spread": 0.09756551873670015,
      "mean_kappa": 0.2722428690176457,
      "cv": 0.3583767651610237,
      "per_model": [
        0.2994429413229227,
        0.2043185057118535,
        0.1605459968559444,
        0.21821303851902485,
        0.28870950639247894,
        0.4622272253036499
      ],
      "n_models": 6
    },
    {
      "dataset": "banking77",
      "K": 77,
      "log_K": 4.343805421853684,
      "rho": 0.89,
      "pass_H1": true,
      "spread": 0.089037636686492,
      "mean_kappa": 0.2800049399957061,
      "cv": 0.3179859494188117,
      "per_model": [
        0.28840409591794014,
        0.24991746991872787,
        0.17493030615150928,
        0.23772226087749004,
        0.2658523079007864,
        0.46320319920778275
      ],
      "n_models": 6
    }
  ]
}