{
  "experiment": "k20_cross_arch_abcs",
  "timestamp": "2026-02-23T00:59:35.036912",
  "results": [
    {
      "arch": "deberta-base",
      "d": 768,
      "K": 20,
      "baseline": {
        "acc": 0.2025,
        "q": 0.1605263157894737,
        "logit": -1.654317238611533,
        "kappa": 0.06925118085464306,
        "d_eff": 15.537153756459364,
        "kappa_eff": 0.2729687399850341
      },
      "slopes_by_m": {
        "1": {
          "slope": 0.0030184425478734208,
          "pearson_r": 0.003857001522983766
        },
        "2": {
          "slope": -0.2010043570142087,
          "pearson_r": -0.23697966452464586
        },
        "3": {
          "slope": 0.22116950142937908,
          "pearson_r": 0.4123649477042528
        },
        "4": {
          "slope": 0.22116950142937908,
          "pearson_r": 0.4123649477042528
        },
        "5": {
          "slope": 0.22116950142937908,
          "pearson_r": 0.4123649477042528
        },
        "6": {
          "slope": 0.4251943465115996,
          "pearson_r": 0.7370911773220209
        },
        "7": {
          "slope": 0.4251943465115996,
          "pearson_r": 0.7370911773220209
        },
        "8": {
          "slope": 0.9905356290131183,
          "pearson_r": 0.9454951367017232
        },
        "10": {
          "slope": 1.1178445498064637,
          "pearson_r": 0.9752970304593729
        },
        "12": {
          "slope": 1.7666470736287234,
          "pearson_r": 0.988790032788603
        },
        "15": {
          "slope": 1.8912344041499205,
          "pearson_r": 0.9877263634761564
        },
        "19": {
          "slope": 1.9527593832983334,
          "pearson_r": 0.9978357491936518
        }
      },
      "analysis": {
        "r_scale": 0.8839631708101758,
        "k_eff_estimated": 12,
        "k_eff_from_single": 331.2966707200909,
        "pass_A1": false
      }
    },
    {
      "arch": "qwen3-0.6b",
      "d": 1024,
      "K": 20,
      "baseline": {
        "acc": 0.2475,
        "q": 0.20789473684210527,
        "logit": -1.3376624122818543,
        "kappa": 0.11317831010857057,
        "d_eff": 22.921562461881287,
        "kappa_eff": 0.5418577810801178
      },
      "slopes_by_m": {
        "1": {
          "slope": 0.1002112569175956,
          "pearson_r": 0.924204570328903
        },
        "2": {
          "slope": 0.19399261203089546,
          "pearson_r": 0.9588823102623281
        },
        "3": {
          "slope": 0.3134697994387013,
          "pearson_r": 0.9392775322430299
        },
        "4": {
          "slope": 0.3134697994387013,
          "pearson_r": 0.9392775322430299
        },
        "5": {
          "slope": 0.22247592834209334,
          "pearson_r": 0.8234878006182313
        },
        "6": {
          "slope": 0.22247592834209334,
          "pearson_r": 0.8234878006182313
        },
        "7": {
          "slope": 0.11965497935443863,
          "pearson_r": 0.29755343815605084
        },
        "8": {
          "slope": 0.11965497935443863,
          "pearson_r": 0.29755343815605084
        },
        "10": {
          "slope": 0.36553917269488556,
          "pearson_r": 0.8492412155915664
        },
        "12": {
          "slope": 0.6570962249407972,
          "pearson_r": 0.9497854777298187
        },
        "15": {
          "slope": 0.5951109318720056,
          "pearson_r": 0.9531848258722085
        },
        "19": {
          "slope": 0.8017699042562078,
          "pearson_r": 0.9513431534473955
        }
      },
      "analysis": {
        "r_scale": -0.20756979774957998,
        "k_eff_estimated": 19,
        "k_eff_from_single": 9.978918833683675,
        "pass_A1": false
      }
    }
  ],
  "verdict": "K_eff scales with K (K=20 -> K_eff>=12). H_KSCALE supported."
}