{
  "experiment": "cti_allen_equicorrelation",
  "session_69_lm_result": {
    "mean_rho": 0.452,
    "cv_rho": 0.039,
    "mean_d_eff_comp": 1.829
  },
  "simplex_prediction": {
    "rho": 0.5,
    "d_eff_comp": 2.0
  },
  "sessions": {
    "sub-699733573_ses-715093703": {
      "rho": 0.45094103335948704,
      "rho_std_per_class": 0.17336578805912992,
      "d_eff_comp": 1.8212980039623556,
      "K": 118,
      "n_units": 2110,
      "elapsed_s": 54.84431719779968
    },
    "sub-718643564_ses-737581020": {
      "rho": 0.471401334268534,
      "rho_std_per_class": 0.1395610286787532,
      "d_eff_comp": 1.8917944081758447,
      "K": 118,
      "n_units": 1463,
      "elapsed_s": 59.38152527809143
    },
    "sub-726170927_ses-746083955": {
      "rho": 0.4711716799346389,
      "rho_std_per_class": 0.1318603753466761,
      "d_eff_comp": 1.8909728584059262,
      "K": 118,
      "n_units": 1553,
      "elapsed_s": 50.88390064239502
    },
    "sub-734865729_ses-756029989": {
      "rho": 0.4675778194245526,
      "rho_std_per_class": 0.14423489625587396,
      "d_eff_comp": 1.8782087532852023,
      "K": 118,
      "n_units": 1663,
      "elapsed_s": 47.42296552658081
    },
    "sub-738651046_ses-760693773": {
      "rho": 0.4689713280637386,
      "rho_std_per_class": 0.14979571817317378,
      "d_eff_comp": 1.8831374892691832,
      "K": 118,
      "n_units": 1790,
      "elapsed_s": 53.967504262924194
    }
  },
  "summary": {
    "mean_rho": 0.4660126390101902,
    "std_rho": 0.007668254917291562,
    "cv_rho": 0.01645503635601486,
    "mean_d_eff_comp": 1.8730823026197025,
    "cv_d_eff_comp": 0.01408311796765397,
    "assessment": "NEAR-SIMPLEX: biological visual cortex shows near-NC geometry similar to LMs"
  }
}