{
  "gate": "Gate 1: Same-Architecture Scaling Collapse",
  "family": "Pythia",
  "depths": [
    6,
    12,
    16,
    24
  ],
  "n_curves": 32,
  "non_monotonicity_scaling": {
    "L_values": [
      6,
      12,
      16,
      24
    ],
    "non_monotonicity": [
      0.1857142857142855,
      0.2358582973690111,
      0.1917298466452182,
      0.29541984102585295
    ],
    "mean_rho": {
      "6": 0.8142857142857145,
      "12": 0.7641417026309889,
      "16": 0.8082701533547818,
      "24": 0.704580158974147
    },
    "power_law_exponent": 0.27180823873834564,
    "r_squared": 0.5455669947120683,
    "p_value": 0.2613749295399808,
    "se": 0.17541167975944255,
    "interpretation": "Non-monotonicity ~ L^0.27 (R2=0.546, p=0.2614)"
  },
  "derivative_peak_convergence": {
    "per_L": {
      "6": {
        "mean_peak_s": 0.4583333333333333,
        "std_peak_s": 0.4695594862326936,
        "mean_max_deriv": 0.5778639705882355,
        "n_curves": 8
      },
      "12": {
        "mean_peak_s": 0.07291666666666667,
        "std_peak_s": 0.1637107671406428,
        "mean_max_deriv": 1.2272205882352942,
        "n_curves": 8
      },
      "16": {
        "mean_peak_s": 0.25,
        "std_peak_s": 0.4157542092390647,
        "mean_max_deriv": 2.1862352941176475,
        "n_curves": 8
      },
      "24": {
        "mean_peak_s": 0.2552083333333333,
        "std_peak_s": 0.4302158998527497,
        "mean_max_deriv": 1.399764705882353,
        "n_curves": 8
      }
    },
    "peak_range": 0.38541666666666663,
    "mean_s_c": 0.2591145833333333,
    "rho_vs_L": -0.19999999999999998,
    "p_vs_L": 0.8,
    "converging": false,
    "interpretation": "Peak range=0.385, rho(L,peak)=-0.200 (p=0.800). DIVERGING: depth-dependent s_c"
  },
  "susceptibility_divergence": {
    "L_values": [
      6,
      12,
      16,
      24
    ],
    "chi_max": [
      0.5778639705882355,
      1.2272205882352942,
      2.1862352941176475,
      1.399764705882353
    ],
    "gamma_over_nu": 0.7649595118009037,
    "r_squared": 0.6524302269098432,
    "p_value": 0.1922684685430169,
    "interpretation": "chi_max ~ L^0.76 (R2=0.652, p=0.1923)"
  },
  "scaling_collapse": {
    "best_s_c": 0.5282214156079854,
    "best_nu": 5.5,
    "best_collapse_mse": 0.032690978830837165,
    "baseline_mse": 0.028267687282649234,
    "improvement_pct": -15.647872087869592
  },
  "bootstrap_significance": {
    "observed_improvement": -0.004423291548187932,
    "null_mean": -0.004545727572545324,
    "null_std": 0.002877159302082395,
    "p_value": 0.5,
    "significant_005": false,
    "significant_001": false
  },
  "per_dataset_collapse": {
    "20newsgroups": {
      "best_s_c": 0.644736842105263,
      "best_nu": 5.0,
      "best_mse": 0.02135601532408722,
      "baseline_mse": 0.01759661881297377,
      "improvement_pct": -21.36431180938974,
      "n_depths": 4,
      "collapse_improves": 0.0
    },
    "arxiv": {
      "best_s_c": 0.7473684210526315,
      "best_nu": 3.268421052631579,
      "best_mse": 0.024306913968328982,
      "baseline_mse": 0.02723865555254575,
      "improvement_pct": 10.763165526144201,
      "n_depths": 4,
      "collapse_improves": 1.0
    },
    "clinc": {
      "best_s_c": 0.23421052631578948,
      "best_nu": 5.0,
      "best_mse": 0.009163742256643358,
      "baseline_mse": 0.006483779474417563,
      "improvement_pct": -41.33334257896759,
      "n_depths": 4,
      "collapse_improves": 0.0
    },
    "dbpedia_classes": {
      "best_s_c": 0.2,
      "best_nu": 5.0,
      "best_mse": 0.016301156718017865,
      "baseline_mse": 0.014521432319675264,
      "improvement_pct": -12.255846111896481,
      "n_depths": 4,
      "collapse_improves": 0.0
    },
    "goemotions": {
      "best_s_c": 0.2,
      "best_nu": 5.0,
      "best_mse": 0.05266336620948966,
      "baseline_mse": 0.04908176498407473,
      "improvement_pct": -7.297213591599706,
      "n_depths": 4,
      "collapse_improves": 0.0
    },
    "trec": {
      "best_s_c": 0.7815789473684209,
      "best_nu": 5.0,
      "best_mse": 0.03537960486514677,
      "baseline_mse": 0.03876807463006513,
      "improvement_pct": 8.740361230863298,
      "n_depths": 4,
      "collapse_improves": 0.0
    },
    "wos": {
      "best_s_c": 0.4052631578947368,
      "best_nu": 4.752631578947368,
      "best_mse": 0.05219679197912679,
      "baseline_mse": 0.05030259487162878,
      "improvement_pct": -3.765605158803366,
      "n_depths": 4,
      "collapse_improves": 0.0
    },
    "yahoo": {
      "best_s_c": 0.2,
      "best_nu": 5.0,
      "best_mse": 0.030817626971581292,
      "baseline_mse": 0.022148577615812865,
      "improvement_pct": -39.14043378378936,
      "n_depths": 4,
      "collapse_improves": 0.0
    }
  },
  "evidence_for": 0,
  "evidence_against": 6,
  "gate1_pass": false,
  "verdict": "FAIL"
}