{
  "experiment": "kernel_showdown",
  "session": 40,
  "n_arch": 5,
  "architectures": [
    "pythia-160m",
    "pythia-410m",
    "electra-small",
    "bert-base",
    "rwkv-4-169m"
  ],
  "null_mean": 0.2174848207832489,
  "null_p90": 0.22340395827343917,
  "kernels": {
    "kappa_nearest": {
      "pooled_dr2": 0.0,
      "ci_95": [
        0.0,
        0.0
      ],
      "n_pos": 0,
      "null_pct": 0.0,
      "per_arch": {
        "pythia-160m": {
          "r2": 0.18156941643844304,
          "delta_r2": 0.0
        },
        "pythia-410m": {
          "r2": 0.26221633792185306,
          "delta_r2": 0.0
        },
        "electra-small": {
          "r2": 0.38901197981853697,
          "delta_r2": 0.0
        },
        "bert-base": {
          "r2": 0.29589743514078415,
          "delta_r2": 0.0
        },
        "rwkv-4-169m": {
          "r2": 0.23126709309463023,
          "delta_r2": 0.0
        }
      }
    },
    "phi_exp": {
      "pooled_dr2": 0.1956991884350294,
      "ci_95": [
        0.039202959128135595,
        0.21262699396723928
      ],
      "n_pos": 5,
      "null_pct": 0.0,
      "per_arch": {
        "pythia-160m": {
          "r2": 0.28139064909847544,
          "delta_r2": 0.0998212326600324
        },
        "pythia-410m": {
          "r2": 0.48651484451611915,
          "delta_r2": 0.2242985065942661
        },
        "electra-small": {
          "r2": 0.5540276380346074,
          "delta_r2": 0.16501565821607045
        },
        "bert-base": {
          "r2": 0.5873965925330517,
          "delta_r2": 0.2914991573922675
        },
        "rwkv-4-169m": {
          "r2": 0.4291284804071408,
          "delta_r2": 0.19786138731251057
        }
      }
    },
    "kappa_mean": {
      "pooled_dr2": 0.1608808280103809,
      "ci_95": [
        -0.0026883677192658323,
        0.19927022744870435
      ],
      "n_pos": 5,
      "null_pct": 0.0,
      "per_arch": {
        "pythia-160m": {
          "r2": 0.29493266649342376,
          "delta_r2": 0.11336325005498071
        },
        "pythia-410m": {
          "r2": 0.4367924629894603,
          "delta_r2": 0.17457612506760722
        },
        "electra-small": {
          "r2": 0.4377957426727629,
          "delta_r2": 0.04878376285422592
        },
        "bert-base": {
          "r2": 0.5467514362872201,
          "delta_r2": 0.25085400114643597
        },
        "rwkv-4-169m": {
          "r2": 0.4480940940232848,
          "delta_r2": 0.2168270009286546
        }
      }
    },
    "top2": {
      "pooled_dr2": 0.15579708292392977,
      "ci_95": [
        0.02304232976256665,
        0.16960380618463683
      ],
      "n_pos": 5,
      "null_pct": 0.0,
      "per_arch": {
        "pythia-160m": {
          "r2": 0.26912266794390416,
          "delta_r2": 0.08755325150546112
        },
        "pythia-410m": {
          "r2": 0.3746936784738031,
          "delta_r2": 0.11247734055195002
        },
        "electra-small": {
          "r2": 0.5423865626623277,
          "delta_r2": 0.15337458284379069
        },
        "bert-base": {
          "r2": 0.5452794286505609,
          "delta_r2": 0.24938199350977674
        },
        "rwkv-4-169m": {
          "r2": 0.40746533930330053,
          "delta_r2": 0.1761982462086703
        }
      }
    },
    "power_law": {
      "pooled_dr2": 0.20464748583257436,
      "ci_95": [
        0.03464581966996997,
        0.211347457751216
      ],
      "n_pos": 5,
      "null_pct": 0.6,
      "per_arch": {
        "pythia-160m": {
          "r2": 0.28309899117872506,
          "delta_r2": 0.10152957474028201
        },
        "pythia-410m": {
          "r2": 0.4642274027691975,
          "delta_r2": 0.20201106484734443
        },
        "electra-small": {
          "r2": 0.5637249398667178,
          "delta_r2": 0.17471296004818082
        },
        "bert-base": {
          "r2": 0.5791654508143989,
          "delta_r2": 0.2832680156736147
        },
        "rwkv-4-169m": {
          "r2": 0.4929829069480802,
          "delta_r2": 0.26171581385345
        }
      }
    },
    "top_k": {
      "pooled_dr2": 0.230964444923625,
      "ci_95": [
        0.04453385418822346,
        0.25967980643624355
      ],
      "n_pos": 5,
      "null_pct": 100.0,
      "per_arch": {
        "pythia-160m": {
          "r2": 0.31461201978110476,
          "delta_r2": 0.1330426033426617
        },
        "pythia-410m": {
          "r2": 0.4687072838984033,
          "delta_r2": 0.20649094597655027
        },
        "electra-small": {
          "r2": 0.49507043146276164,
          "delta_r2": 0.10605845164422467
        },
        "bert-base": {
          "r2": 0.6825413632263359,
          "delta_r2": 0.3866439280855517
        },
        "rwkv-4-169m": {
          "r2": 0.5538533886637669,
          "delta_r2": 0.32258629556913665
        }
      }
    },
    "stretched_exp": {
      "pooled_dr2": 0.20794929006080273,
      "ci_95": [
        0.03394732791703309,
        0.22773790355323706
      ],
      "n_pos": 5,
      "null_pct": 2.0,
      "per_arch": {
        "pythia-160m": {
          "r2": 0.3000317245391776,
          "delta_r2": 0.11846230810073455
        },
        "pythia-410m": {
          "r2": 0.4498394101174673,
          "delta_r2": 0.18762307219561425
        },
        "electra-small": {
          "r2": 0.514418954285137,
          "delta_r2": 0.12540697446659999
        },
        "bert-base": {
          "r2": 0.6081694299666959,
          "delta_r2": 0.3122719948259117
        },
        "rwkv-4-169m": {
          "r2": 0.5272491938097835,
          "delta_r2": 0.2959821007151533
        }
      }
    }
  }
}