{
  "unconstrained_gaussian": {
    "beta_mle": 0.695162448739349,
    "beta_ci_95": [
      -0.47519482051577233,
      2.0783119487681287
    ],
    "beta_excludes_zero": false,
    "alpha_mle": 0.12271340002180979
  },
  "lofo_baselines": {
    "Intercept-only": {
      "r2": 0.5133785203040183,
      "mae": 0.07641356359691623,
      "n_params": 4,
      "per_family": {
        "cerebras-gpt": 0.513661101987809,
        "gpt2": 0.6156866440671747,
        "olmo2": 0.44197640656121595,
        "opt": 0.5019588869401007,
        "pythia": 0.49360956196379113
      }
    },
    "Linear-in-depth": {
      "r2": 0.7669263000178642,
      "mae": 0.05102526331467291,
      "n_params": 5,
      "per_family": {
        "cerebras-gpt": 0.7603020536075549,
        "gpt2": 0.8414278433087294,
        "olmo2": 0.7046291085351721,
        "opt": 0.7836425784812003,
        "pythia": 0.7446299161566643
      }
    },
    "Quadratic-in-depth": {
      "r2": 0.7705390687379408,
      "mae": 0.05141161933356021,
      "n_params": 6,
      "per_family": {
        "cerebras-gpt": 0.7501659031281843,
        "gpt2": 0.8513146029734303,
        "olmo2": 0.7163380737333335,
        "opt": 0.7766120217734097,
        "pythia": 0.7582647420813458
      }
    },
    "Quad+Compute": {
      "r2": 0.7691402781921951,
      "mae": 0.05116919237423575,
      "n_params": 7,
      "per_family": {
        "cerebras-gpt": 0.7250983034423517,
        "gpt2": 0.8515168606315852,
        "olmo2": 0.7570723902848515,
        "opt": 0.7421980769554863,
        "pythia": 0.7698157596467005
      }
    },
    "Gaussian (ours)": {
      "r2": 0.7795228732415287,
      "mae": 0.050456961442918835,
      "n_params": 8,
      "per_family": {
        "cerebras-gpt": 0.7302384335962442,
        "gpt2": 0.8514804996802864,
        "olmo2": 0.7785048218481573,
        "opt": 0.756860441300159,
        "pythia": 0.7805301697827964
      }
    }
  }
}