{
  "status": "running",
  "test1_across_time": {
    "r2": -2393.279565112858,
    "empirical_slope": 0.05488948352027866,
    "A_renorm_preregistered": 1.0535,
    "n_pairs": 12,
    "PASS_r2": false,
    "PASS_invariance": false,
    "max_arm_mean_residual_diff": 0.2585611791438085,
    "per_arm": {
      "ce": {
        "mean_residual": -5.7001275809691165,
        "std_residual": 2.034888193419832,
        "mean_delta_logit": 0.3113707539755656,
        "mean_delta_kappa_eff": 5.706215790170557
      },
      "nc": {
        "mean_residual": -5.441566401825308,
        "std_residual": 1.9773531853515764,
        "mean_delta_logit": 0.3333132956581391,
        "mean_delta_kappa_eff": 5.4816133815694785
      }
    }
  },
  "test2_cross_arm": {
    "r2_kappa_eff": -20.452039691981152,
    "r2_kappa_only": -0.1121409344657287,
    "empirical_slope_kappa_eff": -0.31605967033280913,
    "empirical_slope_kappa_only": -59.65434709718711,
    "A_renorm_preregistered": 1.0535,
    "n_pairs": 3,
    "PASS_cross_arm": false,
    "per_arm": {
      "nc": {
        "n_pairs": 3,
        "mean_delta_q": -0.004795321637426908,
        "mean_delta_kappa_eff": -0.10308429828811594,
        "mean_delta_kappa": -0.0067777916388207515,
        "mean_delta_d_eff": 0.5541154674032498,
        "mean_residual": 0.08918199608937057,
        "sign_q_correct": 1,
        "sign_both_correct": 0
      }
    }
  },
  "test3_dynamics": {
    "ce_s0": {
      "r_kappa_eff_logit": 0.988737655226766,
      "r_kappa_only_logit": 0.9847124043150766,
      "r_d_eff_logit": 0.9767539271192366,
      "direction_kappa_eff": "increasing",
      "delta_kappa_eff": 8.279279696476161,
      "delta_kappa": 0.3576973496161873,
      "delta_d_eff": 122.33446053025125,
      "delta_logit_q": 0.44882804131906795
    },
    "ce_s1": {
      "r_kappa_eff_logit": 0.9993444874629517,
      "r_kappa_only_logit": 0.9984936095666979,
      "r_d_eff_logit": 0.9924462454641838,
      "direction_kappa_eff": "increasing",
      "delta_kappa_eff": 8.391289155861797,
      "delta_kappa": 0.3503715100786165,
      "delta_d_eff": 136.22508539055028,
      "delta_logit_q": 0.5216107418033312
    },
    "ce_s2": {
      "r_kappa_eff_logit": 0.9868759210037346,
      "r_kappa_only_logit": 0.9906679698777602,
      "r_d_eff_logit": 0.9962364007518599,
      "direction_kappa_eff": "increasing",
      "delta_kappa_eff": 9.007402203429546,
      "delta_kappa": 0.3916337102267475,
      "delta_d_eff": 134.94099410268947,
      "delta_logit_q": 0.4307296097676458
    },
    "nc_s0": {
      "r_kappa_eff_logit": 0.996952505243372,
      "r_kappa_only_logit": 0.9997820632452896,
      "r_d_eff_logit": 0.9957028953220828,
      "direction_kappa_eff": "increasing",
      "delta_kappa_eff": 8.222420072354218,
      "delta_kappa": 0.3578077314925729,
      "delta_d_eff": 119.07375975608127,
      "delta_logit_q": 0.4999699434872087
    }
  },
  "snapshot_law": {
    "n_snapshots": 12,
    "empirical_slope_kappa_eff": 0.055983731106177465,
    "empirical_intercept": -0.4235741022004349,
    "r2_free_slope_kappa_eff": 0.9705739107308451,
    "empirical_slope_kappa_only": 1.302459314367277,
    "r2_free_slope_kappa_only": 0.9713394886905761,
    "A_renorm_preregistered": 1.0535,
    "C_optimal_intercept": -11.255561737690774,
    "r2_fixed_slope_kappa_eff": -307.1671780351866,
    "PASS_r2_kappa_eff": true,
    "PASS_r2_zp": false
  },
  "summary": {
    "test1_pass_r2": false,
    "test1_pass_invariance": false,
    "test2_pass": false,
    "snapshot_pass": true,
    "empirical_slope_snapshot": 0.055983731106177465,
    "empirical_slope_cross_arm": -0.31605967033280913
  }
}