{
  "lofo_summary": {
    "Linear": {
      "mean_r2": 0.7669285383251043,
      "mean_mae": 0.05102516643660828,
      "per_family": {
        "cerebras-gpt": {
          "r2": 0.7603079562934981,
          "mae": 0.04661431956748822
        },
        "gpt2": {
          "r2": 0.8414307672042315,
          "mae": 0.04055236352121905
        },
        "olmo2": {
          "r2": 0.7046291085351721,
          "mae": 0.060869133649035075
        },
        "opt": {
          "r2": 0.7836445211629566,
          "mae": 0.05654686564479912
        },
        "pythia": {
          "r2": 0.7446303384296635,
          "mae": 0.050543149800499926
        }
      }
    },
    "Gaussian": {
      "mean_r2": 0.7795234460443388,
      "mean_mae": 0.050456878132034845,
      "per_family": {
        "cerebras-gpt": {
          "r2": 0.7302328764871326,
          "mae": 0.04901365184868913
        },
        "gpt2": {
          "r2": 0.8514821978130437,
          "mae": 0.040955176349559835
        },
        "olmo2": {
          "r2": 0.7784982370590989,
          "mae": 0.05655861963710007
        },
        "opt": {
          "r2": 0.756854273361309,
          "mae": 0.05970170605811779
        },
        "pythia": {
          "r2": 0.7805496455011094,
          "mae": 0.04605523676670737
        }
      }
    },
    "GAM": {
      "mean_r2": 0.7293239855568486,
      "mean_mae": 0.05237000418217837,
      "per_family": {
        "cerebras-gpt": {
          "r2": 0.8091033410409967,
          "mae": 0.0403162184444232
        },
        "gpt2": {
          "r2": 0.877150788899528,
          "mae": 0.0354110559555523
        },
        "olmo2": {
          "r2": 0.3918857569878009,
          "mae": 0.08670672064919892
        },
        "opt": {
          "r2": 0.7992123748076045,
          "mae": 0.05192728661987945
        },
        "pythia": {
          "r2": 0.7692676660483132,
          "mae": 0.04748873924183796
        }
      }
    }
  },
  "held_out_profile_delta": {
    "n_profiles": 252,
    "gaussian_vs_linear": {
      "mean": 0.41196374202052927,
      "median": 0.047746243754208106,
      "sd": 2.4126501902660302,
      "n_positive": 147,
      "n_negative": 105,
      "paired_t_stat": 2.7052131938651343,
      "paired_t_pval": 0.00729359965915557,
      "wilcoxon_pval": 0.001347292885087234
    },
    "gaussian_vs_gam": {
      "mean": 0.04562877885574835,
      "median": -0.023563651069462455,
      "pct_gaussian_wins": 0.44841269841269843
    },
    "mae_delta": {
      "mean": -0.003412501458882757,
      "median": -0.002690200483908438
    }
  },
  "bootstrap_ci": {
    "n_boot": 10000,
    "profile_mean_r2_delta": {
      "mean": 0.4141442677457957,
      "ci95": [
        0.16287390009252284,
        0.7356409878369605
      ],
      "prob_positive": 1.0
    },
    "lofo_mean_r2_delta": {
      "mean": 0.29920219615791793,
      "ci95": [
        0.03523543609088535,
        0.6553663012561572
      ],
      "prob_positive": 0.9968
    },
    "mae_delta": {
      "mean": -0.003414213239776316,
      "ci95": [
        -0.005475862226947692,
        -0.0014398370492509185
      ]
    }
  },
  "per_family": {
    "cerebras-gpt": {
      "n": 12,
      "mean": -0.0034458790198102773,
      "median": -0.08393580358566954
    },
    "gpt2": {
      "n": 12,
      "mean": 0.0583520284243833,
      "median": 0.06899202741573673
    },
    "olmo2": {
      "n": 44,
      "mean": 1.3343711458410752,
      "median": 0.018675418067739313
    },
    "opt": {
      "n": 8,
      "mean": -0.16475001996391306,
      "median": -0.04090351931836367
    },
    "pythia": {
      "n": 176,
      "mean": 0.26000942578990044,
      "median": 0.054843227615233636
    }
  }
}