{
  "experiment": "training_dynamics_alpha_validation",
  "loao_alpha": 1.549,
  "results": {
    "CE+Triplet (kappa decreased)": {
      "per_run": {
        "mean_alpha": 5.681799854357428,
        "std_alpha": 46.07994343442157,
        "cv_alpha": 8.1100962046529,
        "mean_r": 0.39794686633874327,
        "deviation_from_loao": 2.6680438052662545
      },
      "pooled": {
        "alpha_pooled": -5.043924655191801,
        "r_pooled": -0.11231456323313624,
        "r2_pooled": 0.012614561129615565,
        "n_points": 35
      }
    }
  }
}