{
  "experiment": "CTI Cross-Family: Pythia -> OLMo-2-1B",
  "overall": {
    "mae": 0.058239985276444375,
    "r2": 0.7696161939491127,
    "n": 748
  },
  "per_dataset": {
    "agnews": {
      "mae": 0.05784019366283265,
      "r2": 0.4059483049617405,
      "n": 187
    },
    "clinc": {
      "mae": 0.06339927171167135,
      "r2": 0.5146288233752097,
      "n": 187
    },
    "dbpedia_classes": {
      "mae": 0.06444036923199221,
      "r2": 0.5227879264060633,
      "n": 187
    },
    "trec": {
      "mae": 0.047280106499281285,
      "r2": 0.622012200490688,
      "n": 187
    }
  },
  "shape_correlation": {
    "mean_rho": 0.8452641259064112,
    "median_rho": 0.9311688311688312,
    "frac_above_07": 0.8842975206611571,
    "n": 1936
  },
  "pythia_params_used": {
    "alpha": 0.10283967399581169,
    "beta": 0.7490853636544128,
    "mu_0": -0.5267828244488699,
    "mu_1": 0.06340522196065536,
    "b_d": {
      "agnews": -2.8646417199067757,
      "clinc": -3.138949935174419,
      "dbpedia_classes": -3.0359215506135446,
      "trec": -2.1152830249181642
    }
  }
}