{
  "pythia-160m": {
    "model": "Pythia-160M",
    "hf_id": "EleutherAI/pythia-160m",
    "params_M": 160,
    "vocab_size": 50304,
    "arch": "transformer",
    "tier": 1,
    "kappa_bar": 0.2727297842502594,
    "kappa_std": 0.06271139532327652,
    "kappa_cv": 0.22993966527226814,
    "effective_rank": 507.3955993652344,
    "mean_cossim": 0.8959921598434448,
    "condition_number": 196.56906127929688,
    "V": 50304,
    "d_model": 768,
    "kappa_random_mean": 1.3023576339085896,
    "kappa_random_std": 6.163326506337828e-05,
    "time_s": 8.18951153755188
  },
  "pythia-410m": {
    "model": "Pythia-410M",
    "hf_id": "EleutherAI/pythia-410m",
    "params_M": 410,
    "vocab_size": 50304,
    "arch": "transformer",
    "tier": 1,
    "kappa_bar": 0.8938711881637573,
    "kappa_std": 0.15473563969135284,
    "kappa_cv": 0.17310731313748812,
    "effective_rank": 979.8394775390625,
    "mean_cossim": 0.09055981040000916,
    "condition_number": 57.76642608642578,
    "V": 50304,
    "d_model": 1024,
    "kappa_random_mean": 1.3177281220753987,
    "kappa_random_std": 7.705878386161171e-05,
    "time_s": 4.870962142944336
  },
  "pythia-1b": {
    "model": "Pythia-1B",
    "hf_id": "EleutherAI/pythia-1b",
    "params_M": 1000,
    "vocab_size": 50304,
    "arch": "transformer",
    "tier": 1,
    "kappa_bar": 0.9310029149055481,
    "kappa_std": 0.15637803077697754,
    "kappa_cv": 0.1679672837286934,
    "effective_rank": 1936.4952392578125,
    "mean_cossim": 0.0902322456240654,
    "condition_number": 75.68576049804688,
    "V": 50304,
    "d_model": 2048,
    "kappa_random_mean": 1.3465870221455891,
    "kappa_random_std": 7.227507161947699e-05,
    "time_s": 10.540131092071533
  },
  "pythia-1.4b": {
    "model": "Pythia-1.4B",
    "hf_id": "EleutherAI/pythia-1.4b",
    "params_M": 1400,
    "vocab_size": 50304,
    "arch": "transformer",
    "tier": 1,
    "kappa_bar": 0.9179051518440247,
    "kappa_std": 0.16295528411865234,
    "kappa_cv": 0.17752954515347313,
    "effective_rank": 1939.9979248046875,
    "mean_cossim": 0.0664164125919342,
    "condition_number": 46.612831115722656,
    "V": 50304,
    "d_model": 2048,
    "kappa_random_mean": 1.3466573158899944,
    "kappa_random_std": 4.95597557634282e-05,
    "time_s": 12.191689014434814
  },
  "pythia-2.8b": {
    "model": "Pythia-2.8B",
    "hf_id": "EleutherAI/pythia-2.8b",
    "params_M": 2800,
    "vocab_size": 50304,
    "arch": "transformer",
    "tier": 1,
    "kappa_bar": 0.9164343476295471,
    "kappa_std": 0.16957305371761322,
    "kappa_cv": 0.18503568110222846,
    "effective_rank": 2408.1474609375,
    "mean_cossim": 0.05987699329853058,
    "condition_number": 48.482852935791016,
    "V": 50304,
    "d_model": 2560,
    "kappa_random_mean": 1.353854497273763,
    "kappa_random_std": 8.998537171394082e-05,
    "time_s": 13.478972673416138
  },
  "mamba-130m": {
    "model": "Mamba-130M",
    "hf_id": "state-spaces/mamba-130m",
    "params_M": 130,
    "vocab_size": 50280,
    "arch": "ssm",
    "tier": 1,
    "kappa_bar": 0.669427216053009,
    "kappa_std": 0.11929947137832642,
    "kappa_cv": 0.17821126554116448,
    "effective_rank": 663.3792724609375,
    "mean_cossim": 0.4528524875640869,
    "condition_number": 1180.823486328125,
    "V": 50280,
    "d_model": 768,
    "kappa_random_mean": 1.3024458090464275,
    "kappa_random_std": 9.318244482519305e-05,
    "time_s": 5.598942279815674
  },
  "mamba-370m": {
    "model": "Mamba-370M",
    "hf_id": "state-spaces/mamba-370m",
    "params_M": 370,
    "vocab_size": 50280,
    "arch": "ssm",
    "tier": 1,
    "kappa_bar": 0.7592675685882568,
    "kappa_std": 0.13482961058616638,
    "kappa_cv": 0.1775785192815542,
    "effective_rank": 905.4651489257812,
    "mean_cossim": 0.31064748764038086,
    "condition_number": 1437.5426025390625,
    "V": 50280,
    "d_model": 1024,
    "kappa_random_mean": 1.317757209142049,
    "kappa_random_std": 0.00012298244650631735,
    "time_s": 33.39402198791504
  },
  "mamba-790m": {
    "model": "Mamba-790M",
    "hf_id": "state-spaces/mamba-790m",
    "params_M": 790,
    "vocab_size": 50280,
    "arch": "ssm",
    "tier": 1,
    "kappa_bar": 0.7661019563674927,
    "kappa_std": 0.12400586158037186,
    "kappa_cv": 0.1618660029954299,
    "effective_rank": 1355.3060302734375,
    "mean_cossim": 0.30285394191741943,
    "condition_number": 2760.7216796875,
    "V": 50280,
    "d_model": 1536,
    "kappa_random_mean": 1.335959513982137,
    "kappa_random_std": 7.264958340355061e-05,
    "time_s": 10.225516319274902
  },
  "mamba-1.4b": {
    "model": "Mamba-1.4B",
    "hf_id": "state-spaces/mamba-1.4b",
    "params_M": 1400,
    "vocab_size": 50280,
    "arch": "ssm",
    "tier": 1,
    "kappa_bar": 0.8983392715454102,
    "kappa_std": 0.1922619789838791,
    "kappa_cv": 0.21401934108004594,
    "effective_rank": 1925.7398681640625,
    "mean_cossim": 0.04765862599015236,
    "condition_number": 162.46726989746094,
    "V": 50280,
    "d_model": 2048,
    "kappa_random_mean": 1.3466431299845378,
    "kappa_random_std": 3.7557085901146425e-05,
    "time_s": 149.16008114814758
  },
  "mamba-2.8b": {
    "model": "Mamba-2.8B",
    "hf_id": "state-spaces/mamba-2.8b",
    "params_M": 2800,
    "vocab_size": 50280,
    "arch": "ssm",
    "tier": 1,
    "kappa_bar": 0.883439838886261,
    "kappa_std": 0.19223642349243164,
    "kappa_cv": 0.21759990325206655,
    "effective_rank": 2392.14306640625,
    "mean_cossim": 0.06472509354352951,
    "condition_number": 179.75439453125,
    "V": 50280,
    "d_model": 2560,
    "kappa_random_mean": 1.3538591066996257,
    "kappa_random_std": 1.264193142264568e-05,
    "time_s": 13.599154472351074
  },
  "gpt2": {
    "model": "GPT-2",
    "hf_id": "openai-community/gpt2",
    "params_M": 124,
    "vocab_size": 50257,
    "arch": "transformer",
    "tier": 1,
    "kappa_bar": 0.7979947328567505,
    "kappa_std": 0.13102330267429352,
    "kappa_cv": 0.164190686057316,
    "effective_rank": 682.9619750976562,
    "mean_cossim": 0.2684648036956787,
    "condition_number": 3980.347412109375,
    "V": 50257,
    "d_model": 768,
    "kappa_random_mean": 1.3023375670115154,
    "kappa_random_std": 0.00010250614193494981,
    "time_s": 4.624261856079102
  },
  "qwen3-0.6b": {
    "model": "Qwen3-0.6B",
    "hf_id": "Qwen/Qwen3-0.6B",
    "params_M": 600,
    "vocab_size": 151936,
    "arch": "transformer",
    "tier": 2,
    "kappa_bar": 0.8594045639038086,
    "kappa_std": 0.21040646731853485,
    "kappa_cv": 0.24482819399781824,
    "effective_rank": 976.77783203125,
    "mean_cossim": 0.11173994839191437,
    "condition_number": 30.963991165161133,
    "V": 151936,
    "d_model": 1024,
    "kappa_random_mean": 1.3120019833246868,
    "kappa_random_std": 3.933380714747684e-05,
    "time_s": 15.180245637893677
  },
  "qwen3-1.7b": {
    "model": "Qwen3-1.7B",
    "hf_id": "Qwen/Qwen3-1.7B",
    "params_M": 1700,
    "vocab_size": 151936,
    "arch": "transformer",
    "tier": 2,
    "kappa_bar": 0.9090321063995361,
    "kappa_std": 0.21628081798553467,
    "kappa_cv": 0.2379242894053325,
    "effective_rank": 1918.6201171875,
    "mean_cossim": 0.057897668331861496,
    "condition_number": 39.91033172607422,
    "V": 151936,
    "d_model": 2048,
    "kappa_random_mean": 1.3426312605539958,
    "kappa_random_std": 7.543837454863083e-05,
    "time_s": 27.648460149765015
  },
  "qwen3-4b": {
    "model": "Qwen3-4B",
    "hf_id": "Qwen/Qwen3-4B",
    "params_M": 4000,
    "vocab_size": 151936,
    "arch": "transformer",
    "tier": 2,
    "kappa_bar": 0.8964400291442871,
    "kappa_std": 0.2140917330980301,
    "kappa_cv": 0.2388243787802657,
    "effective_rank": 2377.5380859375,
    "mean_cossim": 0.08867297321557999,
    "condition_number": 67.1349105834961,
    "V": 151936,
    "d_model": 2560,
    "kappa_random_mean": 1.35034175713857,
    "kappa_random_std": 3.851109969171299e-05,
    "time_s": 36.75251269340515
  },