{
  "m_vals": [
    5,
    10,
    20,
    50,
    100,
    200
  ],
  "A_vals": [
    27.56401432200023,
    31.653380963909633,
    33.51671262219015,
    36.52602036525835,
    40.55402305151052,
    42.61206729561463
  ],
  "d": 300,
  "K": 50,
  "models": {
    "evt_quantile": {
      "C": 24.74600051227132,
      "pearson_r": -0.9882810816398367,
      "description": "A(m) = C * (z_m - z_{(K-1)*m})"
    },
    "log_model": {
      "a": 21.62994580224359,
      "b": 3.9881042137516687,
      "pearson_r": 0.9943932814093173,
      "description": "A(m) = a + b*log(m)"
    },
    "sqrt_dlogm": {
      "C_corr": 1.1098542118409405,
      "C_corr_large_m": 1.0753621694374507,
      "pearson_r": 0.9926659187439582,
      "description": "A(m) = C_corr * sqrt(d*log(m))  [EVT leading term]"
    }
  },
  "z_quantiles": {
    "5": -0.967421566101701,
    "10": -1.335177736118937,
    "20": -1.6683911939470795,
    "50": -2.0619165008094615,
    "100": -2.330078922787911,
    "200": -2.577553463733344
  },
  "A_inf_estimate": 46.61092839689367
}