{
  "theorem": "7.5 K-Cancellation Mechanism",
  "test1_linear_decomposition": {
    "C0": 0.7385082892660891,
    "C1": 0.10114490726838385,
    "C2": 0.1179303477121772,
    "r2": 0.9748471301341383,
    "predicted_C1": 0.76
  },
  "test2_cancellation_condition": {
    "A_fitted": 0.04343680561423758,
    "A_times_C2": 0.005122517589593288,
    "predicted": -0.10114490726838385,
    "cancellation_error": 0.10626742485797713
  },
  "test3_B_when_dist_ratio": {
    "A": 0.40267098654606187,
    "B": 0.4042880029726103,
    "C": -2.4137513508159345,
    "r2_with_K": 0.1998101037598209,
    "r2_without_K": 0.16826836550428603,
    "r2_improvement": 0.03154173825553486
  },
  "test4_B_when_kappa": {
    "A": 0.0329346779806944,
    "B": 0.49592814755784864,
    "C": -2.6123748393203776,
    "r2": 0.1659346422615232,
    "predicted_B": -1.0
  },
  "scorecard": {
    "passes": 0,
    "total": 6
  },
  "n_points": 21,
  "config": {
    "K_vals": [
      5,
      10,
      20,
      50,
      100,
      200
    ],
    "n_per": 100,
    "d": 200,
    "n_mc": 20
  }
}