{
  "experiment": "neff_pairwise_banking77",
  "model": "EleutherAI/pythia-160m",
  "dataset": "banking77",
  "K_full": 77,
  "n_samples_per_class": 300,
  "n_seeds": 15,
  "alpha_universal": 3.598,
  "per_K": {
    "4": {
      "neff_obs": 2.5424587656934903,
      "neff_std": 0.12441446873980022,
      "neff_theory_sqrt": 1.7320508075688772,
      "ratio_obs_theory": 1.4678892527766603,
      "kappa_nearest_mean": 0.28059851323182716,
      "n_seeds": 15
    },
    "8": {
      "neff_obs": 5.391167672722505,
      "neff_std": 0.25141371258729633,
      "neff_theory_sqrt": 2.6457513110645907,
      "ratio_obs_theory": 2.0376698483249434,
      "kappa_nearest_mean": 0.25062737930096823,
      "n_seeds": 15
    },
    "16": {
      "neff_obs": 10.744726322303514,
      "neff_std": 0.3240932216121458,
      "neff_theory_sqrt": 3.872983346207417,
      "ratio_obs_theory": 2.774276407055865,
      "kappa_nearest_mean": 0.23140688954599173,
      "n_seeds": 15
    },
    "32": {
      "neff_obs": 21.267009760913634,
      "neff_std": 0.5869331142856281,
      "neff_theory_sqrt": 5.5677643628300215,
      "ratio_obs_theory": 3.8196677113152635,
      "kappa_nearest_mean": 0.22488399107136167,
      "n_seeds": 15
    },
    "48": {
      "neff_obs": 31.217551487958552,
      "neff_std": 0.5637589978892121,
      "neff_theory_sqrt": 6.855654600401044,
      "ratio_obs_theory": 4.55354788237616,
      "kappa_nearest_mean": 0.21767629601584074,
      "n_seeds": 15
    },
    "64": {
      "neff_obs": 41.48547216458067,
      "neff_std": 0.37606208612299763,
      "neff_theory_sqrt": 7.937253933193772,
      "ratio_obs_theory": 5.226678208074899,
      "kappa_nearest_mean": 0.21144834137476576,
      "n_seeds": 15
    }
  },
  "log_log_slope": 0.917579116975949,
  "log_log_slope_se": 0.005874419308083961,
  "pearson_r": 0.999918036698768,
  "pearson_p": 1.00766988092227e-08,
  "dbpedia_slope": 0.9339427789622784,
  "pr_sparse_pass": false,
  "regime_contrast": "banking_sparse_vs_dbpedia_dense"
}