{
  "timestamp": "2026-02-22T21:59:28.100506Z",
  "formula": "A_single = C - a * log(K)",
  "C": 26.09915367667568,
  "a": 7.7798097585482395,
  "predictions": {
    "sst2": {
      "K": 2,
      "A_pred": 20.706600477245217
    },
    "tweet_sentiment": {
      "K": 3,
      "A_pred": 17.552159072434506
    },
    "emotion": {
      "K": 6,
      "A_pred": 12.159605873004043
    }
  },
  "threshold": "A_obs within 20% of A_pred = PASS",
  "calibration_datasets": [
    4,
    14,
    20,
    28
  ],
  "note": "All test datasets have K outside calibration range"
}