{
  "pythia-160m": {
    "model": "pythia-160m",
    "kappa_whitened": 0.33704280853271484,
    "kappa_whitened_std": 0.07623579353094101,
    "rho_whitened": 0.8498744368553162,
    "d_eff": 125.85810298374805,
    "V": 50304,
    "d_model": 768,
    "n_tokens": 10082,
    "sigma_W_trace": 5688.70849609375,
    "sigma_W_top_eigenvalue": 289.6723327636719,
    "name": "Pythia-160M",
    "hf_id": "EleutherAI/pythia-160m",
    "time_s": 45.57952070236206
  },
  "pythia-410m": {
    "model": "pythia-410m",
    "kappa_whitened": 0.9339703917503357,
    "kappa_whitened_std": 0.1788620948791504,
    "rho_whitened": 0.012074965983629227,
    "d_eff": 51.53880616644251,
    "V": 50304,
    "d_model": 1024,
    "n_tokens": 10082,
    "sigma_W_trace": 7979.69970703125,
    "sigma_W_top_eigenvalue": 642.22314453125,
    "name": "Pythia-410M",
    "hf_id": "EleutherAI/pythia-410m",
    "time_s": 104.74913454055786
  },
  "pythia-1b": {
    "model": "pythia-1b",
    "kappa_whitened": 0.9875041842460632,
    "kappa_whitened_std": 0.1763441413640976,
    "rho_whitened": 0.01264263316988945,
    "d_eff": 51.12374730546456,
    "V": 50304,
    "d_model": 2048,
    "n_tokens": 10082,
    "sigma_W_trace": 7836.61962890625,
    "sigma_W_top_eigenvalue": 709.301513671875,
    "name": "Pythia-1B",
    "hf_id": "EleutherAI/pythia-1b",
    "time_s": 620.6309552192688
  },
  "pythia-1.4b": {
    "model": "pythia-1.4b",
    "kappa_whitened": 0.9615317583084106,
    "kappa_whitened_std": 0.17459380626678467,
    "rho_whitened": 0.009015792980790138,
    "d_eff": 50.46060600928437,
    "V": 50304,
    "d_model": 2048,
    "n_tokens": 10082,
    "sigma_W_trace": 8865.923828125,
    "sigma_W_top_eigenvalue": 796.6777954101562,
    "name": "Pythia-1.4B",
    "hf_id": "EleutherAI/pythia-1.4b",
    "time_s": 654.3788478374481
  },
  "pythia-2.8b": {
    "model": "pythia-2.8b",
    "kappa_whitened": 0.962346613407135,
    "kappa_whitened_std": 0.17600399255752563,
    "rho_whitened": 0.009606756269931793,
    "d_eff": 62.663557937005564,
    "V": 50304,
    "d_model": 2560,
    "n_tokens": 10082,
    "sigma_W_trace": 9241.140625,
    "sigma_W_top_eigenvalue": 668.6948852539062,
    "name": "Pythia-2.8B",
    "hf_id": "EleutherAI/pythia-2.8b",
    "time_s": 553.8040292263031
  },
  "gpt2": {
    "model": "gpt2",
    "kappa_whitened": 0.879016101360321,
    "kappa_whitened_std": 0.13769955933094025,
    "rho_whitened": 0.18035230040550232,
    "d_eff": 2.0898256210132002,
    "V": 50257,
    "d_model": 768,
    "n_tokens": 10134,
    "sigma_W_trace": 7500.8134765625,
    "sigma_W_top_eigenvalue": 5132.126953125,
    "name": "GPT-2",
    "hf_id": "openai-community/gpt2",
    "time_s": 40.37292504310608
  },
  "qwen3-0.6b": {
    "model": "qwen3-0.6b",
    "kappa_whitened": 0.9077990651130676,
    "kappa_whitened_std": 0.2250126153230667,
    "rho_whitened": 0.027690531685948372,
    "d_eff": 27.875168718595862,
    "V": 151936,
    "d_model": 1024,
    "n_tokens": 10106,
    "sigma_W_trace": 7340.84326171875,
    "sigma_W_top_eigenvalue": 1066.701171875,
    "name": "Qwen3-0.6B",
    "hf_id": "Qwen/Qwen3-0.6B",
    "time_s": 129.9342474937439
  },
  "qwen3-1.7b": {
    "model": "qwen3-1.7b",
    "kappa_whitened": 0.9421947002410889,
    "kappa_whitened_std": 0.22589269280433655,
    "rho_whitened": 0.00999930314719677,
    "d_eff": 19.61079185068504,
    "V": 151936,
    "d_model": 2048,
    "n_tokens": 10106,
    "sigma_W_trace": 6062.7763671875,
    "sigma_W_top_eigenvalue": 1092.181640625,
    "name": "Qwen3-1.7B",
    "hf_id": "Qwen/Qwen3-1.7B",
    "time_s": 1449.8439865112305
  },
  "qwen3-4b": {
    "name": "Qwen3-4B",
    "error": "CUDA error: an illegal memory access was encountered\nSearch for `cudaErrorIllegalAddress' in https://docs.nvidia.com/cuda/cuda-runtime-api/group__CUDART__TYPES.html for more information.\nCUDA kernel errors might be asynchronously reported at some other API call, so the stacktrace below might be incorrect.\nFor debugging consider passing CUDA_LAUNCH_BLOCKING=1\nCompile with `TORCH_USE_CUDA_DSA` to enable device-side assertions.\n"
  }
}