{
  "experiment": "CTI 1.4B Holdout Prediction Test",
  "train_models": [
    "pythia-160m",
    "pythia-1b",
    "pythia-410m"
  ],
  "holdout_model": "pythia-1.4b",
  "n_train": 2420,
  "n_test": 1100,
  "fit_params": {
    "alpha": 0.10283967399581169,
    "beta": 0.7490853636544128,
    "mu_0": -0.5267828244488699,
    "mu_1": 0.06340522196065536,
    "b_d": {
      "agnews": -2.8646417199067757,
      "clinc": -3.138949935174419,
      "dbpedia_classes": -3.0359215506135446,
      "trec": -2.1152830249181642
    }
  },
  "train_fit": {
    "mae": 0.03609137953285165,
    "r2": 0.8418979640694485
  },
  "holdout_fit": {
    "mae": 0.04262779859289948,
    "r2": 0.8188994448757354
  },
  "per_dataset": {
    "agnews": {
      "mae": 0.03204608773693419,
      "r2": 0.5773210833872878,
      "n": 275
    },
    "clinc": {
      "mae": 0.044682863982390575,
      "r2": 0.5893699810600438,
      "n": 275
    },
    "dbpedia_classes": {
      "mae": 0.04234919483536909,
      "r2": 0.7229829405406754,
      "n": 275
    },
    "trec": {
      "mae": 0.0514330478169041,
      "r2": 0.44051251349639486,
      "n": 275
    }
  },
  "falsification": {
    "mae_threshold": 0.05,
    "r2_threshold": 0.7,
    "mae_pass": true,
    "r2_pass": true,
    "overall": "PASS"
  },
  "shape_universality": {
    "mean_rho": 0.8993388924879059,
    "median_rho": 0.9363430178801911,
    "frac_above_07": 0.946969696969697,
    "n": 132
  }
}