{
  "experiment": "cross_arch_abcs_replication",
  "timestamp": "2026-02-23T00:48:55.431651",
  "config": {
    "A_RENORM_K20": 1.0535,
    "ALPHA_KAPPA_K14": 1.477,
    "R_LEVELS": [
      0.3,
      0.5,
      1.0,
      2.0,
      5.0,
      10.0
    ],
    "M_BUNDLE": [
      1,
      2,
      3,
      4,
      5,
      6,
      7,
      8,
      10,
      13
    ],
    "N_TRAIN_PER_CLASS": 350,
    "thresholds": {
      "scale_pearson": 0.9,
      "cv_k_eff": 0.3,
      "k_eff_lower": 6,
      "k_eff_upper": 14
    }
  },
  "arch_results": [
    {
      "arch": "pythia-160m",
      "embed_path": "results/dointerv_multi_pythia-160m_l12.npz",
      "d": 768,
      "K": 14,
      "baseline": {
        "acc": 0.9076190476190477,
        "q": 0.9005128205128206,
        "logit": 2.2029356151317345,
        "kappa": 0.41243677811144946,
        "d_eff": 33.387085952970985,
        "kappa_eff": 2.383124015251042
      },
      "slopes_by_m": {
        "1": {
          "slope": 0.17449343264593023,
          "pearson_r": 0.9453548896965572
        },
        "2": {
          "slope": 0.3846263337412242,
          "pearson_r": 0.9391429570459884
        },
        "3": {
          "slope": 0.3846263337412242,
          "pearson_r": 0.9391429570459884
        },
        "4": {
          "slope": 0.490416407131517,
          "pearson_r": 0.9368626145160788
        },
        "5": {
          "slope": 0.5855952573696177,
          "pearson_r": 0.9586351843778358
        },
        "6": {
          "slope": 0.7914310663210695,
          "pearson_r": 0.9605110488873021
        },
        "7": {
          "slope": 0.894382651713525,
          "pearson_r": 0.9630470403687288
        },
        "8": {
          "slope": 0.9519045569296437,
          "pearson_r": 0.9579725370731216
        },
        "10": {
          "slope": 1.0308667722794485,
          "pearson_r": 0.9548438589631632
        },
        "13": {
          "slope": 1.057934186880046,
          "pearson_r": 0.9330686820293226
        }
      },
      "analysis": {
        "r_scale": 0.9856366373912578,
        "k_eff_estimated": 10,
        "k_eff_from_single": 5.730874705502768,
        "slope_m1": 0.17449343264593023,
        "slope_k_eff": 1.0308667722794485,
        "pass_A1": true,
        "pass_A2": true
      }
    },
    {
      "arch": "bert-base-uncased",
      "embed_path": "results/dointerv_multi_bert-base-uncased_l10.npz",
      "d": 768,
      "K": 14,
      "baseline": {
        "acc": 0.9423809523809524,
        "q": 0.937948717948718,
        "logit": 2.715734102794126,
        "kappa": 0.5709639526445078,
        "d_eff": 130.07882254261673,
        "kappa_eff": 6.511963967531747
      },
      "slopes_by_m": {
        "1": {
          "slope": 0.12171129969253265,
          "pearson_r": 0.9567105563611874
        },
        "2": {
          "slope": 0.2452858900442683,
          "pearson_r": 0.936384212026709
        },
        "3": {
          "slope": 0.34974641806711354,
          "pearson_r": 0.9265581042586977
        },
        "4": {
          "slope": 0.43977429514123173,
          "pearson_r": 0.9360099272679387
        },
        "5": {
          "slope": 0.5909587279344753,
          "pearson_r": 0.9419470214242842
        },
        "6": {
          "slope": 0.6672320694358405,
          "pearson_r": 0.9504052268816195
        },
        "7": {
          "slope": 0.6672320694358405,
          "pearson_r": 0.9504052268816195
        },
        "8": {
          "slope": 0.6672320694358405,
          "pearson_r": 0.9504052268816195
        },
        "10": {
          "slope": 0.7348862881114073,
          "pearson_r": 0.9474377330899781
        },
        "13": {
          "slope": 0.7583665354267017,
          "pearson_r": 0.9435917162737586
        }
      },
      "analysis": {
        "r_scale": 0.9613351557025015,
        "k_eff_estimated": 10,
        "k_eff_from_single": 8.216164002065428,
        "slope_m1": 0.12171129969253265,
        "slope_k_eff": 0.7348862881114073,
        "pass_A1": true,
        "pass_A2": true
      }
    },
    {
      "arch": "electra-small",
      "embed_path": "results/dointerv_multi_electra-small_l3.npz",
      "d": 256,
      "K": 14,
      "baseline": {
        "acc": 0.8233333333333334,
        "q": 0.8097435897435897,
        "logit": 1.448344951648207,
        "kappa": 0.2886399483078521,
        "d_eff": 8.909975923592613,
        "kappa_eff": 0.8615782031689909
      },
      "slopes_by_m": {
        "1": {
          "slope": 0.03391040979477271,
          "pearson_r": 0.4925539896571595
        },
        "2": {
          "slope": 0.2926491824590877,
          "pearson_r": 0.976329476369528
        },
        "3": {
          "slope": 0.553015940814608,
          "pearson_r": 0.9470206777345926
        },
        "4": {
          "slope": 0.553015940814608,
          "pearson_r": 0.9470206777345926
        },
        "5": {
          "slope": 0.8178819203289159,
          "pearson_r": 0.9511116719113515
        },
        "6": {
          "slope": 1.0785999309038778,
          "pearson_r": 0.9537065163803553
        },
        "7": {
          "slope": 1.3421988237808946,
          "pearson_r": 0.9607981998810515
        },
        "8": {
          "slope": 1.4701757683560557,
          "pearson_r": 0.9628949168161416
        },
        "10": {
          "slope": 1.611035618009158,
          "pearson_r": 0.9587866747531479
        },
        "13": {
          "slope": 1.611035618009158,
          "pearson_r": 0.9587866747531479
        }
      },
      "analysis": {
        "r_scale": 0.9916313299409105,
        "k_eff_estimated": 8,
        "k_eff_from_single": 29.489469549412615,
        "slope_m1": 0.03391040979477271,
        "slope_k_eff": 1.4701757683560557,
        "pass_A1": true,
        "pass_A2": false
      }
    },
    {
      "arch": "pythia-410m",
      "embed_path": "results/dointerv_multi_pythia-410m_l3.npz",
      "d": 1024,
      "K": 14,
      "baseline": {
        "acc": 0.8580952380952381,
        "q": 0.8471794871794872,
        "logit": 1.7126484675755191,
        "kappa": 0.28711977345376644,
        "d_eff": 44.77636843153988,
        "kappa_eff": 1.9212661729530922
      },
      "slopes_by_m": {
        "1": {
          "slope": 0.15714004658518282,
          "pearson_r": 0.9817264894323037
        },
        "2": {
          "slope": 0.4399043486786956,
          "pearson_r": 0.9701477683350572
        },
        "3": {
          "slope": 0.6854525809791071,
          "pearson_r": 0.9437738285121472
        },
        "4": {
          "slope": 0.6854525809791071,
          "pearson_r": 0.9437738285121472
        },
        "5": {
          "slope": 0.9100034102286273,
          "pearson_r": 0.9396153470906701
        },
        "6": {
          "slope": 1.1282470435832146,
          "pearson_r": 0.9507911030128557
        },
        "7": {
          "slope": 1.3893140085310258,
          "pearson_r": 0.9590298296632263
        },
        "8": {
          "slope": 1.518011384098644,
          "pearson_r": 0.9583886816511618
        },
        "10": {
          "slope": 1.6968154796247832,
          "pearson_r": 0.9560076238643267
        },
        "13": {
          "slope": 1.858272425228616,
          "pearson_r": 0.9569199034676448
        }
      },
      "analysis": {
        "r_scale": 0.9907291341542371,
        "k_eff_estimated": 10,
        "k_eff_from_single": 6.363750177594244,
        "slope_m1": 0.15714004658518282,
        "slope_k_eff": 1.6968154796247832,
        "pass_A1": true,
        "pass_A2": false
      }
    },
    {
      "arch": "rwkv-4-169m",
      "embed_path": "results/dointerv_multi_rwkv-4-169m_l12.npz",
      "d": 768,
      "K": 14,
      "baseline": {
        "acc": 0.9328571428571428,
        "q": 0.9276923076923077,
        "logit": 2.551769595017127,
        "kappa": 0.5699611561647521,
        "d_eff": 123.50660865891689,