{
  "experiment": "universality_test",
  "d": 300,
  "m": 40,
  "K_values": [
    10,
    50,
    100
  ],
  "distributions": [
    "gaussian",
    "uniform",
    "t10",
    "laplace",
    "mixed"
  ],
  "results": {
    "gaussian": {
      "n_points": 30,
      "logit_r2": 0.9916213354747406,
      "A": 38.606004657321044,
      "B": 0.9968370523775143,
      "C": -0.19503577703355807,
      "sigmoid_r2": 0.9940300320361743,
      "sigmoid_a": 135.65611634165762,
      "sigmoid_b": -3.5226088210144066
    },
    "uniform": {
      "n_points": 30,
      "logit_r2": 0.9904093083535196,
      "A": 40.92566631755771,
      "B": 1.03335348996047,
      "C": -0.09949736658554967,
      "sigmoid_r2": 0.9949982391122617,
      "sigmoid_a": 137.83673243804864,
      "sigmoid_b": -3.4734049119337467
    },
    "t10": {
      "n_points": 30,
      "logit_r2": 0.9925081537346861,
      "A": 35.41744069479835,
      "B": 0.9930649940462609,
      "C": 0.0719997852798743,
      "sigmoid_r2": 0.9952737317917355,
      "sigmoid_a": 127.5087200123196,
      "sigmoid_b": -3.4721579030939287
    },
    "laplace": {
      "n_points": 30,
      "logit_r2": 0.9888335410898814,
      "A": 32.437090368085656,
      "B": 0.957486263937277,
      "C": 0.06629558797765323,
      "sigmoid_r2": 0.9953557845985583,
      "sigmoid_a": 124.00224684387703,
      "sigmoid_b": -3.422916479783877
    },
    "mixed": {
      "n_points": 30,
      "logit_r2": 0.929800341867835,
      "A": 8.048770376288337,
      "B": 0.757081277681205,
      "C": -1.1587630111299911,
      "sigmoid_r2": 0.945458386363799,
      "sigmoid_a": 18.812488448018726,
      "sigmoid_b": -2.9514757744189173
    }
  },
  "B_statistics": {
    "mean": 0.9475646156005453,
    "std": 0.09822436516384112
  },
  "scorecard": {
    "passes": 3,
    "total": 4
  }
}