{
  "experiment": "cti_equicorrelation_deff",
  "preregistered": true,
  "theory": {
    "alpha_obs_mean": 1.477,
    "A_renorm": 1.1283791670955126,
    "d_eff_comp_predicted": 1.713368869998272,
    "rho_predicted": 0.4163545179847884,
    "interpretation": "rho = avg Sigma_W-whitened cosine sim of centroid differences; d_eff_comp = 1/(1-rho)"
  },
  "pre_registered_criteria": {
    "H1_frac_pass": 0.6,
    "H1_max_rel_error": 0.25,
    "H2_max_CV": 0.3,
    "H3_rho_min": 0.0
  },
  "dataset": "dbpedia_14",
  "n_samples": 2000,
  "n_pca_components": 256,
  "models": [
    "pythia-160m",
    "gpt-neo-125m",
    "pythia-410m",
    "pythia-1b",
    "OLMo-1B-hf"
  ],
  "results": {
    "pythia-160m": {
      "arch": "pythia-160m",
      "model_id": "EleutherAI/pythia-160m",
      "best_layer": 11,
      "n_layers": 12,
      "d": 768,
      "kappa_nearest": 0.4093406000304547,
      "rho": 0.40797768543424767,
      "rho_std_over_classes": 0.2737622555687284,
      "d_eff_comp": 1.6891255200971584,
      "d_eff_comp_target": 1.713368869998272,
      "rel_error_d_eff_comp": 0.014149521638698911,
      "rho_target": 0.4163545179847884,
      "alpha_obs": 1.7199847353492173,
      "alpha_pred_from_deff_comp": 1.4665133508458255,
      "alpha_rel_error": 0.14736839187815712,
      "h1_pass": true,
      "h3_pass": true,
      "elapsed_s": 19.184850931167603
    },
    "gpt-neo-125m": {
      "arch": "gpt-neo-125m",
      "model_id": "EleutherAI/gpt-neo-125m",
      "best_layer": 11,
      "n_layers": 12,
      "d": 768,
      "kappa_nearest": 0.5472924284279904,
      "rho": 0.46445770136178854,
      "rho_std_over_classes": 0.1584417629866094,
      "d_eff_comp": 1.867266138534382,
      "d_eff_comp_target": 1.713368869998272,
      "rel_error_d_eff_comp": 0.08982144547558236,
      "rho_target": 0.4163545179847884,
      "alpha_obs": 2.0173342229551126,
      "alpha_pred_from_deff_comp": 1.5419069648091295,
      "alpha_rel_error": 0.23567104188097726,
      "h1_pass": true,
      "h3_pass": true,
      "elapsed_s": 20.02292537689209
    },
    "pythia-410m": {
      "arch": "pythia-410m",
      "model_id": "EleutherAI/pythia-410m",
      "best_layer": 23,
      "n_layers": 24,
      "d": 1024,
      "kappa_nearest": 0.6008011922382618,
      "rho": 0.4671099861468919,
      "rho_std_over_classes": 0.15465668892504883,
      "d_eff_comp": 1.8765598416255018,
      "d_eff_comp_target": 1.713368869998272,
      "rel_error_d_eff_comp": 0.09524567329590522,
      "rho_target": 0.4163545179847884,
      "alpha_obs": 0.8644965588847874,
      "alpha_pred_from_deff_comp": 1.545739369499122,
      "alpha_rel_error": 0.7880225821756275,
      "h1_pass": true,
      "h3_pass": true,
      "elapsed_s": 37.06771278381348
    },
    "pythia-1b": {
      "arch": "pythia-1b",
      "model_id": "EleutherAI/pythia-1b",
      "best_layer": 15,
      "n_layers": 16,
      "d": 2048,
      "kappa_nearest": 0.5634014443550402,
      "rho": 0.4607495046726592,
      "rho_std_over_classes": 0.17053627864386423,
      "d_eff_comp": 1.8544257421459962,
      "d_eff_comp_target": 1.713368869998272,
      "rel_error_d_eff_comp": 0.08232720613621652,
      "rho_target": 0.4163545179847884,
      "alpha_obs": 1.0020929266994805,
      "alpha_pred_from_deff_comp": 1.536596299512378,
      "alpha_rel_error": 0.5333870328506878,
      "h1_pass": true,
      "h3_pass": true,
      "elapsed_s": 96.54487752914429
    },
    "OLMo-1B-hf": {
      "arch": "OLMo-1B-hf",
      "model_id": "allenai/OLMo-1B-hf",
      "best_layer": 15,
      "n_layers": 16,
      "d": 2048,
      "kappa_nearest": 0.5505530418704335,
      "rho": 0.4619484672892852,
      "rho_std_over_classes": 0.16985032206797343,
      "d_eff_comp": 1.8585580361828526,
      "d_eff_comp_target": 1.713368869998272,
      "rel_error_d_eff_comp": 0.08473900088118619,
      "rho_target": 0.4163545179847884,
      "alpha_obs": 1.3262106570325984,
      "alpha_pred_from_deff_comp": 1.538307377559288,
      "alpha_rel_error": 0.15992687089489743,
      "h1_pass": true,
      "h3_pass": true,
      "elapsed_s": 108.52088832855225
    }
  },
  "scorecard": {
    "H1_n_pass": 5,
    "H1_n_total": 5,
    "H1_pass": true,
    "H2_cv_deff": 0.038510546894316294,
    "H2_pass": true,
    "H3_all_rho_positive": true,
    "H3_pass": true,
    "overall_pass": true
  },
  "aggregate": {
    "mean_rho": 0.45244866898097447,
    "std_rho": 0.022342737068028355,
    "mean_d_eff_comp": 1.8291870557171783,
    "std_d_eff_comp": 0.07044299388771126,
    "cv_d_eff_comp": 0.038510546894316294,
    "all_rho": [
      0.40797768543424767,
      0.46445770136178854,
      0.4671099861468919,
      0.4607495046726592,
      0.4619484672892852
    ],
    "all_d_eff_comp": [
      1.6891255200971584,
      1.867266138534382,
      1.8765598416255018,
      1.8544257421459962,
      1.8585580361828526
    ],
    "r_deff_alpha_exploratory": -0.38703691189141126,
    "r_pred_alpha_exploratory": -0.38700374234841933
  }
}