{
  "experiment": "phi_upgrade_test",
  "model": "pythia-160m",
  "dataset": "dbpedia14",
  "K": 14,
  "n_classes": 14,
  "baseline_kappa_nearest": {
    "r": 0.426109629600697,
    "r2": 0.18156941643844304,
    "slope": 1.22401445429002
  },
  "upgrade_kappa_eff_linear": {
    "r": 0.48164411602308227,
    "r2": 0.23198105449965645,
    "slope": 0.9972756117089049,
    "w_j2_used": 0.4
  },
  "tau_sweep": {
    "0.01": {
      "r": 0.42730719664478173,
      "r2": 0.18259144030442187,
      "slope": 1.2256692753684735
    },
    "0.05": {
      "r": 0.44739423813106693,
      "r2": 0.20016160431287755,
      "slope": 1.3024331083363074
    },
    "0.10": {
      "r": 0.48816552843852623,
      "r2": 0.2383055831556654,
      "slope": 1.4605220483894608
    },
    "0.20": {
      "r": 0.5271368801231633,
      "r2": 0.27787329038598185,
      "slope": 1.6036357405852015
    },
    "0.50": {
      "r": 0.5400493242686502,
      "r2": 0.29165327264302565,
      "slope": 1.678736538752051
    },
    "1.00": {
      "r": 0.5418049228298428,
      "r2": 0.2935525744026519,
      "slope": 1.7133123545953957
    },
    "2.00": {
      "r": 0.5424550460470947,
      "r2": 0.2942574769819555,
      "slope": 1.7365886816282774
    },
    "5.00": {
      "r": 0.5428252876568692,
      "r2": 0.2946592929197628,
      "slope": 1.7533892875218848
    },
    "inf": {
      "r": 0.5430770355054833,
      "r2": 0.29493266649342376,
      "slope": 1.7660252428454928
    }
  },
  "best_tau": null,
  "best_r2_phi": 0.29493266649342376,
  "phi_upgrade_pass": true,
  "eff_upgrade_pass": true,
  "w_j2_measured_at_best_tau": null,
  "w_j2_predicted": 0.4
}