{
  "experiment": "theoretical_A_deff",
  "pre_registered": {
    "cv_A_threshold": 0.2,
    "cv_beff_threshold": 0.2
  },
  "exp1_A_vs_deff": {
    "K_fixed": 10,
    "per_deff": {
      "5": {
        "A": 11.045001527894724,
        "C": -10.407758790373036,
        "r2": 0.7864360579047933,
        "d_eff_target": 5,
        "d_eff_actual": 5.000000000990013,
        "A_normalized": 4.939474845103314,
        "n_valid": 800
      },
      "10": {
        "A": 19.33860330932826,
        "C": -18.53333408247279,
        "r2": 0.8199876438196563,
        "d_eff_target": 10,
        "d_eff_actual": 10.000000000980021,
        "A_normalized": 6.115403322095044,
        "n_valid": 800
      },
      "20": {
        "A": 34.78259490926546,
        "C": -33.514139819002864,
        "r2": 0.8466835736569643,
        "d_eff_target": 20,
        "d_eff_actual": 20.000000000960025,
        "A_normalized": 7.7776246649089025,
        "n_valid": 800
      },
      "50": {
        "A": 66.54774797214715,
        "C": -64.89081039709723,
        "r2": 0.7835490754824224,
        "d_eff_target": 50,
        "d_eff_actual": 50.0000000009,
        "A_normalized": 9.41127277267501,
        "n_valid": 800
      },
      "100": {
        "A": 100.32798810092022,
        "C": -98.64893059869652,
        "r2": 0.6962237934785224,
        "d_eff_target": 100,
        "d_eff_actual": 100.00000000080001,
        "A_normalized": 10.032798810051892,
        "n_valid": 800
      },
      "200": {
        "A": 152.62626525381847,
        "C": -150.82259309770706,
        "r2": 0.5992326863354496,
        "d_eff_target": 200,
        "d_eff_actual": 200.00000000059998,
        "A_normalized": 10.79230671479899,
        "n_valid": 800
      }
    },
    "C_universal": 10.061581203459953,
    "cv_A_over_sqrt_deff": 0.2579365124395485,
    "r2_A_vs_sqrt_deff": 0.9649941244263261,
    "pass": false
  },
  "exp2_beff_vs_K": {
    "d_eff_fixed": 50,
    "per_K": {
      "4": {
        "K": 4,
        "A": 78.7554170852016,
        "C_intercept": -78.911425701473,
        "r2": 0.7536109530604922,
        "n_valid": 800,
        "logKm1": 1.0986122886681098
      },
      "10": {
        "K": 10,
        "A": 68.65019744946677,
        "C_intercept": -66.89339416260344,
        "r2": 0.7898227681335861,
        "n_valid": 800,
        "logKm1": 2.1972245773362196
      },
      "20": {
        "K": 20,
        "A": 61.36427471851695,
        "C_intercept": -58.68070408354789,
        "r2": 0.7701532146100974,
        "n_valid": 800,
        "logKm1": 2.9444389791664403
      },
      "50": {
        "K": 50,
        "A": 45.9912037839512,
        "C_intercept": -43.32110513924589,
        "r2": 0.6977539648560979,
        "n_valid": 800,
        "logKm1": 3.8918202981106265
      }
    },
    "b_eff_estimate": 12.577395485734973,
    "C0_universal": -93.81050234510259
  },
  "exp3_collapse": {
    "r_collapse": 0.7904262823697215,
    "C_universal_from_collapse": 30.920563314905195
  },
  "runtime_s": 548
}