{
  "experiment": "phi_loao",
  "tau_star": 0.2,
  "A_renorm": 1.0535,
  "n_models": 5,
  "per_model": {
    "pythia-160m": {
      "alpha_kappa": 1.22401445429002,
      "r_kappa": 0.4261096296006969,
      "alpha_phi": 1.6036357405852015,
      "r_phi": 0.5271368801231634
    },
    "pythia-410m": {
      "alpha_kappa": 2.6348595362875455,
      "r_kappa": 0.5120706376290803,
      "alpha_phi": 5.084498212111761,
      "r_phi": 0.6973135130101158
    },
    "electra-small": {
      "alpha_kappa": 3.5755311503250167,
      "r_kappa": 0.6237082489582266,
      "alpha_phi": 7.299554230554082,
      "r_phi": 0.8157977662913765
    },
    "rwkv-4-169m": {
      "alpha_kappa": 1.867672845485356,
      "r_kappa": 0.4809023737668908,
      "alpha_phi": 2.6275224130310457,
      "r_phi": 0.6550789879145424
    },
    "bert-base": {
      "alpha_kappa": 3.2703612121283516,
      "r_kappa": 0.5439645532024894,
      "alpha_phi": 4.946097761356312,
      "r_phi": 0.7632604522441441
    }
  },
  "loao_kappa_nearest": {
    "alphas": [
      1.22401445429002,
      2.6348595362875455,
      3.5755311503250167,
      1.867672845485356,
      3.2703612121283516
    ],
    "mean": 2.514487839703258,
    "std": 0.8712448568227021,
    "cv": 0.3464899861776704
  },
  "loao_phi": {
    "alphas": [
      1.6036357405852015,
      5.084498212111761,
      7.299554230554082,
      2.6275224130310457,
      4.946097761356312
    ],
    "mean": 4.312261671527681,
    "std": 2.0048448867426543,
    "cv": 0.4649172613943924
  },
  "phi_lower_cv_pass": false,
  "a_phi_test_pass": false,
  "a_phi_error_pct": 309.32716388492463
}