{
  "experiment": "CTI Significance Tests",
  "model_params": 8,
  "per_family": {
    "cerebras-gpt": {
      "n_test": 236,
      "mae": 0.04901504080744334,
      "r2": 0.7302170008011202,
      "f_stat": 76.80212414888824,
      "f_pvalue": 1.1102230246251565e-16,
      "r2_null": 0.5136594842708813,
      "f_nested": 45.553793602951714,
      "f_nested_pvalue": 1.1102230246251565e-16
    },
    "gpt2": {
      "n_test": 300,
      "mae": 0.04095584328155152,
      "r2": 0.8514779325458072,
      "f_stat": 208.5381002786423,
      "f_pvalue": 1.1102230246251565e-16,
      "r2_null": 0.6156869822854607,
      "f_nested": 115.49658529181724,
      "f_nested_pvalue": 1.1102230246251565e-16
    },
    "olmo2": {
      "n_test": 748,
      "mae": 0.05655861963710007,
      "r2": 0.7784982370590989,
      "f_stat": 324.66457013040383,
      "f_pvalue": 1.1102230246251565e-16,
      "r2_null": 0.44197649810088924,
      "f_nested": 280.6857627093355,
      "f_nested_pvalue": 1.1102230246251565e-16
    },
    "opt": {
      "n_test": 200,
      "mae": 0.05970049051588186,
      "r2": 0.7568630358021461,
      "f_stat": 74.32068192260391,
      "f_pvalue": 1.1102230246251565e-16,
      "r2_null": 0.5019629576274092,
      "f_nested": 50.060173996986705,
      "f_nested_pvalue": 1.1102230246251565e-16
    },
    "pythia": {
      "n_test": 3520,
      "mae": 0.046054322483425544,
      "r2": 0.7805559075887556,
      "f_stat": 1561.064917168223,
      "f_pvalue": 1.1102230246251565e-16,
      "r2_null": 0.49360922202072843,
      "f_nested": 1147.7522611332329,
      "f_nested_pvalue": 1.1102230246251565e-16
    }
  },
  "summary": {
    "mean_r2": 0.7795224227593855,
    "r2_range": [
      0.7302170008011202,
      0.8514779325458072
    ],
    "mean_mae": 0.05045686334508046,
    "all_f_significant": true,
    "all_nested_significant": true,
    "fishers_combined_p": 0.0
  }
}