{
  "n_families": 8,
  "n_observations": 5460,
  "n_profiles": 268,
  "families": [
    "cerebras-gpt",
    "gemma2",
    "gpt2",
    "olmo2",
    "opt",
    "phi",
    "pythia",
    "qwen2.5"
  ],
  "lofo_results": {
    "cerebras-gpt": {
      "r2": 0.7319986030667209,
      "mae": 0.049191575625977806,
      "n_obs": 236,
      "n_profiles": 12,
      "mean_shape_rho": 0.7629047646660978
    },
    "gemma2": {
      "r2": -2.4167427617390005,
      "mae": 0.1834472575202982,
      "n_obs": 108,
      "n_profiles": 4,
      "mean_shape_rho": 0.6766760405955112
    },
    "gpt2": {
      "r2": 0.8501181678015736,
      "mae": 0.04163298119066793,
      "n_obs": 300,
      "n_profiles": 12,
      "mean_shape_rho": 0.8054677757037418
    },
    "olmo2": {
      "r2": 0.7704018707410163,
      "mae": 0.056185116369607276,
      "n_obs": 748,
      "n_profiles": 44,
      "mean_shape_rho": 0.9040447221290464
    },
    "opt": {
      "r2": 0.7758244054515775,
      "mae": 0.05722254527613377,
      "n_obs": 200,
      "n_profiles": 8,
      "mean_shape_rho": 0.8310238765125888
    },
    "phi": {
      "r2": 0.44794752935587434,
      "mae": 0.07205977363213888,
      "n_obs": 132,
      "n_profiles": 4,
      "mean_shape_rho": 0.7237670492204938
    },
    "pythia": {
      "r2": 0.782922435814639,
      "mae": 0.046350625562655776,
      "n_obs": 3520,
      "n_profiles": 176,
      "mean_shape_rho": 0.9138910297240657
    },
    "qwen2.5": {
      "r2": 0.7414189769073642,
      "mae": 0.05576334093366202,
      "n_obs": 216,
      "n_profiles": 8,
      "mean_shape_rho": 0.8971047482233974
    }
  },
  "parameter_stability": {
    "cerebras-gpt": {
      "alpha": 0.09709551447880159,
      "beta": 0.671914387808468,
      "mu_0": -0.6379640772887648,
      "mu_1": 0.06944489986953087
    },
    "gemma2": {
      "alpha": 0.10587206159312537,
      "beta": 0.6812466680193173,
      "mu_0": -0.5710194649182588,
      "mu_1": 0.06713090321164024
    },
    "gpt2": {
      "alpha": 0.10229480448888756,
      "beta": 0.6133048138706514,
      "mu_0": -0.7453226097259834,
      "mu_1": 0.07603041907473423
    },
    "olmo2": {
      "alpha": 0.07433859401023273,
      "beta": 0.685773540268038,
      "mu_0": -0.2948050119419425,
      "mu_1": 0.055981365977739714
    },
    "opt": {
      "alpha": 0.0997959271702538,
      "beta": 0.6399510851437192,
      "mu_0": -0.6904366743684176,
      "mu_1": 0.0727060450774597
    },
    "phi": {
      "alpha": 0.11611466202036047,
      "beta": 0.5555304039242074,
      "mu_0": -1.0554815032116307,
      "mu_1": 0.091215495402715
    },
    "pythia": {
      "alpha": 0.06263149901665226,
      "beta": 0.683630018276039,
      "mu_0": 0.19237652884633819,
      "mu_1": 0.038365849181258065
    },
    "qwen2.5": {
      "alpha": 0.15863310081963053,
      "beta": 0.44856630745848947,
      "mu_0": -2.0,
      "mu_1": 0.13456553795906573
    }
  },
  "summary": {
    "mean_r2": 0.3354861534249707,
    "se_r2": 0.36991362878778444,
    "mean_mae": 0.07023165201389271,
    "mean_shape_rho": 0.8143600008468679,
    "original_5_mean_r2": 0.7822530965751056,
    "new_3_mean_r2": -0.40912541849192063
  }
}