{
  "experiment": "phi_jacobian_synthetic",
  "K": 14,
  "d": 50,
  "N_per_class": 2000,
  "kappa_j1_fixed": 0.4,
  "gap_list": [
    0.15,
    0.25,
    0.35,
    0.5,
    0.7,
    1.0
  ],
  "delta_list": [
    0.02,
    0.04,
    0.06,
    0.08,
    0.1
  ],
  "tau_star_pooled": 0.2,
  "records": [
    {
      "gap_requested": 0.15,
      "kappa_j1": 0.40192292776151783,
      "kappa_j2": 0.5492882671235139,
      "gap_actual": 0.14736533936199603,
      "q_base": 0.6742307692307693,
      "logit_base": 0.7273831902691803,
      "n_test_ci": 400,
      "slope_j1": 3.3166023929481487,
      "slope_j2": 2.148953632017221,
      "r_j1": 0.9941217545384414,
      "r_j2": 0.979095211545507,
      "w_empirical": 0.647938274598844,
      "tau_star_est": 0.33958289444868833,
      "w_phi_tau02": 0.47863034740771154,
      "j1_deltas": [
        0.0,
        0.02,
        0.04,
        0.06,
        0.08,
        0.1
      ],
      "j1_dlogits": [
        0.0,
        0.087160650449294,
        0.16426783766782582,
        0.23047267185933618,
        0.2711456398419466,
        0.34069237453884726
      ],
      "j2_deltas": [
        0.0,
        0.02,
        0.04,
        0.06,
        0.08,
        0.1
      ],
      "j2_dlogits": [
        0.0,
        0.037014199079366206,
        0.09984832735846116,
        0.16426783766782582,
        0.17735913878709808,
        0.20376264259589894
      ]
    },
    {
      "gap_requested": 0.25,
      "kappa_j1": 0.40192292776151783,
      "kappa_j2": 0.6492296854656138,
      "gap_actual": 0.24730675770409594,
      "q_base": 0.7173076923076923,
      "logit_base": 0.9311458328650792,
      "n_test_ci": 400,
      "slope_j1": 4.518398169380119,
      "slope_j2": 1.4867833590144288,
      "r_j1": 0.9979267724058923,
      "r_j2": 0.9842490024229091,
      "w_empirical": 0.3290509829545193,
      "tau_star_est": 0.22248968492806684,
      "w_phi_tau02": 0.2903890252685817,
      "j1_deltas": [
        0.0,
        0.02,
        0.04,
        0.06,
        0.08,
        0.1
      ],
      "j1_dlogits": [
        0.0,
        0.10883420234478125,
        0.1943137058392186,
        0.29901175045592376,
        0.3616224702439885,
        0.45996317405035136
      ],
      "j2_deltas": [
        0.0,
        0.02,
        0.04,
        0.06,
        0.08,
        0.1
      ],
      "j2_dlogits": [
        0.0,
        0.013315775975772048,
        0.06738299724604768,
        0.09492711142193522,
        0.1228343017822624,
        0.13692973194294833
      ]
    },
    {
      "gap_requested": 0.35,
      "kappa_j1": 0.40192292776151783,
      "kappa_j2": 0.7491969090627558,
      "gap_actual": 0.347273981301238,
      "q_base": 0.7442307692307691,
      "logit_base": 1.0680755648080276,
      "n_test_ci": 400,
      "slope_j1": 5.07283590041615,
      "slope_j2": 0.4900863963700758,
      "r_j1": 0.9971833140680475,
      "r_j2": 0.9384759198572574,
      "w_empirical": 0.096609944810135,
      "tau_star_est": 0.14859351544863553,
      "w_phi_tau02": 0.17615871394889226,
      "j1_deltas": [
        0.0,
        0.02,
        0.04,
        0.06,
        0.08,
        0.1
      ],
      "j1_dlogits": [
        0.0,
        0.1315689490916505,
        0.2246927383010402,
        0.3399956065448335,
        0.4096630526742646,
        0.5202799902599338
      ],
      "j2_deltas": [
        0.0,
        0.02,
        0.04,
        0.06,
        0.08,
        0.1
      ],
      "j2_dlogits": [
        0.0,
        0.0,
        0.014193152717925539,
        0.014193152717925539,
        0.04288255968238164,
        0.04288255968238164
      ]
    },
    {
      "gap_requested": 0.5,
      "kappa_j1": 0.40192292776151783,
      "kappa_j2": 0.8991773015265241,
      "gap_actual": 0.49725437376500625,
      "q_base": 0.7523076923076923,
      "logit_base": 1.1109581244904092,
      "n_test_ci": 400,
      "slope_j1": 5.367959083767982,
      "slope_j2": 0.39656250576057744,
      "r_j1": 0.9973659910265978,
      "r_j2": 0.9683213084017244,
      "w_empirical": 0.07387584360688058,
      "tau_star_est": 0.19085753322751314,
      "w_phi_tau02": 0.08321964270421132,
      "j1_deltas": [
        0.0,
        0.02,
        0.04,
        0.06,
        0.08,
        0.1
      ],
      "j1_dlogits": [
        0.0,
        0.13464873697051694,
        0.23027288549105274,
        0.34907971087503054,
        0.42110307601284247,
        0.5558803032253266
      ],
      "j2_deltas": [
        0.0,
        0.02,
        0.04,
        0.06,
        0.08,
        0.1
      ],
      "j2_dlogits": [
        0.0,
        0.01450141421388862,
        0.01450141421388862,
        0.029110877856046935,
        0.029110877856046935,
        0.0438311798927542
      ]
    },
    {
      "gap_requested": 0.7,
      "kappa_j1": 0.40192292776151783,
      "kappa_j2": 1.0991837460199394,
      "gap_actual": 0.6972608182584216,
      "q_base": 0.7603846153846153,
      "logit_base": 1.1547893043831634,
      "n_test_ci": 400,
      "slope_j1": 5.929801644555576,
      "slope_j2": 0.0,
      "r_j1": 0.9968936116824086,
      "r_j2": NaN,
      "w_empirical": null,
      "tau_star_est": null,
      "w_phi_tau02": 0.03061380918416069,
      "j1_deltas": [
        0.0,
        0.02,
        0.04,
        0.06,
        0.08,
        0.1
      ],
      "j1_dlogits": [
        0.0,
        0.13797899872590436,
        0.2532818669696977,
        0.37727189612008827,
        0.4528035890773676,
        0.6164794701968246
      ],
      "j2_deltas": [
        0.0,
        0.02,
        0.04,
        0.06,
        0.08,
        0.1
      ],
      "j2_dlogits": [
        0.0,
        0.0,
        0.0,
        0.0,
        0.0,
        0.0
      ]
    },
    {
      "gap_requested": 1.0,
      "kappa_j1": 0.40192292776151783,
      "kappa_j2": 1.3992308026855909,
      "gap_actual": 0.997307874924073,
      "q_base": 0.7603846153846153,
      "logit_base": 1.1547893043831634,
      "n_test_ci": 400,
      "slope_j1": 5.929801644555576,
      "slope_j2": 0.0,
      "r_j1": 0.9968936116824086,
      "r_j2": NaN,
      "w_empirical": null,
      "tau_star_est": null,
      "w_phi_tau02": 0.006829257146621598,
      "j1_deltas": [
        0.0,
        0.02,
        0.04,
        0.06,
        0.08,
        0.1
      ],
      "j1_dlogits": [
        0.0,
        0.13797899872590436,
        0.2532818669696977,
        0.37727189612008827,
        0.4528035890773676,
        0.6164794701968246
      ],
      "j2_deltas": [
        0.0,
        0.02,
        0.04,
        0.06,
        0.08,
        0.1
      ],
      "j2_dlogits": [
        0.0,
        0.0,
        0.0,
        0.0,
        0.0,
        0.0
      ]
    }
  ],
  "n_valid_w": 4,
  "corr_log_w_gap_r": 0.9502135261036684,
  "corr_pass": true,
  "tau_star_median": 0.20667360907778998,
  "tau_star_from_regression": 0.15328425830161752
}