{
  "experiment": "CTI Comprehensive Analysis",
  "n_observations": 2420,
  "models": [
    "pythia-160m",
    "pythia-1b",
    "pythia-410m"
  ],
  "datasets": [
    "agnews",
    "clinc",
    "dbpedia_classes",
    "trec"
  ],
  "fit_universal": {
    "params": {
      "alpha": 0.09953687659495428,
      "beta": 0.6980287494111158,
      "mu_0": -0.5263609442407915,
      "mu_1": 0.06415990737499641,
      "b": -2.6982218222269854
    },
    "mae": 0.08785989027377493,
    "r2": 0.29681125515792683
  },
  "fit_ds_intercept": {
    "params": {
      "alpha": 0.10283967399581169,
      "beta": 0.7490853636544128,
      "mu_0": -0.5267828244488699,
      "mu_1": 0.06340522196065536,
      "b_d": {
        "agnews": -2.8646417199067757,
        "clinc": -3.138949935174419,
        "dbpedia_classes": -3.0359215506135446,
        "trec": -2.1152830249181642
      }
    },
    "mae": 0.03609137953285165,
    "r2": 0.8418979640694485
  },
  "fit_polynomial": {
    "params": {
      "a0": 0.9992397963805206,
      "a1": 0.0048889043693078425,
      "a2": -0.4431392362533898,
      "a3": 0.08319384352110511,
      "a4": -0.6787975024350148,
      "a5": -0.004022889746735753,
      "b_d": {
        "agnews": -2.276472665392614,
        "clinc": -2.5508327700192805,
        "dbpedia_classes": -2.4477867077946964,
        "trec": -1.5271296499983815
      }
    },
    "mae": 0.03634216809407449,
    "r2": 0.8408582266999322
  }
}