{
  "experiment": "keff_normalization_test",
  "n_points": 261,
  "n_datasets": 5,
  "keff_values": {
    "agnews": 12.88978145828975,
    "arxiv": 62.14486271722855,
    "clinc": 147.26423698028626,
    "dbpedia_classes": 37.01394448036449,
    "yahoo": 8.854364911194223
  },
  "normalization_comparison": {
    "raw kappa": {
      "rho": 0.7070146664776831,
      "r": 0.7462785887163537,
      "r2": 0.5702182600569878,
      "mae": 0.09665215892403736
    },
    "kappa/sqrt(K)": {
      "rho": 0.8975607616039308,
      "r": 0.8995707826099388,
      "r2": 0.8119225875555087,
      "mae": 0.060485039724933326
    },
    "kappa/sqrt(K_eff)": {
      "rho": 0.8955663096226402,
      "r": 0.8844475541848793,
      "r2": 0.7983001989968165,
      "mae": 0.0593896381290766
    },
    "kappa/K": {
      "rho": 0.908888978881082,
      "r": 0.7710848948490209,
      "r2": 0.7267349054859302,
      "mae": 0.0695269061852482
    },
    "kappa/K_eff": {
      "rho": 0.8724205425179367,
      "r": 0.789119314157649,
      "r2": 0.6786599469428899,
      "mae": 0.07465972128115296
    },
    "kappa/log(K)": {
      "rho": 0.8109522748901533,
      "r": 0.8315784500705121,
      "r2": 0.7031072871890183,
      "mae": 0.07880445577793922
    },
    "kappa/log(K_eff)": {
      "rho": 0.8214982350281113,
      "r": 0.8444993783203456,
      "r2": 0.7260718279278804,
      "mae": 0.07418586577676506
    }
  },
  "keff_beats_k": false,
  "improvement": {
    "dr2": -0.013622388558692244,
    "drho": -0.001994451981290668
  }
}