{
  "experiment": "k_scaling_abcs",
  "timestamp": "2026-02-23T00:59:21.396943",
  "results": [
    {
      "name": "newsgroups-l0",
      "K": 6,
      "d": 384,
      "baseline": {
        "acc": 0.7461458333333333,
        "q": 0.695375,
        "logit": 0.8253697564500869,
        "kappa": 0.3278095098068313,
        "d_eff": 65.72640198662677,
        "kappa_eff": 2.657611397880475
      },
      "slopes_by_m": {
        "1": {
          "slope": 0.14769133595312584,
          "pearson_r": 0.9856095622628454
        },
        "2": {
          "slope": 0.41159429208232556,
          "pearson_r": 0.990905027799466
        },
        "3": {
          "slope": 0.6241642848515939,
          "pearson_r": 0.9877217737852241
        },
        "4": {
          "slope": 0.9069029162496164,
          "pearson_r": 0.9924336768266051
        },
        "5": {
          "slope": 0.9069029162496164,
          "pearson_r": 0.9924336768266051
        }
      },
      "analysis": {
        "r_scale": 0.972192360899684,
        "k_eff_estimated": 4,
        "k_eff_from_single": 6.770877877631843,
        "k_eff_over_K": 0.6666666666666666,
        "pass_A1": true
      }
    },
    {
      "name": "dbpedia-l0",
      "K": 9,
      "d": 384,
      "baseline": {
        "acc": 0.7123801583993331,
        "q": 0.6764276781992499,
        "logit": 0.7374028866658904,
        "kappa": 0.2972035542041199,
        "d_eff": 149.51797607310678,
        "kappa_eff": 3.634132048248169
      },
      "slopes_by_m": {
        "1": {
          "slope": 0.14518005156719677,
          "pearson_r": 0.8984413035188015
        },
        "2": {
          "slope": 0.2976977140446062,
          "pearson_r": 0.953270302767742
        },
        "3": {
          "slope": 0.4920393188550738,
          "pearson_r": 0.9571189623959349
        },
        "4": {
          "slope": 0.4920393188550738,
          "pearson_r": 0.9571189623959349
        },
        "5": {
          "slope": 0.4920393188550738,
          "pearson_r": 0.9571189623959349
        },
        "6": {
          "slope": 0.4920393188550738,
          "pearson_r": 0.9571189623959349
        },
        "7": {
          "slope": 0.7150662985540028,
          "pearson_r": 0.9647676335686781
        },
        "8": {
          "slope": 0.7603360630206488,
          "pearson_r": 0.9596303455606398
        }
      },
      "analysis": {
        "r_scale": 0.9329535223860896,
        "k_eff_estimated": 7,
        "k_eff_from_single": 6.887998650753674,
        "k_eff_over_K": 0.7777777777777778,
        "pass_A1": true
      }
    },
    {
      "name": "clinc-l0",
      "K": 10,
      "d": 384,
      "baseline": {
        "acc": 0.96275,
        "q": 0.9586111111111111,
        "logit": 3.1424730171525432,
        "kappa": 0.38779118086764747,
        "d_eff": 84.82811787108166,
        "kappa_eff": 3.571641361921389
      },
      "slopes_by_m": {
        "1": {
          "slope": 0.06430004032781735,
          "pearson_r": 0.9687652662919255
        },
        "2": {
          "slope": 0.08361696868001496,
          "pearson_r": 0.8453968521566528
        },
        "3": {
          "slope": 0.10760162332027615,
          "pearson_r": 0.9664964124416826
        },
        "4": {
          "slope": 0.2412357519269207,
          "pearson_r": 0.9833302715020502
        },
        "5": {
          "slope": 0.3306464513512934,
          "pearson_r": 0.972801874987414
        },
        "6": {
          "slope": 0.3306464513512934,
          "pearson_r": 0.972801874987414
        },
        "7": {
          "slope": 0.423395846858824,
          "pearson_r": 0.9921849371003457
        },
        "8": {
          "slope": 0.5105461544741772,
          "pearson_r": 0.9882067476496113
        },
        "9": {
          "slope": 0.6316960498676176,
          "pearson_r": 0.988040950387893
        }
      },
      "analysis": {
        "r_scale": 0.9816176488764322,
        "k_eff_estimated": 9,
        "k_eff_from_single": 15.552089755255928,
        "k_eff_over_K": 0.9,
        "pass_A1": true
      }
    },
    {
      "name": "newsgroups-l1",
      "K": 20,
      "d": 384,
      "baseline": {
        "acc": 0.66575,
        "q": 0.648157894736842,
        "logit": 0.6109518210185945,
        "kappa": 0.175676631152926,
        "d_eff": 109.84585380711046,
        "kappa_eff": 1.8412206162993907
      },
      "slopes_by_m": {
        "1": {
          "slope": 0.06389701190630555,
          "pearson_r": 0.821762138512233
        },
        "2": {
          "slope": 0.169573781924663,
          "pearson_r": 0.9286522719705269
        },
        "3": {
          "slope": 0.2005412165072076,
          "pearson_r": 0.934744453408032
        },
        "4": {
          "slope": 0.28099976364137236,
          "pearson_r": 0.9491518586239469
        },
        "5": {
          "slope": 0.381220236108145,
          "pearson_r": 0.9554441260598034
        },
        "6": {
          "slope": 0.381220236108145,
          "pearson_r": 0.9554441260598034
        },
        "7": {
          "slope": 0.47960077244284927,
          "pearson_r": 0.949472282054248
        },
        "8": {
          "slope": 0.5825127219768793,
          "pearson_r": 0.9664565133513976
        },
        "10": {
          "slope": 0.8177114056916058,
          "pearson_r": 0.9555552186286387
        },
        "12": {
          "slope": 0.9357507283617347,
          "pearson_r": 0.9638616820443577
        },
        "15": {
          "slope": 0.9357507283617347,
          "pearson_r": 0.9638616820443577
        },
        "19": {
          "slope": 1.3018790536254314,
          "pearson_r": 0.9563855013026203
        }
      },
      "analysis": {
        "r_scale": 0.990166075364812,
        "k_eff_estimated": 19,
        "k_eff_from_single": 15.650184079050787,
        "k_eff_over_K": 0.95,
        "pass_A1": true
      }
    }
  ],
  "scaling": {
    "k_values": [
      6,
      9,
      10,
      20
    ],
    "k_eff_est_vals": [
      4,
      7,
      9,
      19
    ],
    "pearson_r_k_scale": 0.998056891957287
  },
  "verdict": "H_KSCALE: K_eff SCALES with K. Multi-competitor law is density-adaptive."
}