{
  "experiment": "confusion_gumbel_test",
  "session": 41,
  "tau_star_prereg": 0.2,
  "preregistered": {
    "H1_threshold": 0.5,
    "H4_threshold": 0.5,
    "H2_tau_range": [
      0.1,
      0.5
    ],
    "H3_tau_factor": 2.0
  },
  "pooled": {
    "n_pairs": 151,
    "r_pearson_log_C": 0.7500634218687012,
    "p_pearson": 1.5245460478343335e-28,
    "rho_spearman_C": 0.7675278219703164,
    "p_spearman": 1.4156794648136492e-30,
    "tau_fit_pooled": 0.20092330025650468,
    "tau_r2_pooled": 0.5625951368253858
  },
  "per_class_tau": {
    "median": 0.02566582069469199,
    "mean": 0.4029548984715123,
    "std": 1.0426737966535378,
    "values": [
      0.0533669923120631,
      0.026560877829466867,
      0.023101297000831605,
      0.024770763559917114,
      0.1,
      4.037017258596554,
      0.012328467394420659,
      0.1519911082952934,
      1.072267222010323,
      0.010722672220103232,
      0.01,
      0.021544346900318846,
      0.08697490026177834,
      0.010722672220103232
    ]
  },
  "pass_H1": true,
  "pass_H2": false,
  "pass_H3": false,
  "pass_H4": true,
  "pass_prereg": false,
  "per_class": [
    {
      "ci": 0,
      "kappas": [
        0.4903253036145458,
        0.7952617897048689,
        0.8289107659374921,
        0.9656496736011513,
        0.722947941863062,
        0.7074570932862209,
        1.065712208227604,
        1.2709646076289154,
        1.3219366899836116,
        1.3073628182124952,
        0.753762924742153,
        0.7707609053360956,
        0.5874122746406601
      ],
      "confusions": [
        0.124,
        0.044,
        0.008,
        0.012,
        0.06,
        0.102,
        0.014,
        0.004,
        0.002,
        0.008,
        0.012,
        0.04,
        0.076
      ],
      "tau_fit": 0.0533669923120631,
      "tau_r2": 0.7646063722369786,
      "r_prereg": 0.8744177332585257,
      "r_dir_pearson": 0.7813877210881726,
      "p_dir": 0.0016086751090704933,
      "rho_spearman": 0.8980750331137711,
      "p_rho": 3.066330404683812e-05
    },
    {
      "ci": 1,
      "kappas": [
        0.4903253036145458,
        0.5761155558863914,
        0.5859156000904079,
        0.660416333551891,
        0.6654592718794751,
        0.49628440316547057,
        0.9809003192055338,
        1.178006949304004,
        1.3021085058947752,
        1.3347240012311397,
        0.7331431494490935,
        0.6470681745753105,
        0.454816596294777
      ],
      "confusions": [
        0.042,
        0.028,
        0.016,
        0.022,
        0.008,
        0.098,
        0.01,
        0.01,
        0.0,
        0.004,
        0.004,
        0.03,
        0.042
      ],
      "tau_fit": 0.026560877829466867,
      "tau_r2": 0.5222076023881446,
      "r_prereg": 0.722639330778601,
      "r_dir_pearson": 0.6199220579842654,
      "p_dir": 0.023816129773747738,
      "rho_spearman": 0.8938007555207935,
      "p_rho": 3.811202530579579e-05
    },
    {
      "ci": 2,
      "kappas": [
        0.7952617897048689,
        0.5761155558863914,
        0.35853271090772926,
        0.49690297988054277,
        0.7121073328937495,
        0.5208445198859005,
        0.8493632327436111,
        1.0021307296500626,
        1.1772937008093856,
        1.244673614113293,
        0.7210559488020346,
        0.4375434845652079,
        0.4686169659191611
      ],
      "confusions": [
        0.014,
        0.024,
        0.142,
        0.154,
        0.006,
        0.024,
        0.0,
        0.01,
        0.0,
        0.0,
        0.008,
        0.058,
        0.046
      ],
      "tau_fit": 0.023101297000831605,
      "tau_r2": 0.6306504653947339,
      "r_prereg": 0.7941350422911291,
      "r_dir_pearson": 0.6623323912649101,
      "p_dir": 0.01364075408346023,
      "rho_spearman": 0.8879880396595828,
      "p_rho": 5.05046759077894e-05
    },
    {
      "ci": 3,
      "kappas": [
        0.8289107659374921,
        0.5859156000904079,
        0.35853271090772926,
        0.48035251855024697,
        0.7183398982206741,
        0.5752457866270266,
        0.9284909505769976,
        1.0371459614148801,
        1.3201623526865027,
        1.3907319189468434,
        0.7649719295815283,
        0.611043879963826,
        0.6615875135553482
      ],
      "confusions": [
        0.006,
        0.014,
        0.15,
        0.074,
        0.0,
        0.018,
        0.004,
        0.004,
        0.008,
        0.0,
        0.002,
        0.004,
        0.006
      ],
      "tau_fit": 0.024770763559917114,
      "tau_r2": 0.3676158926999795,
      "r_prereg": 0.606313361802277,
      "r_dir_pearson": 0.5616449915765866,
      "p_dir": 0.045776802953220834,
      "rho_spearman": 0.6786937958948516,
      "p_rho": 0.01075625896387116
    },
    {
      "ci": 4,
      "kappas": [
        0.9656496736011513,
        0.660416333551891,
        0.49690297988054277,
        0.48035251855024697,
        0.8406266349906649,
        0.691828211187135,
        1.1091846447348923,
        1.1523437065848403,
        1.4464942376092473,
        1.5146054785101177,
        0.9651045902827846,
        0.7428167686985734,
        0.6822217348688243
      ],
      "confusions": [
        0.006,
        0.018,
        0.078,
        0.038,
        0.0,
        0.004,
        0.002,
        0.008,
        0.0,
        0.0,
        0.0,
        0.016,
        0.012
      ],
      "tau_fit": 0.1,
      "tau_r2": 0.5946609591773265,
      "r_prereg": 0.7711426321876688,
      "r_dir_pearson": 0.6362008950779924,
      "p_dir": 0.019407583819317585,
      "rho_spearman": 0.7744483754330976,
      "p_rho": 0.001882961186681872
    },
    {
      "ci": 5,
      "kappas": [
        0.722947941863062,
        0.6654592718794751,
        0.7121073328937495,
        0.7183398982206741,
        0.8406266349906649,
        0.4633953566545049,
        0.7403880110916677,
        1.1573314383876367,
        1.167449440912423,
        1.2151316961337681,
        0.721423354218999,
        0.6644242529036494,
        0.6468349128084768
      ],
      "confusions": [
        0.018,
        0.016,
        0.002,
        0.0,
        0.004,
        0.072,
        0.022,
        0.002,
        0.006,
        0.002,
        0.008,
        0.03,
        0.02
      ],
      "tau_fit": 4.037017258596554,
      "tau_r2": 0.5712177142007339,
      "r_prereg": 0.7557894642033146,
      "r_dir_pearson": 0.6248135307289305,
      "p_dir": 0.022420650142649157,
      "rho_spearman": 0.5580195663109282,
      "p_rho": 0.047503745006870206
    },
    {
      "ci": 6,
      "kappas": [
        0.7074570932862209,
        0.49628440316547057,
        0.5208445198859005,
        0.5752457866270266,
        0.691828211187135,
        0.4633953566545049,
        0.6733634734834061,
        1.1246497119469006,
        1.1771841928212075,
        1.2378687311340595,
        0.5887392070273142,
        0.46390964490791464,
        0.47123138496357875
      ],
      "confusions": [
        0.046,
        0.082,
        0.014,
        0.014,
        0.018,
        0.036,
        0.074,
        0.014,
        0.002,
        0.004,
        0.006,
        0.038,
        0.052
      ],
      "tau_fit": 0.012328467394420659,
      "tau_r2": 0.4776056449335543,
      "r_prereg": 0.6910901858177078,
      "r_dir_pearson": 0.5171042227846023,
      "p_dir": 0.07035236887520316,
      "rho_spearman": 0.5414447277076332,
      "p_rho": 0.05599815466136086
    },
    {
      "ci": 7,
      "kappas": [
        1.065712208227604,
        0.9809003192055338,
        0.8493632327436111,
        0.9284909505769976,
        1.1091846447348923,
        0.7403880110916677,
        0.6733634734834061,
        0.8506568141788602,
        0.7664858654042279,
        0.8690938213274964,
        0.940654299845455,
        0.7101448275673623,
        0.8855394946282537
      ],