{
  "pythia-160m": {
    "model": "pythia-160m",
    "kappa_whitened": 0.33704280853271484,
    "kappa_whitened_std": 0.07623579353094101,
    "rho_whitened": 0.8498744368553162,
    "d_eff": 125.85810298374805,
    "V": 50304,
    "d_model": 768,
    "n_tokens": 10082,
    "sigma_W_trace": 5688.70849609375,
    "sigma_W_top_eigenvalue": 289.6723327636719,
    "name": "Pythia-160M",
    "hf_id": "EleutherAI/pythia-160m",
    "time_s": 45.57952070236206
  },
  "pythia-410m": {
    "model": "pythia-410m",
    "kappa_whitened": 0.9339703917503357,
    "kappa_whitened_std": 0.1788620948791504,
    "rho_whitened": 0.012074965983629227,
    "d_eff": 51.53880616644251,
    "V": 50304,
    "d_model": 1024,
    "n_tokens": 10082,
    "sigma_W_trace": 7979.69970703125,
    "sigma_W_top_eigenvalue": 642.22314453125,
    "name": "Pythia-410M",
    "hf_id": "EleutherAI/pythia-410m",
    "time_s": 104.74913454055786
  },
  "pythia-1b": {
    "model": "pythia-1b",
    "kappa_whitened": 0.9875041842460632,
    "kappa_whitened_std": 0.1763441413640976,
    "rho_whitened": 0.01264263316988945,
    "d_eff": 51.12374730546456,
    "V": 50304,
    "d_model": 2048,
    "n_tokens": 10082,
    "sigma_W_trace": 7836.61962890625,
    "sigma_W_top_eigenvalue": 709.301513671875,
    "name": "Pythia-1B",
    "hf_id": "EleutherAI/pythia-1b",
    "time_s": 620.6309552192688
  },
  "pythia-1.4b": {
    "model": "pythia-1.4b",
    "kappa_whitened": 0.9615317583084106,
    "kappa_whitened_std": 0.17459380626678467,
    "rho_whitened": 0.009015792980790138,
    "d_eff": 50.46060600928437,
    "V": 50304,
    "d_model": 2048,
    "n_tokens": 10082,
    "sigma_W_trace": 8865.923828125,
    "sigma_W_top_eigenvalue": 796.6777954101562,
    "name": "Pythia-1.4B",
    "hf_id": "EleutherAI/pythia-1.4b",
    "time_s": 654.3788478374481
  },
  "pythia-2.8b": {
    "model": "pythia-2.8b",
    "kappa_whitened": 0.962346613407135,
    "kappa_whitened_std": 0.17600399255752563,
    "rho_whitened": 0.009606756269931793,
    "d_eff": 62.663557937005564,
    "V": 50304,
    "d_model": 2560,
    "n_tokens": 10082,
    "sigma_W_trace": 9241.140625,
    "sigma_W_top_eigenvalue": 668.6948852539062,
    "name": "Pythia-2.8B",
    "hf_id": "EleutherAI/pythia-2.8b",
    "time_s": 553.8040292263031
  },
  "gpt2": {
    "model": "gpt2",
    "kappa_whitened": 0.879016101360321,
    "kappa_whitened_std": 0.13769955933094025,
    "rho_whitened": 0.18035230040550232,
    "d_eff": 2.0898256210132002,
    "V": 50257,
    "d_model": 768,
    "n_tokens": 10134,
    "sigma_W_trace": 7500.8134765625,
    "sigma_W_top_eigenvalue": 5132.126953125,
    "name": "GPT-2",
    "hf_id": "openai-community/gpt2",
    "time_s": 40.37292504310608
  },
  "qwen3-0.6b": {
    "model": "qwen3-0.6b",
    "kappa_whitened": 0.9077990651130676,
    "kappa_whitened_std": 0.2250126153230667,
    "rho_whitened": 0.027690531685948372,
    "d_eff": 27.875168718595862,
    "V": 151936,
    "d_model": 1024,
    "n_tokens": 10106,
    "sigma_W_trace": 7340.84326171875,
    "sigma_W_top_eigenvalue": 1066.701171875,
    "name": "Qwen3-0.6B",
    "hf_id": "Qwen/Qwen3-0.6B",
    "time_s": 129.9342474937439
  },
  "qwen3-1.7b": {
    "model": "qwen3-1.7b",
    "kappa_whitened": 0.9421947002410889,
    "kappa_whitened_std": 0.22589269280433655,
    "rho_whitened": 0.00999930314719677,
    "d_eff": 19.61079185068504,
    "V": 151936,
    "d_model": 2048,
    "n_tokens": 10106,
    "sigma_W_trace": 6062.7763671875,
    "sigma_W_top_eigenvalue": 1092.181640625,
    "name": "Qwen3-1.7B",
    "hf_id": "Qwen/Qwen3-1.7B",
    "time_s": 1449.8439865112305
  },
  "mamba-130m": {
    "model": "mamba-130m",
    "kappa_whitened": 0.8978186845779419,
    "kappa_whitened_std": 0.18896527588367462,
    "rho_whitened": 0.062478095293045044,
    "d_eff": 6.8659061329661055,
    "V": 50280,
    "d_model": 768,
    "n_tokens": 10082,
    "sigma_W_trace": 3334.309814453125,
    "sigma_W_top_eigenvalue": 828.0084838867188,
    "name": "Mamba-130M",
    "hf_id": "state-spaces/mamba-130m-hf",
    "time_s": 70.37529397010803
  },
  "mamba-370m": {
    "model": "mamba-370m",
    "kappa_whitened": 0.9118185043334961,
    "kappa_whitened_std": 0.19030466675758362,
    "rho_whitened": 0.044049568474292755,
    "d_eff": 7.130689751581302,
    "V": 50280,
    "d_model": 1024,
    "n_tokens": 10082,
    "sigma_W_trace": 9076.15625,
    "sigma_W_top_eigenvalue": 2225.3115234375,
    "name": "Mamba-370M",
    "hf_id": "state-spaces/mamba-370m-hf",
    "time_s": 168.1718566417694
  },
  "mamba-790m": {
    "model": "mamba-790m",
    "kappa_whitened": 0.9364373683929443,
    "kappa_whitened_std": 0.1936648041009903,
    "rho_whitened": 0.027296269312500954,
    "d_eff": 4.5703017367566074,
    "V": 50280,
    "d_model": 1536,
    "n_tokens": 10082,
    "sigma_W_trace": 9069.1796875,
    "sigma_W_top_eigenvalue": 3207.057861328125,
    "name": "Mamba-790M",
    "hf_id": "state-spaces/mamba-790m-hf",
    "time_s": 243.83058142662048
  },
  "smollm2-360m": {
    "model": "smollm2-360m",
    "name": "SmolLM2-360M",
    "hf_id": "HuggingFaceTB/SmolLM2-360M",
    "kappa_whitened": 0.8763687014579773,
    "kappa_whitened_std": 0.1948878914117813,
    "rho_whitened": 0.03161230683326721,
    "d_eff": 7.197103232320279,
    "V": 49152,
    "d_model": 960,
    "n_tokens": 10003,
    "sigma_W_trace": 1911.0166015625,
    "sigma_W_top_eigenvalue": 621.8309936523438,
    "time_s": 49.59501004219055
  },
  "qwen2-0.5b": {
    "model": "qwen2-0.5b",
    "name": "Qwen2-0.5B",
    "hf_id": "Qwen/Qwen2-0.5B",
    "kappa_whitened": 0.9251497387886047,
    "kappa_whitened_std": 0.22281236946582794,
    "rho_whitened": 0.04333801567554474,
    "d_eff": 24.436349360903343,
    "V": 151936,
    "d_model": 896,
    "n_tokens": 10106,
    "sigma_W_trace": 30116.806640625,
    "sigma_W_top_eigenvalue": 4378.654296875,
    "time_s": 90.51331067085266
  },
  "falcon-h1-0.5b": {
    "model": "falcon-h1-0.5b",
    "name": "Falcon-H1-0.5B",
    "hf_id": "tiiuae/Falcon-H1-0.5B-Base",
    "kappa_whitened": 0.8470748066902161,
    "kappa_whitened_std": 0.21554993093013763,
    "rho_whitened": 0.021387476474046707,
    "d_eff": 4.039317771473598,
    "V": 32784,
    "d_model": 1024,
    "n_tokens": 10063,
    "sigma_W_trace": 246346.359375,
    "sigma_W_top_eigenvalue": 120413.265625,
    "time_s": 103.96366119384766
  },
  "granite-micro": {
    "model": "granite-micro",
    "name": "Granite-Micro",
    "hf_id": "ibm-granite/granite-4.0-micro",
    "kappa_whitened": 0.961790144443512,
    "kappa_whitened_std": 0.174160897731781,
    "rho_whitened": 0.009493697434663773,
    "d_eff": 61.42242407870916,
    "V": 100352,
    "d_model": 2560,
    "n_tokens": 10012,
    "sigma_W_trace": 319254.0,
    "sigma_W_top_eigenvalue": 30885.376953125,
    "time_s": 787.2648646831512
  },
  "qwen3-4b": {
    "model": "qwen3-4b",
    "name": "Qwen3-4B",
    "hf_id": "Qwen/Qwen3-4B",
    "kappa_whitened": 0.9670687913894653,
    "kappa_whitened_std": 0.21858055889606476,
    "rho_whitened": 0.018341023474931717,
    "d_eff": 35.02922787747418,
    "V": 151936,
    "d_model": 2560,
    "n_tokens": 10106,
    "sigma_W_trace": 11678.6181640625,
    "sigma_W_top_eigenvalue": 1476.58544921875,
    "time_s": 1019.3626017570496
  },
  "mamba-1.4b": {
    "model": "mamba-1.4b",
    "kappa_whitened": 0.9240765571594238,
    "kappa_whitened_std": 0.2057499885559082,
    "rho_whitened": 0.009899450466036797,
    "d_eff": 7.772103773231245,
    "V": 50280,
    "d_model": 2048,
    "n_tokens": 10082,
    "sigma_W_trace": 3395.71142578125,
    "sigma_W_top_eigenvalue": 898.017578125,
    "name": "Mamba-1.4B",
    "hf_id": "state-spaces/mamba-1.4b-hf",
    "time_s": 579.1871535778046
  }
}