{
  "experiment": "checkpoint_phase_diagram",
  "description": "Arm B effect as training progresses. Tests 1-layer law increasingly accurate.",
  "config": {
    "model": "EleutherAI/pythia-160m",
    "layer": 12,
    "n_sample": 1000,
    "checkpoints": [
      "step512",
      "step2000",
      "step16000",
      "step48000",
      "step143000"
    ],
    "focus_classes": 6
  },
  "results": {
    "step512": {
      "step_rev": "step512",
      "mean_kappa_j1": 0.4361813637562466,
      "mean_arm_A_r": 0.9720053914575942,
      "mean_arm_B_j2_r": 0.8312154386618318,
      "per_class": {
        "0": {
          "ci": 0,
          "j1": 1,
          "j2": 13,
          "kappa_j1": 0.49143045017890585,
          "kappa_j2": 0.5323735790528624,
          "margin": 1.0833141876957761,
          "q_ci_baseline": 0.33230769230769236,
          "arm_A_r": 0.9624157198908807,
          "arm_A_p": 3.2664937389990395e-05,
          "arm_B_r_kappa_j1_unchanged": 0.0,
          "arm_B_r_kappa_j2": 0.7827919899441247,
          "arm_B_p": 0.012622498565097484
        },
        "1": {
          "ci": 1,
          "j1": 13,
          "j2": 0,
          "kappa_j1": 0.46045291170060704,
          "kappa_j2": 0.49143045017890585,
          "margin": 1.067276235168458,
          "q_ci_baseline": 0.5015384615384616,
          "arm_A_r": 0.9539129902112772,
          "arm_A_p": 6.613633985272122e-05,
          "arm_B_r_kappa_j1_unchanged": 0.0,
          "arm_B_r_kappa_j2": 0.9341491080154302,
          "arm_B_p": 0.00022613387531204897
        },
        "2": {
          "ci": 2,
          "j1": 3,
          "j2": 12,
          "kappa_j1": 0.3606876460215215,
          "kappa_j2": 0.43862696973760834,
          "margin": 1.216085370414455,
          "q_ci_baseline": 0.4369230769230769,
          "arm_A_r": 0.9438513019122501,
          "arm_A_p": 0.00013070033076295403,
          "arm_B_r_kappa_j1_unchanged": 0.0,
          "arm_B_r_kappa_j2": 0.7071182215316947,
          "arm_B_p": 0.033141380458656014
        },
        "3": {
          "ci": 3,
          "j1": 2,
          "j2": 4,
          "kappa_j1": 0.3606876460215215,
          "kappa_j2": 0.49821137120260667,
          "margin": 1.3812820498841016,
          "q_ci_baseline": 0.6564102564102564,
          "arm_A_r": 0.9593532435190044,
          "arm_A_p": 4.28389876206687e-05,
          "arm_B_r_kappa_j1_unchanged": 0.0,
          "arm_B_r_kappa_j2": 0.7263897178474341,
          "arm_B_p": 0.02666585293463238
        },
        "4": {
          "ci": 4,
          "j1": 3,
          "j2": 2,
          "kappa_j1": 0.49821137120260667,
          "kappa_j2": 0.5494956215489818,
          "margin": 1.1029367316773382,
          "q_ci_baseline": 0.6994871794871794,
          "arm_A_r": 0.9831141971261483,
          "arm_A_p": 2.0263370246702195e-06,
          "arm_B_r_kappa_j1_unchanged": 0.0,
          "arm_B_r_kappa_j2": 0.8948336629842769,
          "arm_B_p": 0.001119037557161971
        },
        "5": {
          "ci": 5,
          "j1": 6,
          "j2": 12,
          "kappa_j1": 0.44561815741231703,
          "kappa_j2": 0.6678184155927348,
          "margin": 1.4986337615164975,
          "q_ci_baseline": 0.606153846153846,
          "arm_A_r": 0.9929232143492772,
          "arm_A_p": 9.749253376986024e-08,
          "arm_B_r_kappa_j1_unchanged": 0.0,
          "arm_B_r_kappa_j2": 0.821583918962956,
          "arm_B_p": 0.0066026457817987905
        }
      }
    },
    "step2000": {
      "step_rev": "step2000",
      "mean_kappa_j1": 0.7444176851793065,
      "mean_arm_A_r": 0.9404325881068377,
      "mean_arm_B_j2_r": 0.23790641037566346,
      "per_class": {
        "0": {
          "ci": 0,
          "j1": 5,
          "j2": 13,
          "kappa_j1": 0.7892796353766174,
          "kappa_j2": 0.8470797045514749,
          "margin": 1.073231420749826,
          "q_ci_baseline": 0.5456410256410257,
          "arm_A_r": 0.8397656781226274,
          "arm_A_p": 0.004618628349866735,
          "arm_B_r_kappa_j1_unchanged": 0.0,
          "arm_B_r_kappa_j2": 0.0,
          "arm_B_p": 1.0
        },
        "1": {
          "ci": 1,
          "j1": 6,
          "j2": 0,
          "kappa_j1": 0.8191649694017756,
          "kappa_j2": 0.8764166745304122,
          "margin": 1.069890323878788,
          "q_ci_baseline": 0.8625641025641027,
          "arm_A_r": 0.932704828897748,
          "arm_A_p": 0.00024362327116147958,
          "arm_B_r_kappa_j1_unchanged": 0.0,
          "arm_B_r_kappa_j2": 0.0,
          "arm_B_p": 1.0
        },
        "2": {
          "ci": 2,
          "j1": 12,
          "j2": 13,
          "kappa_j1": 0.5535185500735501,
          "kappa_j2": 0.6661463290588121,
          "margin": 1.2034760693204387,
          "q_ci_baseline": 0.6030769230769231,
          "arm_A_r": 0.9868232419266244,
          "arm_A_p": 8.536704245682653e-07,
          "arm_B_r_kappa_j1_unchanged": 0.0,
          "arm_B_r_kappa_j2": 0.8967403016288746,
          "arm_B_p": 0.0010516474907009319
        },
        "3": {
          "ci": 3,
          "j1": 2,
          "j2": 4,
          "kappa_j1": 0.7820304416467487,
          "kappa_j2": 0.7972517647117564,
          "margin": 1.019463849682129,
          "q_ci_baseline": 0.9415384615384615,
          "arm_A_r": 0.9636346951758643,
          "arm_A_p": 2.9139823128385737e-05,
          "arm_B_r_kappa_j1_unchanged": 0.0,
          "arm_B_r_kappa_j2": 0.0,
          "arm_B_p": 1.0
        },
        "4": {
          "ci": 4,
          "j1": 2,
          "j2": 3,
          "kappa_j1": 0.7332328792005298,
          "kappa_j2": 0.7972517647117564,
          "margin": 1.0873104401323324,
          "q_ci_baseline": 0.832820512820513,
          "arm_A_r": 0.9847396132712969,
          "arm_A_p": 1.424148716866235e-06,
          "arm_B_r_kappa_j1_unchanged": 0.0,
          "arm_B_r_kappa_j2": 0.0,
          "arm_B_p": 1.0
        },
        "5": {
          "ci": 5,
          "j1": 0,
          "j2": 2,
          "kappa_j1": 0.7892796353766174,
          "kappa_j2": 0.9732372014413039,
          "margin": 1.233070204394164,
          "q_ci_baseline": 0.9230769230769231,
          "arm_A_r": 0.5477226126419785,
          "arm_A_p": 0.12687032087503095,
          "arm_B_r_kappa_j1_unchanged": 0.0,
          "arm_B_r_kappa_j2": 0.0,
          "arm_B_p": 1.0
        }
      }
    },
    "step16000": {
      "step_rev": "step16000",
      "mean_kappa_j1": 0.7958912546348946,
      "mean_arm_A_r": 0.850027744967895,
      "mean_arm_B_j2_r": 0.4580762460289543,
      "per_class": {
        "0": {
          "ci": 0,
          "j1": 13,
          "j2": 1,
          "kappa_j1": 0.7975583619832051,
          "kappa_j2": 0.8369281490504411,
          "margin": 1.0493628915937927,
          "q_ci_baseline": 0.6225641025641026,
          "arm_A_r": 0.792783129727173,
          "arm_A_p": 0.010817590774516087,
          "arm_B_r_kappa_j1_unchanged": 0.0,
          "arm_B_r_kappa_j2": 0.0,
          "arm_B_p": 1.0
        },
        "1": {
          "ci": 1,
          "j1": 0,
          "j2": 6,
          "kappa_j1": 0.8369281490504411,
          "kappa_j2": 0.8402130008488313,
          "margin": 1.0039248909260905,
          "q_ci_baseline": 0.9087179487179489,
          "arm_A_r": 0.5316787322958216,
          "arm_A_p": 0.14069129872560288,
          "arm_B_r_kappa_j1_unchanged": 0.0,
          "arm_B_r_kappa_j2": 0.5477225575051662,
          "arm_B_p": 0.1268703669236709
        },
        "2": {
          "ci": 2,
          "j1": 12,
          "j2": 13,
          "kappa_j1": 0.6018939324127734,
          "kappa_j2": 0.6576474239074055,
          "margin": 1.092630093747371,
          "q_ci_baseline": 0.6492307692307692,
          "arm_A_r": 0.926750277421714,
          "arm_A_p": 0.0003258494941429755,
          "arm_B_r_kappa_j1_unchanged": 0.0,
          "arm_B_r_kappa_j2": 0.8930769483312588,
          "arm_B_p": 0.0011837359074114357
        },