{
  "experiment": "crossdataset_topk_universality",
  "session": 43,
  "preregistered": {
    "K_dbpedia": 14,
    "k_star_dbpedia": 5,
    "fraction_dbpedia": 0.38461538461538464,
    "K_20ng": 20,
    "k_fraction_pred_20ng": 7,
    "H_absolute_criteria": "k*=5 >= 3/4 folds AND dR2>0 AND null_pct>=50",
    "H_fraction_criteria": "k* in {6,7,8} >= 3/4 folds AND dR2>0"
  },
  "architectures_20ng": [
    "deberta-base",
    "olmo-1b",
    "qwen3-0.6b",
    "mamba-130m"
  ],
  "n_arch_20ng": 4,
  "loao_results": [
    {
      "held_out": "deberta-base",
      "k_star": 10,
      "r2_by_k": {
        "1": 0.38571790648578963,
        "2": 0.3878103429543408,
        "3": 0.3590528139190512,
        "4": 0.31593722598118645,
        "5": 0.28436605536038495,
        "6": 0.26257372129756706,
        "7": 0.25801604746210827,
        "8": 0.23534744514236805,
        "9": 0.21917781716315388,
        "10": 0.20591258706541915,
        "12": 0.1730569190447362,
        "15": 0.14158806877457608,
        "19": 0.10766353255119498
      },
      "r2_base": 0.38571790648578963,
      "dr2_k5": -0.10135185112540468,
      "dr2_kfrac": -0.12770185902368136,
      "dr2_kstar": -0.17980531942037048
    },
    {
      "held_out": "olmo-1b",
      "k_star": 10,
      "r2_by_k": {
        "1": 0.35469715056294815,
        "2": 0.490158985521015,
        "3": 0.5406720658538616,
        "4": 0.5486424213551988,
        "5": 0.5786326215905104,
        "6": 0.5979521693179807,
        "7": 0.6066626577677132,
        "8": 0.6133946296783018,
        "9": 0.605510053875681,
        "10": 0.5904914355329097,
        "12": 0.5462063520309117,
        "15": 0.4456167453049602,
        "19": 0.33971115578136846
      },
      "r2_base": 0.35469715056294815,
      "dr2_k5": 0.22393547102756228,
      "dr2_kfrac": 0.25196550720476507,
      "dr2_kstar": 0.23579428496996158
    },
    {
      "held_out": "qwen3-0.6b",
      "k_star": 8,
      "r2_by_k": {
        "1": 0.1443034524579193,
        "2": 0.1747988602647682,
        "3": 0.19628347864819995,
        "4": 0.2495655668588187,
        "5": 0.3026466826236329,
        "6": 0.3132080360186449,
        "7": 0.34417840630676166,
        "8": 0.36426556241671426,
        "9": 0.3741619110793787,
        "10": 0.3851976231337265,
        "12": 0.3762073916738785,
        "15": 0.31202189002444947,
        "19": 0.25094062631010916
      },
      "r2_base": 0.1443034524579193,
      "dr2_k5": 0.1583432301657136,
      "dr2_kfrac": 0.19987495384884235,
      "dr2_kstar": 0.21996210995879495
    },
    {
      "held_out": "mamba-130m",
      "k_star": 8,
      "r2_by_k": {
        "1": 0.1510542454309236,
        "2": 0.2900362209090942,
        "3": 0.34537004232281177,
        "4": 0.3887041973081824,
        "5": 0.4279062562326218,
        "6": 0.4575155426135804,
        "7": 0.47405192175164035,
        "8": 0.4988776422641703,
        "9": 0.5199519869123528,
        "10": 0.5347970312783832,
        "12": 0.5672046872164584,
        "15": 0.5438051192974522,
        "19": 0.4923061630278457
      },
      "r2_base": 0.1510542454309236,
      "dr2_k5": 0.2768520108016982,
      "dr2_kfrac": 0.32299767632071674,
      "dr2_kstar": 0.3478233968332467
    }
  ],
  "pooled_dr2_by_k": {
    "1": 0.0,
    "2": 0.07675791367790938,
    "3": 0.10140141145158596,
    "4": 0.11676916414145141,
    "5": 0.13944471521739235,
    "6": 0.14886917857754808,
    "7": 0.1617840695876607,
    "8": 0.16902813114099344,
    "9": 0.17075725352324642,
    "10": 0.17015648051821447,
    "12": 0.15672564875710104,
    "15": 0.10181476711596432,
    "19": 0.0387121806832344
  },
  "ci_by_k": {
    "1": [
      0.0,
      0.0
    ],
    "2": [
      -0.00247852076523529,
      0.035260109227351635
    ],
    "3": [
      -0.0018781063940182757,
      0.046990122641676964
    ],
    "4": [
      -0.005621730814713528,
      0.05109054394222082
    ],
    "5": [
      -0.002888193964332507,
      0.0595996712899469
    ],
    "6": [
      -0.005838219599792906,
      0.05982035458343567
    ],
    "7": [
      -0.0007916967271394354,
      0.06304548650587834
    ],
    "8": [
      -0.004113444464083182,
      0.06706173711949519
    ],
    "9": [
      -0.00814137862861519,
      0.06631024008246132
    ],
    "10": [
      -0.008854697574425027,
      0.06500759691327246
    ],
    "12": [
      -0.009527270667266366,
      0.06430502627911366
    ],
    "15": [
      -0.025502046708893885,
      0.055183345995320626
    ],
    "19": [
      -0.039730902033705974,
      0.040334241976726457
    ]
  },
  "k_star_20ng_loao_folds": [
    10,
    10,
    8,
    8
  ],
  "k_star_20ng_counts": {
    "10": 2,
    "8": 2
  },
  "best_k_20ng": 9,
  "null_mean": 0.1632596027118526,
  "null_p90": 0.16975573898862975,
  "null_pct_k5": 0.0,
  "null_pct_kfrac": 33.0,
  "null_pct_best": 94.19999999999999,
  "pass_H_absolute": false,
  "pass_H_fraction": false,
  "interpretation": "neither"
}