{
  "experiment": "phi_loao_v2",
  "session": 40,
  "n_arch": 5,
  "architectures": [
    "pythia-160m",
    "pythia-410m",
    "electra-small",
    "bert-base",
    "rwkv-4-169m"
  ],
  "pooled_r2_m0": -0.09124789856018348,
  "pooled_r2_m1": -0.022775698400220847,
  "pooled_delta_r2": 0.06847220015996262,
  "bootstrap_ci_95": [
    -0.08072263646983031,
    0.15703647942527096
  ],
  "n_arch_positive_delta": 3,
  "tau_cv": 0.22682800025467456,
  "tau_range": [
    0.20000000000000004,
    0.3556558820077846
  ],
  "pass_primary": false,
  "pass_arch": true,
  "phi_pct_vs_null": 34.2,
  "pass_null": false,
  "null_p90": 0.10289277326363773,
  "per_arch": {
    "pythia-160m": {
      "tau_star": 0.22440369086039275,
      "r2_m0": -0.49588692640749366,
      "r2_m1": -0.5073222711021239,
      "delta_r2": -0.011435344694630256,
      "n_test": 14
    },
    "pythia-410m": {
      "tau_star": 0.22440369086039275,
      "r2_m0": 0.22738113293983242,
      "r2_m1": 0.38258641488395007,
      "delta_r2": 0.15520528194411765,
      "n_test": 14
    },
    "electra-small": {
      "tau_star": 0.3556558820077846,
      "r2_m0": -0.4083679681057759,
      "r2_m1": -0.24200728768682378,
      "delta_r2": 0.16636068041895213,
      "n_test": 14
    },
    "bert-base": {
      "tau_star": 0.22440369086039275,
      "r2_m0": 0.052679487162382355,
      "r2_m1": 0.22692625489603424,
      "delta_r2": 0.17424676773365189,
      "n_test": 14
    },
    "rwkv-4-169m": {
      "tau_star": 0.20000000000000004,
      "r2_m0": 0.16795478161013744,
      "r2_m1": 0.02593839700785916,
      "delta_r2": -0.14201638460227828,
      "n_test": 14
    }
  }
}