{
  "universal_profile": {
    "x": [
      0.0,
      0.05,
      0.1,
      0.15000000000000002,
      0.2,
      0.25,
      0.30000000000000004,
      0.35000000000000003,
      0.4,
      0.45,
      0.5,
      0.55,
      0.6000000000000001,
      0.65,
      0.7000000000000001,
      0.75,
      0.8,
      0.8500000000000001,
      0.9,
      0.9500000000000001,
      1.0
    ],
    "mean": [
      0.0001491290861369603,
      0.4058673590832135,
      0.5187826591244539,
      0.5485627783858699,
      0.5796532447162737,
      0.6049782072193587,
      0.6141347595596571,
      0.6233349921990238,
      0.6445446421925748,
      0.6743033592392159,
      0.7002529796802257,
      0.7247626785607442,
      0.7562365936542167,
      0.7811427670796133,
      0.8129917298242324,
      0.8609113353311819,
      0.8840796366903236,
      0.9106271704703525,
      0.9309552866689995,
      0.960603343745922,
      0.9891958290135336
    ],
    "std": [
      0.0017068604065646074,
      0.2136357100569393,
      0.2392624687747362,
      0.23719925486607338,
      0.22948025826846463,
      0.20151328906132387,
      0.17934954022565644,
      0.17263485821572216,
      0.16919765387266952,
      0.16197054932076368,
      0.16433144811677122,
      0.16029984836852681,
      0.14654078932155837,
      0.13441862205864444,
      0.11634174901489637,
      0.10201611287518987,
      0.08821236634538608,
      0.06913338369086405,
      0.05657806062482573,
      0.03471535483977341,
      0.02420444141115384
    ]
  },
  "quadratic_fit": {
    "coeffs": [
      0.28636485419210955,
      1.1384995169652359,
      -0.47969845082148455
    ],
    "r2": 0.8649002270381715
  },
  "cross_model_shape_rho": {
    "mean": 0.8857173604211366,
    "median": 0.9197784022345425,
    "min": 0.18252680404046737,
    "frac_above_07": 0.9393939393939394,
    "n": 132
  },
  "cross_dataset_shape_rho": {
    "mean": 0.8686276191984434,
    "median": 0.9175324675324675,
    "min": 0.02143553214710115,
    "frac_above_07": 0.8787878787878788,
    "n": 198
  }
}