{
  "experiment": "cti_allen_equicorr_multiarea",
  "preregistration": "H_equicorr1, H_equicorr_alt (pre-registered before run)",
  "reference_visp_prior": {
    "mean_rho": 0.466,
    "cv_rho": 0.016,
    "n_sessions": 5
  },
  "reference_lm": {
    "mean_rho": 0.452,
    "simplex": 0.5
  },
  "per_area_summary": {
    "VISp": {
      "n_sessions": 5,
      "mean_rho": 0.4283003011987711,
      "std_rho": 0.016300788704703834,
      "all_rho": [
        0.41766285855668245,
        0.44142593643110617,
        0.4123429700214057,
        0.4163560615057101,
        0.4537136794789515
      ]
    },
    "VISl": {
      "n_sessions": 4,
      "mean_rho": 0.43882254834460876,
      "std_rho": 0.009423496905469479,
      "all_rho": [
        0.4501004266940766,
        0.42518641422814757,
        0.44443415842608325,
        0.4355691940301277
      ]
    },
    "VISal": {
      "n_sessions": 3,
      "mean_rho": 0.45127126601908757,
      "std_rho": 0.012918470341187897,
      "all_rho": [
        0.4399609632792838,
        0.44450111647171914,
        0.4693517183062597
      ]
    },
    "VISam": {
      "n_sessions": 3,
      "mean_rho": 0.4622808179833368,
      "std_rho": 0.008198065073332038,
      "all_rho": [
        0.4648963652042586,
        0.45119134764013946,
        0.4707547411056123
      ]
    },
    "VISrl": {
      "n_sessions": 5,
      "mean_rho": 0.44785992992043433,
      "std_rho": 0.011550838446269165,
      "all_rho": [
        0.4318810797066165,
        0.4536109303660318,
        0.4409850154374711,
        0.4660340705412374,
        0.44678855355081504
      ]
    }
  },
  "hypothesis_results": {
    "H_equicorr1": {
      "VISp_rho": 0.4283003011987711,
      "VISl_rho": 0.43882254834460876,
      "VISam_rho": 0.4622808179833368,
      "VISl_diff": 0.01052224714583766,
      "VISam_diff": 0.033980516784565706,
      "threshold": 0.08,
      "PASS": true
    },
    "H_equicorr_alt": {
      "areas": [
        "VISp",
        "VISl",
        "VISal",
        "VISam",
        "VISrl"
      ],
      "mean_rhos": [
        0.4283003011987711,
        0.43882254834460876,
        0.45127126601908757,
        0.4622808179833368,
        0.44785992992043433
      ],
      "spearman_rho": -0.7,
      "p_value": 0.1881204043741873,
      "PASS": false
    }
  },
  "sessions": [
    {
      "session": "sub-699733573_ses-715093703",
      "areas": {
        "VISp": {
          "status": "ok",
          "rho": 0.41766285855668245,
          "rho_std": 0.22335680864512608,
          "d_eff": 1.7172183067724456,
          "n_units": 135
        },
        "VISl": {
          "status": "ok",
          "rho": 0.4501004266940766,
          "rho_std": 0.17253588041134438,
          "d_eff": 1.8185138678834256,
          "n_units": 126
        },
        "VISal": {
          "status": "insufficient_units",
          "n_units": 0
        },
        "VISam": {
          "status": "ok",
          "rho": 0.4648963652042586,
          "rho_std": 0.162468869714896,
          "d_eff": 1.8687968740517298,
          "n_units": 74
        },
        "VISrl": {
          "status": "ok",
          "rho": 0.4318810797066165,
          "rho_std": 0.20217668577022602,
          "d_eff": 1.760194854069616,
          "n_units": 183
        }
      },
      "elapsed_s": 34.3
    },
    {
      "session": "sub-718643564_ses-737581020",
      "areas": {
        "VISp": {
          "status": "ok",
          "rho": 0.44142593643110617,
          "rho_std": 0.18359079777334816,
          "d_eff": 1.79027288451366,
          "n_units": 119
        },
        "VISl": {
          "status": "ok",
          "rho": 0.42518641422814757,
          "rho_std": 0.2164476860569678,
          "d_eff": 1.7396944413852236,
          "n_units": 59
        },
        "VISal": {
          "status": "insufficient_units",
          "n_units": 0
        },
        "VISam": {
          "status": "insufficient_units",
          "n_units": 0
        },
        "VISrl": {
          "status": "ok",
          "rho": 0.4536109303660318,
          "rho_std": 0.17338852164094226,
          "d_eff": 1.8301976660512456,
          "n_units": 145
        }
      },
      "elapsed_s": 24.1
    },
    {
      "session": "sub-726170927_ses-746083955",
      "areas": {
        "VISp": {
          "status": "ok",
          "rho": 0.4123429700214057,
          "rho_std": 0.2283951448243665,
          "d_eff": 1.7016728278336521,
          "n_units": 50
        },
        "VISl": {
          "status": "ok",
          "rho": 0.44443415842608325,
          "rho_std": 0.18563304804170022,
          "d_eff": 1.7999666739175366,
          "n_units": 87
        },
        "VISal": {
          "status": "ok",
          "rho": 0.4399609632792838,
          "rho_std": 0.1975719861694692,
          "d_eff": 1.7855898150519216,
          "n_units": 76
        },
        "VISam": {
          "status": "insufficient_units",
          "n_units": 0
        },
        "VISrl": {
          "status": "ok",
          "rho": 0.4409850154374711,
          "rho_std": 0.19162347414707412,
          "d_eff": 1.7888608134226935,
          "n_units": 96
        }
      },
      "elapsed_s": 25.8
    },
    {
      "session": "sub-734865729_ses-756029989",
      "areas": {
        "VISp": {
          "status": "ok",
          "rho": 0.4163560615057101,
          "rho_std": 0.21770079756806662,
          "d_eff": 1.7133734012210313,
          "n_units": 140
        },
        "VISl": {
          "status": "ok",
          "rho": 0.4355691940301277,
          "rho_std": 0.1992235823058984,
          "d_eff": 1.7716963521891418,
          "n_units": 98
        },
        "VISal": {
          "status": "ok",
          "rho": 0.44450111647171914,
          "rho_std": 0.17888354868283493,
          "d_eff": 1.8001836361010244,
          "n_units": 104
        },
        "VISam": {
          "status": "ok",
          "rho": 0.45119134764013946,
          "rho_std": 0.17414304286357568,
          "d_eff": 1.8221287067906644,
          "n_units": 133
        },
        "VISrl": {
          "status": "ok",
          "rho": 0.4660340705412374,
          "rho_std": 0.15008292072861218,
          "d_eff": 1.872778664012548,
          "n_units": 59
        }
      },
      "elapsed_s": 41.3
    },
    {
      "session": "sub-738651046_ses-760693773",
      "areas": {
        "VISp": {
          "status": "ok",
          "rho": 0.4537136794789515,
          "rho_std": 0.16815391415051562,
          "d_eff": 1.8305419016280675,
          "n_units": 181
        },
        "VISl": {
          "status": "insufficient_units",
          "n_units": 0
        },
        "VISal": {
          "status": "ok",
          "rho": 0.4693517183062597,
          "rho_std": 0.14036238890369318,
          "d_eff": 1.8844873987119446,
          "n_units": 239
        },
        "VISam": {
          "status": "ok",
          "rho": 0.4707547411056123,
          "rho_std": 0.1511694162043834,
          "d_eff": 1.889483152081581,
          "n_units": 128
        },
        "VISrl": {
          "status": "ok",
          "rho": 0.44678855355081504,
          "rho_std": 0.17796220188012168,
          "d_eff": 1.8076270952427855,
          "n_units": 119
        }
      },
      "elapsed_s": 33.8
    }
  ],
  "status": "complete"
}