{
  "experiment": "gumbel_theory_validation",
  "theory": "q = sigmoid(kappa/sqrt(K)) from Gumbel EVT",
  "proof_steps": [
    "1. Same-class distances D+ ~ 2*sigma^2 * chi^2_d",
    "2. Cross-class distances D- ~ 2*sigma^2 * noncentral_chi^2_d(lambda)",
    "3. Min over m samples -> Gumbel (EVT)",
    "4. Difference of equal-scale Gumbels -> Logistic (sigmoid)",
    "5. Location gap = kappa/sqrt(K) via exchangeable CLT over K-1 impostors"
  ],
  "global_sigmoid": {
    "a": 215.16778362198966,
    "b": -3.020245616750041,
    "r2": 0.9120442602388497
  },
  "normalization_comparison": {
    "kappa_over_sqrtK": 0.9120442602388497,
    "raw_kappa": 0.8705651448383641
  },
  "per_config": [
    {
      "d": 200,
      "K": 10,
      "m": 50,
      "label": "d=200, K=10",
      "sigmoid_a": 110.10588579933827,
      "sigmoid_b": -2.672727712078014,
      "r2": 0.9971671077991051,
      "kappa_norm": [
        0.0031475691203914826,
        0.017168558838498993,
        0.031189548556606498,
        0.045210538274714024,
        0.05923152799282152,
        0.07325251771092904,
        0.08727350742903656,
        0.10129449714714407,
        0.1153154868652515,
        0.12933647658335903,
        0.14335746630146662,
        0.15737845601957404
      ],
      "q_values": [
        0.0437037037037037,
        0.3396296296296296,
        0.6799999999999999,
        0.8933333333333333,
        0.9707407407407408,
        0.9866666666666667,
        0.9988888888888889,
        0.9996296296296296,
        1.0,
        1.0,
        1.0,
        1.0
      ]
    },
    {
      "d": 200,
      "K": 50,
      "m": 30,
      "label": "d=200, K=50",
      "sigmoid_a": 189.16004676697486,
      "sigmoid_b": -3.5637261848577606,
      "r2": 0.999044991221922,
      "kappa_norm": [
        0.0014137965912829802,
        0.0077116177706344465,
        0.014009438949985896,
        0.020307260129337375,
        0.026605081308688848,
        0.032902902488040314,
        0.03920072366739175,
        0.0454985448467432,
        0.05179636602609466,
        0.058094187205446096,
        0.06439200838479758,
        0.07068982956414901
      ],
      "q_values": [
        0.008843537414965985,
        0.09387755102040816,
        0.2972789115646259,
        0.5782312925170068,
        0.8061224489795918,
        0.9166666666666666,
        0.9765306122448979,
        0.9935374149659865,
        0.9996598639455783,
        0.9996598639455783,
        1.0,
        1.0
      ]
    },
    {
      "d": 200,
      "K": 100,
      "m": 20,
      "label": "d=200, K=100",
      "sigmoid_a": 246.5107273304868,
      "sigmoid_b": -4.00624523585666,
      "r2": 0.9994917774278194,
      "kappa_norm": [
        0.0009999190009091553,
        0.005454103641322674,
        0.009908288281736202,
        0.014362472922149722,
        0.01881665756256325,
        0.02327084220297674,
        0.027725026843390226,
        0.032179211483803774,
        0.036633396124217246,
        0.04108758076463094,
        0.04554176540504444,
        0.049995950045457906
      ],
      "q_values": [
        0.007070707070707072,
        0.045454545454545456,
        0.17542087542087542,
        0.397979797979798,
        0.6515151515151515,
        0.8393939393939394,
        0.9427609427609428,
        0.9801346801346801,
        0.9942760942760942,
        0.9986531986531987,
        0.9996632996632997,
        1.0
      ]
    },
    {
      "d": 500,
      "K": 10,
      "m": 50,
      "label": "d=500, K=10",
      "sigmoid_a": 203.08500270935477,
      "sigmoid_b": -2.918491028404491,
      "r2": 0.996501689945366,
      "kappa_norm": [
        0.0031475691203914817,
        0.01716855883849899,
        0.03118954855660651,
        0.045210538274714024,
        0.059231527992821525,
        0.07325251771092903,
        0.08727350742903656,
        0.10129449714714403,
        0.11531548686525156,
        0.12933647658335903,
        0.1433574663014666,
        0.1573784560195741
      ],
      "q_values": [
        0.0748148148148148,
        0.6514814814814816,
        0.9192592592592592,
        0.9948148148148148,
        0.9996296296296296,
        1.0,
        1.0,
        1.0,
        1.0,
        1.0,
        1.0,
        1.0
      ]
    },
    {
      "d": 500,
      "K": 50,
      "m": 30,
      "label": "d=500, K=50",
      "sigmoid_a": 327.83336770888286,
      "sigmoid_b": -3.709510329389767,
      "r2": 0.9991442348229005,
      "kappa_norm": [
        0.0014137965912829808,
        0.007711617770634455,
        0.014009438949985914,
        0.020307260129337385,
        0.026605081308688824,
        0.03290290248804027,
        0.03920072366739176,
        0.04549854484674324,
        0.05179636602609475,
        0.05809418720544619,
        0.06439200838479767,
        0.07068982956414917
      ],
      "q_values": [
        0.008843537414965985,
        0.24795918367346942,
        0.6996598639455782,
        0.9561224489795918,
        0.9945578231292518,
        0.9996598639455783,
        1.0,
        1.0,
        1.0,
        1.0,
        1.0,
        1.0
      ]
    },
    {
      "d": 500,
      "K": 100,
      "m": 20,
      "label": "d=500, K=100",
      "sigmoid_a": 438.28643609811684,
      "sigmoid_b": -4.164363984087768,
      "r2": 0.9998456932936756,
      "kappa_norm": [
        0.0009999190009091594,
        0.005454103641322672,
        0.009908288281736208,
        0.014362472922149696,
        0.0188166575625632,
        0.023270842202976736,
        0.027725026843390205,
        0.03217921148380386,
        0.03663339612421733,
        0.04108758076463086,
        0.045541765405044336,
        0.04999595004545782
      ],
      "q_values": [
        0.010437710437710437,
        0.14545454545454545,
        0.5474747474747476,
        0.8892255892255893,
        0.9794612794612795,
        0.9996632996632997,
        0.9996632996632997,
        1.0,
        1.0,
        1.0,
        1.0,
        1.0
      ]
    }
  ],
  "scorecard": {
    "passes": 5,
    "total": 6
  }
}