{
  "results": [
    {
      "seed": 0,
      "status": "complete",
      "epoch_used": 4,
      "kappa_eff_at_surgery": 1.0054112640173762,
      "surgery_records": [
        {
          "seed": 0,
          "epoch_used": 4,
          "r_nominal": 0.5,
          "r_actual": 0.4999999734265426,
          "d_eff_base": 23.07825550901773,
          "d_eff_new": 11.539127141289825,
          "kappa_base": 0.2092870024834883,
          "kappa_new": 0.2092869117376365,
          "kappa_eff_base": 1.0054112640173762,
          "kappa_change_pct": 4.3359525763636223e-05,
          "trW_change_pct": 4.9227915316844e-06,
          "q_base": 0.25673684210526315,
          "logit_q_base": -1.0629985650109226,
          "q_new": 0.26284210526315793,
          "logit_q_new": -1.0312486170952877,
          "logit_q_pred": -1.373231286922464,
          "delta_logit_actual": 0.0317499479156349,
          "delta_logit_pred": -0.3102327219115415,
          "calibration_error": 1.1023388035317698,
          "C_fitted": -2.1221993316532286
        },
        {
          "seed": 0,
          "epoch_used": 4,
          "r_nominal": 0.6,
          "r_actual": 0.5999994192808493,
          "d_eff_base": 23.07825550901773,
          "d_eff_new": 13.8469399034857,
          "kappa_base": 0.2092870024834883,
          "kappa_new": 0.20928696062286659,
          "kappa_eff_base": 1.0054112640173762,
          "kappa_change_pct": 2.0001539131537716e-05,
          "trW_change_pct": 8.950530113111133e-07,
          "q_base": 0.25673684210526315,
          "logit_q_base": -1.0629985650109226,
          "q_new": 0.2598947368421053,
          "logit_q_new": -1.0465157325692105,
          "logit_q_pred": -1.3017459457540725,
          "delta_logit_actual": 0.016482832441712114,
          "delta_logit_pred": -0.23874738074314994,
          "calibration_error": 1.0690343213654865,
          "C_fitted": -2.1221993316532286
        },
        {
          "seed": 0,
          "epoch_used": 4,
          "r_nominal": 0.7,
          "r_actual": 0.6999994583787978,
          "d_eff_base": 23.07825550901773,
          "d_eff_new": 16.154766356709917,
          "kappa_base": 0.2092870024834883,
          "kappa_new": 0.20928686753547984,
          "kappa_eff_base": 1.0054112640173762,
          "kappa_change_pct": 6.447988016285023e-05,
          "trW_change_pct": 6.265371099528944e-06,
          "q_base": 0.25673684210526315,
          "logit_q_base": -1.0629985650109226,
          "q_new": 0.2575789473684211,
          "logit_q_new": -1.058590273477277,
          "logit_q_pred": -1.2360083901293635,
          "delta_logit_actual": 0.004408291533645636,
          "delta_logit_pred": -0.17300982511844087,
          "calibration_error": 1.025474079616859,
          "C_fitted": -2.1221993316532286
        },
        {
          "seed": 0,
          "epoch_used": 4,
          "r_nominal": 0.8,
          "r_actual": 0.7999992039307301,
          "d_eff_base": 23.07825550901773,
          "d_eff_new": 18.46258603540417,
          "kappa_base": 0.2092870024834883,
          "kappa_new": 0.20928699571066126,
          "kappa_eff_base": 1.0054112640173762,
          "kappa_change_pct": 3.236143174487545e-06,
          "trW_change_pct": 7.1604241108400565e-06,
          "q_base": 0.25673684210526315,
          "logit_q_base": -1.0629985650109226,
          "q_new": 0.2581052631578948,
          "logit_q_new": -1.0558398702724743,
          "logit_q_pred": -1.1748213652403936,
          "delta_logit_actual": 0.0071586947384483235,
          "delta_logit_pred": -0.111822800229471,
          "calibration_error": 1.0640086879873532,
          "C_fitted": -2.1221993316532286
        },
        {
          "seed": 0,
          "epoch_used": 4,
          "r_nominal": 0.9,
          "r_actual": 0.8999992776170446,
          "d_eff_base": 23.07825550901773,
          "d_eff_new": 20.770413286867534,
          "kappa_base": 0.2092870024834883,
          "kappa_new": 0.2092869360719873,
          "kappa_eff_base": 1.0054112640173762,
          "kappa_change_pct": 3.1732262478394976e-05,
          "trW_change_pct": 4.699028324646707e-06,
          "q_base": 0.25673684210526315,
          "logit_q_base": -1.0629985650109226,
          "q_new": 0.258,
          "logit_q_new": -1.056389657958166,
          "logit_q_pred": -1.117353255057373,
          "delta_logit_actual": 0.00660890705275663,
          "delta_logit_pred": -0.05435469004645044,
          "calibration_error": 1.1215678992780653,
          "C_fitted": -2.1221993316532286
        },
        {
          "seed": 0,
          "epoch_used": 4,
          "r_nominal": 1.0,
          "r_actual": 0.9999999211982866,
          "d_eff_base": 23.07825550901773,
          "d_eff_new": 23.07825369051165,
          "kappa_base": 0.2092870024834883,
          "kappa_new": 0.2092870024834883,
          "kappa_eff_base": 1.0054112640173762,
          "kappa_change_pct": 0.0,
          "trW_change_pct": 0.0,
          "q_base": 0.25673684210526315,
          "logit_q_base": -1.0629985650109226,
          "q_new": 0.25673684210526315,
          "logit_q_new": -1.0629985650109226,
          "logit_q_pred": -1.0629985650109226,
          "delta_logit_actual": 0.0,
          "delta_logit_pred": 0.0,
          "calibration_error": 0.0,
          "C_fitted": -2.1221993316532286
        },
        {
          "seed": 0,
          "epoch_used": 4,
          "r_nominal": 1.25,
          "r_actual": 1.2499994082630281,
          "d_eff_base": 23.07825550901773,
          "d_eff_new": 28.847805730140127,
          "kappa_base": 0.2092870024834883,
          "kappa_new": 0.2092869061355741,
          "kappa_eff_base": 1.0054112640173762,
          "kappa_change_pct": 4.6036262650375385e-05,
          "trW_change_pct": 3.356448817855612e-06,
          "q_base": 0.25673684210526315,
          "logit_q_base": -1.0629985650109226,
          "q_new": 0.2583157894736842,
          "logit_q_new": -1.054740733343203,
          "logit_q_pred": -0.9379768736371845,
          "delta_logit_actual": 0.00825783166771954,
          "delta_logit_pred": 0.1250216913737381,
          "calibration_error": 0.9339413383524843,
          "C_fitted": -2.1221993316532286
        },
        {
          "seed": 0,
          "epoch_used": 4,
          "r_nominal": 1.5,
          "r_actual": 1.4999987571384958,
          "d_eff_base": 23.07825550901773,
          "d_eff_new": 34.61735458060124,
          "kappa_base": 0.2092870024834883,
          "kappa_new": 0.20928701649744916,
          "kappa_eff_base": 1.0054112640173762,
          "kappa_change_pct": 6.6960492911098145e-06,
          "trW_change_pct": 1.3873321726200132e-05,
          "q_base": 0.25673684210526315,
          "logit_q_base": -1.0629985650109226,
          "q_new": 0.2603157894736842,
          "logit_q_new": -1.0443278833866325,
          "logit_q_pred": -0.824948624934025,
          "delta_logit_actual": 0.018670681624290086,
          "delta_logit_pred": 0.23804994007689761,
          "calibration_error": 0.9215643440926611,
          "C_fitted": -2.1221993316532286
        },
        {
          "seed": 0,
          "epoch_used": 4,
          "r_nominal": 2.0,
          "r_actual": 1.9999976704289184,
          "d_eff_base": 23.07825550901773,
          "d_eff_new": 46.156457255798806,
          "kappa_base": 0.2092870024834883,
          "kappa_new": 0.20928696694501567,
          "kappa_eff_base": 1.0054112640173762,
          "kappa_change_pct": 1.6980735639688993e-05,
          "trW_change_pct": 6.936660863100066e-06,
          "q_base": 0.25673684210526315,
          "logit_q_base": -1.0629985650109226,
          "q_new": 0.2648421052631579,
          "logit_q_new": -1.0209514794215235,
          "logit_q_pred": -0.6242632421916996,
          "delta_logit_actual": 0.04204708558939907,
          "delta_logit_pred": 0.438735322819223,
          "calibration_error": 0.9041609198910012,