{
  "experiment": "k_scaling_prediction",
  "session": 43,
  "preregistered": {
    "H1_rho_threshold": 0.85,
    "H2_mae_threshold": 0.08,
    "H3_A_ratio_threshold": 0.5,
    "H4_global_rho_threshold": 0.75,
    "datasets": [
      "agnews",
      "dbpedia",
      "20newsgroups",
      "go_emotions"
    ],
    "K_values": [
      4,
      14,
      20,
      28
    ],
    "A_K_model": "A(K) = a/log(K) + b",
    "C_fitting": "per-architecture, trained on training datasets only"
  },
  "global_A_fit": {
    "a": 1.1636035418740336,
    "b": 1.3013375950500308,
    "r_fit": 0.9304578973882505
  },
  "per_dataset_slopes_all": {
    "agnews": {
      "K": 4,
      "A_pooled": 2.1191659395432896,
      "A_std": 0.26657450530998716,
      "n_models": 18
    },
    "dbpedia": {
      "K": 14,
      "A_pooled": 1.845562614918946,
      "A_std": 0.13451497591177344,
      "n_models": 18
    },
    "20newsgroups": {
      "K": 20,
      "A_pooled": 1.7172967756440234,
      "A_std": 0.32414728364074075,
      "n_models": 18
    },
    "go_emotions": {
      "K": 28,
      "A_pooled": 1.5412236585986558,
      "A_std": 0.21834769713333993,
      "n_models": 19
    }
  },
  "lodo": [
    {
      "held_out_dataset": "agnews",
      "K_out": 4,
      "a_fit": 3.8052790815851893,
      "b_fit": 0.41665692656644343,
      "r_train": 0.9849319335856617,
      "A_pred": 3.1615855566671742,
      "A_actual": 2.1191659395432896,
      "A_ratio_error": 0.49190089184645913,
      "n_test": 72,
      "rho": 0.7984552498105548,
      "r": 0.7792538956400804,
      "mae": 0.14105101010213592,
      "pass_H1": false,
      "pass_H2": false,
      "pass_H3": true
    },
    {
      "held_out_dataset": "dbpedia",
      "K_out": 14,
      "a_fit": 1.2322582769915191,
      "b_fit": 1.2358864290794018,
      "r_train": 0.9737375535219679,
      "A_pred": 1.7028176560608055,
      "A_actual": 1.845562614918946,
      "A_ratio_error": 0.07734495628969196,
      "n_test": 72,
      "rho": 0.8590663226295004,
      "r": 0.8151963647392689,
      "mae": 0.4026795093064601,
      "pass_H1": true,
      "pass_H2": false,
      "pass_H3": true
    },
    {
      "held_out_dataset": "20newsgroups",
      "K_out": 20,
      "a_fit": 1.2001139143532584,
      "b_fit": 1.2751152979302363,
      "r_train": 0.929629590204486,
      "A_pred": 1.6757231643099317,
      "A_actual": 1.7172967756440234,
      "A_ratio_error": 0.024208752324881067,
      "n_test": 72,
      "rho": 0.7154758092417847,
      "r": 0.679595518203277,
      "mae": 0.14097904674642903,
      "pass_H1": false,
      "pass_H2": false,
      "pass_H3": true
    },
    {
      "held_out_dataset": "go_emotions",
      "K_out": 28,
      "a_fit": 0.9470779007097289,
      "b_fit": 1.4412802977873769,
      "r_train": 0.9777982838885952,
      "A_pred": 1.7254999181071191,
      "A_actual": 1.5412236585986558,
      "A_ratio_error": 0.11956490374437267,
      "n_test": 76,
      "rho": 0.1530138659946225,
      "r": 0.18344063619912307,
      "mae": 0.35372468028391146,
      "pass_H1": false,
      "pass_H2": false,
      "pass_H3": true
    }
  ],
  "summary": {
    "mean_lodo_rho": 0.6315028119191156,
    "mean_lodo_mae": 0.2596085616097341,
    "global_rho": -0.08779347685391965,
    "global_mae": 0.2608978235093804,
    "n_H1_pass": 1,
    "n_H2_pass": 0,
    "n_H3_pass": 4,
    "pass_H4": false,
    "pass_H1_mean": false,
    "pass_H2_mean": false
  }
}