{
  "experiment": "synthetic_gaussian_validation",
  "exp1_vary_kappa": {
    "K": 20,
    "n": 2000,
    "d": 500,
    "kc_theory": 0.07135203189536299,
    "kc_empirical": 0.06384439130561528,
    "kc_error": 0.007507640589747705,
    "sigmoid_r2": 0.9999429566588506,
    "rho": 0.8391160134888602
  },
  "exp2_vary_K": {
    "n": 2000,
    "d": 500,
    "K_values": [
      5,
      10,
      20,
      50,
      100,
      200
    ],
    "kc_theory": [
      0.03171690219181173,
      0.05164219160845989,
      0.07135203189536299,
      0.09880838149406052,
      0.12157966211360409,
      0.14703187853192548
    ],
    "kc_empirical": [
      0.020907044705225183,
      0.037570792274267795,
      0.0629808133119503,
      0.10261768262293312,
      0.15386129071281718,
      0.24345634094713542
    ],
    "rho": 1.0,
    "r": 0.9701108314120241,
    "mae": 0.02762797792458116,
    "r2_per_K": [
      0.9999857325761883,
      0.999960219099202,
      0.9999604251625939,
      0.9999741727285348,
      0.9999786264259236,
      0.999959032824293
    ]
  },
  "exp3_vary_n": {
    "K": 20,
    "d": 500,
    "n_values": [
      200,
      500,
      1000,
      2000,
      5000,
      10000
    ],
    "kc_theory": [
      0.08697831108218233,
      0.0791562001862422,
      0.07482037376755381,
      0.07135203189536299,
      0.0676897757696375,
      0.06542599730050709
    ],
    "kc_empirical": [
      0.1891166035151326,
      0.10410586842677909,
      0.07767944986544086,
      0.06313151612313539,
      0.05179620698545927,
      0.04715473651817223
    ],
    "rho": 1.0,
    "r": 0.9594218054976646,
    "mae": 0.028722063685019155
  },
  "exp4_vary_d": {
    "K": 20,
    "n": 2000,
    "d_values": [
      50,
      100,
      200,
      500,
      1000,
      2000
    ],
    "kc_theory": [
      0.7636825195360408,
      0.26713902293087877,
      0.13916996632760195,
      0.07135203189536299,
      0.046057982188757896,
      0.030678041726240127
    ],
    "kc_empirical": [
      0.19718011253767806,
      0.13658108030554028,
      0.0968806933040307,
      0.06313151612313539,
      0.04439697969798494,
      0.034469940869770496
    ],
    "rho": 1.0,
    "r": 0.9435015189069393,
    "mae": 0.12550384000896722
  },
  "exp5_full_grid": {
    "configs": [
      {
        "K": 10,
        "n": 1000,
        "d": 200
      },
      {
        "K": 10,
        "n": 2000,
        "d": 500
      },
      {
        "K": 10,
        "n": 5000,
        "d": 1000
      },
      {
        "K": 50,
        "n": 1000,
        "d": 200
      },
      {
        "K": 50,
        "n": 2000,
        "d": 500
      },
      {
        "K": 50,
        "n": 5000,
        "d": 1000
      },
      {
        "K": 100,
        "n": 1000,
        "d": 200
      },
      {
        "K": 100,
        "n": 2000,
        "d": 500
      },
      {
        "K": 100,
        "n": 5000,
        "d": 1000
      }
    ],
    "kc_theory": [
      0.10355849338410027,
      0.05164219160845989,
      0.031554651707986665,
      0.200959307437086,
      0.09880838149406052,
      0.05962842705801263,
      0.24949179822517906,
      0.12157966211360409,
      0.07280651081319361
    ],
    "kc_empirical": [
      0.0685442519636865,
      0.03749958899942665,
      0.024946745772621914,
      0.20316498933552568,
      0.10301293452876535,
      0.05782739532069763,
      0.3160585259370169,
      0.15381064801621286,
      0.08107312785436824
    ],
    "rho": 0.9500000000000001,
    "r": 0.9735341715144207,
    "mae": 0.019004483032321388
  },
  "scorecard": {
    "passes": 7,
    "total": 7,
    "details": [
      {
        "criterion": "Exp1: Sigmoid R^2 > 0.98 for Gaussian clusters",
        "passed": true,
        "value": "R^2=0.9999"
      },
      {
        "criterion": "Exp1: kappa_c theory-vs-empirical error < 0.02",
        "passed": true,
        "value": "err=0.0075"
      },
      {
        "criterion": "Exp2: kappa_c(K) rho > 0.95",
        "passed": true,
        "value": "rho=1.0000"
      },
      {
        "criterion": "Exp3: kappa_c(n) rho > 0.95",
        "passed": true,
        "value": "rho=1.0000"
      },
      {
        "criterion": "Exp4: kappa_c(d) rho > 0.95",
        "passed": true,
        "value": "rho=1.0000"
      },
      {
        "criterion": "Exp5: Full grid rho > 0.95",
        "passed": true,
        "value": "rho=0.9500"
      },
      {
        "criterion": "Exp5: Full grid MAE < 0.05",
        "passed": true,
        "value": "MAE=0.0190"
      }
    ]
  }
}