{
  "experiment": "competitive_geometry_verification",
  "primary_model": "pythia-160m",
  "K": 14,
  "alpha_loao": 1.477,
  "alpha_single_pair_prereg": 0.701,
  "alpha_single_pair_verified": 1.052182490881467,
  "r_single": 0.983293951913602,
  "alpha_global_scale": 5.8173547254367195,
  "r_global_scale": 0.9933175043942382,
  "alpha_global_predicted": 80.24376315898658,
  "sum_rho_j_exp_loao": 8.617553028150946,
  "sum_rho_j_exp_global": 113.4704182011221,
  "predicted_alpha_loao": 6.7419046727338126,
  "loao_pred_error_pct": 356.4593549582811,
  "formula_pass_25pct": false,
  "rho_j": [
    1.0,
    0.837793646138925,
    0.8556002999052353,
    0.827331725736284,
    0.7852081120443075
  ],
  "exp_decay_j": [
    1.0,
    0.9490354419679964,
    0.9369930862804955,
    0.9205838540836608,
    0.8989452820121102
  ],
  "kappa_nearest_primary": 0.40611876481740444,
  "q_baseline": 0.9023076923076923,
  "top_m_results": {
    "1": {
      "alpha": 1.052182490881467,
      "r": 0.983293951913602,
      "ratio_loao": 0.7123781251736404
    },
    "2": {
      "alpha": 1.5227875959473172,
      "r": 0.9698816925529123,
      "ratio_loao": 1.0310004034849811
    },
    "3": {
      "alpha": 1.6167813248704692,
      "r": 0.9460428238449177,
      "ratio_loao": 1.0946386762833238
    },
    "5": {
      "alpha": 2.1968762888510684,
      "r": 0.9732319220165272,
      "ratio_loao": 1.4873908523026866
    },
    "13": {
      "alpha": 3.0151558925021558,
      "r": 0.9766258701353764,
      "ratio_loao": 2.0414054790129694
    }
  },
  "key_finding": "Formula pred alpha_LOAO=6.742 vs actual 1.477 (FAIL). alpha_global=5.817. LOAO alpha corresponds to m~2 top-m pairs (m=2 gives 1.523~LOAO=1.477). This reveals: LOAO captures ~2 active near-tie competitors per class."
}