{
  "experiment": "CTI Universal 5-Family Prediction",
  "families": [
    "cerebras-gpt",
    "gpt2",
    "olmo2",
    "opt",
    "pythia"
  ],
  "total_observations": 5004,
  "pythia_zero_shot": {
    "description": "Pythia-fitted params applied to all non-Pythia families",
    "overall": {
      "mae": 0.05425981462669468,
      "r2": 0.7754946407646831,
      "n": 1484
    },
    "shape_correlation": {
      "mean_rho": 0.8583482569617052,
      "median_rho": 0.9506291781335586,
      "frac_above_07": 0.8421052631578947
    },
    "per_family": {
      "cerebras-gpt": {
        "mae": 0.04995398713091709,
        "r2": 0.7338728986914766,
        "n": 236,
        "shape_mean_rho": 0.7629047646660978,
        "shape_frac_above_07": 0.6666666666666666
      },
      "gpt2": {
        "mae": 0.04387728452426526,
        "r2": 0.8428495534081281,
        "n": 300,
        "shape_mean_rho": 0.8054677757037418,
        "shape_frac_above_07": 0.6666666666666666
      },
      "olmo2": {
        "mae": 0.058239985276444375,
        "r2": 0.7696161939491127,
        "n": 748,
        "shape_mean_rho": 0.9037683189216092,
        "shape_frac_above_07": 0.9545454545454546
      },
      "opt": {
        "mae": 0.060028647995292506,
        "r2": 0.7464758480567841,
        "n": 200,
        "shape_mean_rho": 0.8310238765125888,
        "shape_frac_above_07": 0.75
      }
    },
    "per_dataset": {
      "agnews": {
        "mae": 0.053662114895681935,
        "r2": 0.3607987368169939,
        "n": 371
      },
      "clinc": {
        "mae": 0.05043261824779807,
        "r2": 0.6098770812362198,
        "n": 371
      },
      "dbpedia_classes": {
        "mae": 0.0674254934123981,
        "r2": 0.4943850781826977,
        "n": 371
      },
      "trec": {
        "mae": 0.04551903195090061,
        "r2": 0.6160895312110991,
        "n": 371
      }
    }
  },
  "leave_one_family_out": {
    "per_family": {
      "cerebras-gpt": {
        "mae": 0.04901504080744334,
        "r2": 0.7302170008011202,
        "n": 236,
        "n_train": 4768,
        "shape_mean_rho": 0.7629047646660978,
        "fit_params": {
          "alpha": 0.11944904707940013,
          "beta": 0.7413877979974219,
          "mu_0": -0.8348087658172086,
          "mu_1": 0.07554298091065352,
          "b_agnews": -3.321350462534208,
          "b_clinc": -3.471827674494612,
          "b_dbpedia_classes": -3.5002415867760996,
          "b_trec": -2.495754634350236
        },
        "fit_mse": 0.0030768576807358046
      },
      "gpt2": {
        "mae": 0.04095584328155152,
        "r2": 0.8514779325458072,
        "n": 300,
        "n_train": 4704,
        "shape_mean_rho": 0.8054677757037418,
        "fit_params": {
          "alpha": 0.12356761854677205,
          "beta": 0.6871067679569458,
          "mu_0": -0.9478030680441487,
          "mu_1": 0.08184003873822991,
          "b_agnews": -3.401677056418768,
          "b_clinc": -3.553421620515303,
          "b_dbpedia_classes": -3.569292181713279,
          "b_trec": -2.5821474869708907
        },
        "fit_mse": 0.003164716426174281
      },
      "olmo2": {
        "mae": 0.05655861963710007,
        "r2": 0.7784982370590989,
        "n": 748,
        "n_train": 4256,
        "shape_mean_rho": 0.9037683189216092,
        "fit_params": {
          "alpha": 0.11292921050364604,
          "beta": 0.7083628207327288,
          "mu_0": -0.8029606185076354,
          "mu_1": 0.0756804379510233,
          "b_agnews": -3.0904733083553273,
          "b_clinc": -3.3120245882199524,
          "b_dbpedia_classes": -3.261974789638036,
          "b_trec": -2.301694626241531
        },
        "fit_mse": 0.0028908620326094764
      },
      "opt": {
        "mae": 0.05970049051588186,
        "r2": 0.7568630358021461,
        "n": 200,
        "n_train": 4804,
        "shape_mean_rho": 0.8310238765125888,
        "fit_params": {
          "alpha": 0.12045009792884531,
          "beta": 0.7264050950123981,
          "mu_0": -0.8216919819700814,
          "mu_1": 0.075589243953537,
          "b_agnews": -3.327087658782119,
          "b_clinc": -3.4920562388865926,
          "b_dbpedia_classes": -3.497125984649348,
          "b_trec": -2.511844281503936
        },
        "fit_mse": 0.003039301366350503
      },
      "pythia": {
        "mae": 0.046054322483425544,
        "r2": 0.7805559075887556,
        "n": 3520,
        "n_train": 1484,
        "shape_mean_rho": 0.9138910297240657,
        "fit_params": {
          "alpha": 0.1785677006656338,
          "beta": 0.45932028090695187,
          "mu_0": -1.6374254313375882,
          "mu_1": 0.12278842827384913,
          "b_agnews": -4.755393149573323,
          "b_clinc": -4.744997505922156,
          "b_dbpedia_classes": -4.993796655445212,
          "b_trec": -3.81764365174877
        },
        "fit_mse": 0.003729236555854029
      }
    },
    "summary": {
      "mean_mae": 0.05045686334508046,
      "std_mae": 0.006846994576252239,
      "mean_r2": 0.7795224227593855,
      "std_r2": 0.04030926664583601,
      "mean_shape_rho": 0.8434111531056206,
      "all_r2_above_zero": true,
      "all_r2_above_05": true
    }
  },
  "degradation_universality": {
    "total_degraded": 56,
    "total_profiles": 252,
    "frac_degraded": 0.2222222222222222,
    "per_family": {
      "cerebras-gpt": {
        "degraded": 7,
        "total": 12,
        "frac": 0.5833333333333334
      },
      "gpt2": {
        "degraded": 8,
        "total": 12,
        "frac": 0.6666666666666666
      },
      "olmo2": {
        "degraded": 10,
        "total": 44,
        "frac": 0.22727272727272727
      },
      "opt": {
        "degraded": 3,
        "total": 8,
        "frac": 0.375
      },
      "pythia": {
        "degraded": 28,
        "total": 176,
        "frac": 0.1590909090909091
      }
    }
  }
}