{
  "Symmetric Gaussian": {
    "mean_r2": 0.7795307449517996,
    "mean_mae": 0.050456322901397344,
    "per_family": {
      "cerebras-gpt": {
        "r2": 0.7302225016023474,
        "mae": 0.04901460598826523
      },
      "gpt2": {
        "r2": 0.8514842380888494,
        "mae": 0.04095518025200289
      },
      "olmo2": {
        "r2": 0.7785101261510127,
        "mae": 0.05655671172471621
      },
      "opt": {
        "r2": 0.7568924110309891,
        "mae": 0.05969881047836676
      },
      "pythia": {
        "r2": 0.7805444478857998,
        "mae": 0.046056306063635616
      }
    },
    "n_params": 8
  },
  "Skewed Gaussian (+gamma)": {
    "mean_r2": 0.7776916408698838,
    "mean_mae": 0.050702195982864316,
    "per_family": {
      "cerebras-gpt": {
        "r2": 0.7273855246337981,
        "mae": 0.04924872318028013
      },
      "gpt2": {
        "r2": 0.8509135865770712,
        "mae": 0.041630779702878457
      },
      "olmo2": {
        "r2": 0.7790938957662628,
        "mae": 0.05662228641185832
      },
      "opt": {
        "r2": 0.7519194171580037,
        "mae": 0.059842159965339176
      },
      "pythia": {
        "r2": 0.7791457802142837,
        "mae": 0.046167030653965546
      }
    },
    "n_params": 9
  },
  "Asymmetric Gaussian (beta_L/R)": {
    "mean_r2": 0.7189136809410536,
    "mean_mae": 0.058790382173002496,
    "per_family": {
      "cerebras-gpt": {
        "r2": 0.6454526614273917,
        "mae": 0.058325974821622356
      },
      "gpt2": {
        "r2": 0.7444020749563351,
        "mae": 0.058559154659753525
      },
      "olmo2": {
        "r2": 0.7128007864748364,
        "mae": 0.06822264292730847
      },
      "opt": {
        "r2": 0.7571617115963238,
        "mae": 0.05965531539850369
      },
      "pythia": {
        "r2": 0.7347511702503807,
        "mae": 0.049188823057824425
      }
    },
    "n_params": 9
  },
  "Beta shape (a,b)": {
    "mean_r2": 0.7815726430406789,
    "mean_mae": 0.050034998166432754,
    "per_family": {
      "cerebras-gpt": {
        "r2": 0.7341643292289677,
        "mae": 0.0470841029190801
      },
      "gpt2": {
        "r2": 0.8472436221113849,
        "mae": 0.04291967604773967
      },
      "olmo2": {
        "r2": 0.7852760332099931,
        "mae": 0.05607786385740509
      },
      "opt": {
        "r2": 0.7289637032632901,
        "mae": 0.06100434685805462
      },
      "pythia": {
        "r2": 0.8122155273897586,
        "mae": 0.04308900114988429
      }
    },
    "n_params": 7
  },
  "Free cubic": {
    "mean_r2": 0.7743035315932996,
    "mean_mae": 0.050963287985400826,
    "per_family": {
      "cerebras-gpt": {
        "r2": 0.7231337062228224,
        "mae": 0.049362085929848566
      },
      "gpt2": {
        "r2": 0.831214046503362,
        "mae": 0.04394434788444958
      },
      "olmo2": {
        "r2": 0.7786845336079453,
        "mae": 0.05525870305946947
      },
      "opt": {
        "r2": 0.7525529500463428,
        "mae": 0.06004234244568126
      },
      "pythia": {
        "r2": 0.7859324215860257,
        "mae": 0.04620896060755525
      }
    },
    "n_params": 8
  },
  "Quartic polynomial": {
    "mean_r2": 0.7964270457180438,
    "mean_mae": 0.0488822929679081,
    "per_family": {
      "cerebras-gpt": {
        "r2": 0.7616000119685027,
        "mae": 0.04566973840334486
      },
      "gpt2": {
        "r2": 0.857766479685165,
        "mae": 0.04024231364424678
      },
      "olmo2": {
        "r2": 0.7920005965917298,
        "mae": 0.05452817841715838
      },
      "opt": {
        "r2": 0.7594733553561639,
        "mae": 0.059545565602251056
      },
      "pythia": {
        "r2": 0.8112947849886573,
        "mae": 0.044425668772539464
      }
    },
    "n_params": 9
  }
}