{
  "ablations": {
    "Full Gaussian (8p)": {
      "mean_r2": 0.7795245276551097,
      "mean_mae": 0.05045690564508093,
      "per_family": {
        "cerebras-gpt": {
          "r2": 0.7302228940091624,
          "mae": 0.04901446079741534
        },
        "gpt2": {
          "r2": 0.8514771332380991,
          "mae": 0.04095611432270957
        },
        "olmo2": {
          "r2": 0.7785032289959143,
          "mae": 0.05655821976672373
        },
        "opt": {
          "r2": 0.7568731482507679,
          "mae": 0.059699909042735984
        },
        "pythia": {
          "r2": 0.7805462337816048,
          "mae": 0.046055824295820016
        }
      }
    },
    "No compute (6p)": {
      "mean_r2": 0.7705372001609535,
      "mean_mae": 0.051413046215551705,
      "per_family": {
        "cerebras-gpt": {
          "r2": 0.7501638198520173,
          "mae": 0.04859186071092952
        },
        "gpt2": {
          "r2": 0.8513101195788976,
          "mae": 0.04112766063731632
        },
        "olmo2": {
          "r2": 0.7163144177856726,
          "mae": 0.06096744797703276
        },
        "opt": {
          "r2": 0.7766189294681638,
          "mae": 0.05692289739453891
        },
        "pythia": {
          "r2": 0.7582787141200167,
          "mae": 0.04945536435794102
        }
      }
    },
    "No mu1 (7p)": {
      "mean_r2": 0.7691403886151186,
      "mean_mae": 0.05116917626598265,
      "per_family": {
        "cerebras-gpt": {
          "r2": 0.7250982593487479,
          "mae": 0.0489400911576694
        },
        "gpt2": {
          "r2": 0.851517783368078,
          "mae": 0.04149919823642766
        },
        "olmo2": {
          "r2": 0.7570724126119666,
          "mae": 0.05710794124429824
        },
        "opt": {
          "r2": 0.7421957506565191,
          "mae": 0.06025655147410925
        },
        "pythia": {
          "r2": 0.7698177370902808,
          "mae": 0.0480420992174087
        }
      }
    },
    "No beta (5p)": {
      "mean_r2": 0.5116670095254943,
      "mean_mae": 0.0764088074236193,
      "per_family": {
        "cerebras-gpt": {
          "r2": 0.4910454132533588,
          "mae": 0.07035527592594601
        },
        "gpt2": {
          "r2": 0.6155766799014943,
          "mae": 0.07081986112560712
        },
        "olmo2": {
          "r2": 0.4781421237361976,
          "mae": 0.08546805085184626
        },
        "opt": {
          "r2": 0.46935765009618846,
          "mae": 0.0914639113225709
        },
        "pythia": {
          "r2": 0.5042131806402324,
          "mae": 0.06393693789212626
        }
      }
    }
  },
  "nonparametric_baselines": {
    "GAM (RBF)": {
      "mean_r2": 0.7293239855568486,
      "mean_mae": 0.05237000418217837,
      "per_family": {
        "cerebras-gpt": {
          "r2": 0.8091033410409967,
          "mae": 0.0403162184444232
        },
        "gpt2": {
          "r2": 0.877150788899528,
          "mae": 0.0354110559555523
        },
        "olmo2": {
          "r2": 0.3918857569878009,
          "mae": 0.08670672064919892
        },
        "opt": {
          "r2": 0.7992123748076045,
          "mae": 0.05192728661987945
        },
        "pythia": {
          "r2": 0.7692676660483132,
          "mae": 0.04748873924183796
        }
      }
    },
    "Gaussian Process": {
      "mean_r2": 0.7512123704596436,
      "mean_mae": 0.0471528380618289,
      "per_family": {
        "cerebras-gpt": {
          "r2": 0.7266376639210166,
          "mae": 0.04366085149624988
        },
        "gpt2": {
          "r2": 0.8766022304784008,
          "mae": 0.03545493214611512
        },
        "olmo2": {
          "r2": 0.5205096793559787,
          "mae": 0.06458150192195909
        },
        "opt": {
          "r2": 0.7871534359106601,
          "mae": 0.053101246277226385
        },
        "pythia": {
          "r2": 0.8451588426321619,
          "mae": 0.038965658467594005
        }
      }
    },
    "MLP (32,16)": {
      "mean_r2": 0.6737541630839644,
      "mean_mae": 0.05930065540319228,
      "per_family": {
        "cerebras-gpt": {
          "r2": 0.7254198730792455,
          "mae": 0.05303609738458814
        },
        "gpt2": {
          "r2": 0.8724315849581783,
          "mae": 0.037948495215156385
        },
        "olmo2": {
          "r2": 0.7100531388577282,
          "mae": 0.06068641699266728
        },
        "opt": {
          "r2": 0.7525607295354584,
          "mae": 0.059187101120799855
        },
        "pythia": {
          "r2": 0.3083054889892116,
          "mae": 0.08564516630274975
        }
      }
    },
    "GBRT (100 trees)": {
      "mean_r2": 0.8258167861477869,
      "mean_mae": 0.0439559606313767,
      "per_family": {
        "cerebras-gpt": {
          "r2": 0.8540533914979879,
          "mae": 0.0369390906396697
        },
        "gpt2": {
          "r2": 0.8933518547844059,
          "mae": 0.03529273551572839
        },
        "olmo2": {
          "r2": 0.8383034479445692,
          "mae": 0.04536213440186506
        },
        "opt": {
          "r2": 0.7545501348431385,
          "mae": 0.05655652853476642
        },
        "pythia": {
          "r2": 0.7888251016688334,
          "mae": 0.045629314064853946
        }
      }
    }
  }
}