{
  "experiment": "CTI Baseline Comparison",
  "cv_type": "leave-one-model-out",
  "per_model": {
    "intercept": {
      "pythia-1.4b": {
        "mae": 0.06718927811016147,
        "r2": 0.49469154978468277
      },
      "pythia-160m": {
        "mae": 0.06294353005774855,
        "r2": 0.45018855261445967
      },
      "pythia-1b": {
        "mae": 0.06395907216328424,
        "r2": 0.4980595203209165
      },
      "pythia-410m": {
        "mae": 0.057698702802312214,
        "r2": 0.576270422622569
      }
    },
    "linear_depth": {
      "pythia-1.4b": {
        "mae": 0.05059462793434591,
        "r2": 0.758097921027959
      },
      "pythia-160m": {
        "mae": 0.04824957613246183,
        "r2": 0.7184822789811336
      },
      "pythia-1b": {
        "mae": 0.041070593041659366,
        "r2": 0.7978265107322603
      },
      "pythia-410m": {
        "mae": 0.03904135850503496,
        "r2": 0.8043465371276113
      }
    },
    "knn_k5": {
      "pythia-1.4b": {
        "mae": 0.032712323234589155,
        "r2": 0.9016580220300661
      },
      "pythia-160m": {
        "mae": 0.03356356800164197,
        "r2": 0.8861258245703082
      },
      "pythia-1b": {
        "mae": 0.020258696517252102,
        "r2": 0.9620099853227579
      },
      "pythia-410m": {
        "mae": 0.030678258752226576,
        "r2": 0.9096330065713599
      }
    },
    "knn_k10": {
      "pythia-1.4b": {
        "mae": 0.0327123232345894,
        "r2": 0.9016580220300672
      },
      "pythia-160m": {
        "mae": 0.03356356800164141,
        "r2": 0.8861258245703113
      },
      "pythia-1b": {
        "mae": 0.02150495086565212,
        "r2": 0.9552398754569555
      },
      "pythia-410m": {
        "mae": 0.03067825875222455,
        "r2": 0.9096330065713705
      }
    },
    "gaussian_bd": {
      "pythia-1.4b": {
        "mae": 0.04262779859289948,
        "r2": 0.8188994448757354
      },
      "pythia-160m": {
        "mae": 0.049637474123588925,
        "r2": 0.7402919974831035
      },
      "pythia-1b": {
        "mae": 0.03649109087831164,
        "r2": 0.8347291035006562
      },
      "pythia-410m": {
        "mae": 0.03751022457728544,
        "r2": 0.8465802359786772
      }
    }
  },
  "summary": {
    "intercept": {
      "mean_mae": 0.06294764578337661,
      "mean_r2": 0.504802511335657
    },
    "linear_depth": {
      "mean_mae": 0.044739038903375515,
      "mean_r2": 0.7696883119672411
    },
    "knn_k5": {
      "mean_mae": 0.029303211626427447,
      "mean_r2": 0.9148567096236231
    },
    "knn_k10": {
      "mean_mae": 0.029614775213526873,
      "mean_r2": 0.9131641821571761
    },
    "gaussian_bd": {
      "mean_mae": 0.041566647043021376,
      "mean_r2": 0.810125195459543
    }
  }
}