{
  "status": "complete",
  "ce": {
    "mean_q": 0.595906432748538,
    "mean_kappa": 0.8461220928252743,
    "mean_alpha": 1.2109527170855983,
    "mean_d_eff_inferred": 1.3661230505944644,
    "mean_kappa_eff": 0.9687848898812573
  },
  "nc": {
    "mean_q": 0.6010526315789474,
    "mean_kappa": 0.8352131111778837,
    "mean_alpha": 1.3923055070910664,
    "mean_d_eff_inferred": 1.7613656221180658,
    "mean_kappa_eff": 1.104521706642666
  },
  "tests": {
    "P1_sign": true,
    "P2_kappa": false,
    "P3_effect": false
  },
  "secondary": {
    "delta_alpha": 0.1813527900054681,
    "delta_d_eff_inferred": 0.3952425715236014,
    "delta_kappa_eff": 0.1357368167614087
  },
  "preregistered": {
    "alpha_CE": 1.365,
    "A_renorm_K20": 1.0535,
    "K": 20
  }
}