{
  "experiment": "cti_equicorr_K_sweep",
  "arch": "pythia-160m",
  "n_samples": 2000,
  "prediction": "rho ~ 0.5 (regular simplex, K-independent)",
  "results": {
    "agnews": {
      "K": 4,
      "rho": 0.4925538025355296,
      "rho_std_per_class": 0.10814595306121869,
      "d_eff_comp": 1.9706522681550225,
      "best_layer": 11,
      "kappa_nearest": 0.4712343326804236,
      "elapsed_s": 19.010239124298096
    },
    "dbpedia_14": {
      "K": 14,
      "rho": 0.40797768543424767,
      "rho_std_per_class": 0.2737622555687284,
      "d_eff_comp": 1.6891255200971584,
      "best_layer": 11,
      "kappa_nearest": 0.4093406000304547,
      "elapsed_s": 19.32883095741272
    },
    "banking77": {
      "K": 77,
      "rho": 0.4671104991847468,
      "rho_std_per_class": 0.13810726875208656,
      "d_eff_comp": 1.8765616482781649,
      "best_layer": 0,
      "kappa_nearest": 0.3201912014250428,
      "elapsed_s": 16.65718388557434
    }
  },
  "summary": {
    "mean_rho": 0.4558806623848413,
    "std_rho": 0.03542938349164265,
    "cv_rho": 0.07771635521064606,
    "mean_d_eff_comp": 1.8454464788434486,
    "cv_d_eff_comp": 0.06341000929135117,
    "k_independence_pass": true
  }
}