{
  "experiment": "kappa_tournament_frozen_transfer",
  "session": 38,
  "tau_star": 0.2,
  "n_random_null": 1000,
  "w_causal": {
    "1": 1.209069086861955,
    "2": 0.3552556765433264,
    "3": 0.2591909536913984,
    "4": 0.20661164017884184,
    "5": 0.10675362171500326,
    "6": 0.10114102388131836,
    "7": 0.0421671680555929,
    "8": 0.051203336112701996,
    "9": 0.0014718660108907157,
    "10": 0.01034842091093421,
    "11": 0.023905647306290308,
    "12": 0.0,
    "13": 0.057078588548199014
  },
  "sum_w": 2.4241970298164524,
  "n_pooled": 56,
  "pooled": {
    "r2_kappa_nearest": 0.451323507720645,
    "r2_kappa_mean": 0.4688038094010264,
    "r2_phi_tau020": 0.5669278096071082,
    "r2_kappa_eff_causal": 0.5776005068547347,
    "random_null_r2_mean": 0.5713711498494529,
    "random_null_r2_p90": 0.5853746138172834,
    "random_null_r2_p99": 0.5914611189347222,
    "pct_causal_beats_random": 67.60000000000001,
    "causal_beats_mean": true,
    "causal_above_90pct_random": false
  },
  "per_model": {
    "pythia-410m": {
      "n_classes": 14,
      "r2_kappa_nearest": 0.26221633792185306,
      "r2_kappa_mean": 0.4367924629894603,
      "r2_phi": 0.48624613542650896,
      "r2_kappa_eff_causal": 0.43725424386332445,
      "random_pct": 0.5,
      "causal_beats_mean": true,
      "causal_beats_phi": false,
      "causal_above_90pct_random": false
    },
    "electra-small": {
      "n_classes": 14,
      "r2_kappa_nearest": 0.38901197981853697,
      "r2_kappa_mean": 0.4377957426727629,
      "r2_phi": 0.6655259954859993,
      "r2_kappa_eff_causal": 0.631416710295831,
      "random_pct": 98.3,
      "causal_beats_mean": true,
      "causal_beats_phi": false,
      "causal_above_90pct_random": true
    },
    "rwkv-4-169m": {
      "n_classes": 14,
      "r2_kappa_nearest": 0.23126709309463023,
      "r2_kappa_mean": 0.4480940940232847,
      "r2_phi": 0.4291284804071409,
      "r2_kappa_eff_causal": 0.46874341756425486,
      "random_pct": 0.7000000000000001,
      "causal_beats_mean": true,
      "causal_beats_phi": true,
      "causal_above_90pct_random": false
    },
    "bert-base": {
      "n_classes": 14,
      "r2_kappa_nearest": 0.2958974351407839,
      "r2_kappa_mean": 0.5467514362872202,
      "r2_phi": 0.5825665179599353,
      "r2_kappa_eff_causal": 0.5409953173520039,
      "random_pct": 0.7000000000000001,
      "causal_beats_mean": false,
      "causal_beats_phi": false,
      "causal_above_90pct_random": false
    }
  },
  "pre_registered": {
    "criterion_1": "causal R2 > kappa_mean R2 (pooled)",
    "criterion_2": "causal R2 above 90th percentile of random null",
    "overall_pass": false
  }
}