{
  "meta": {
    "kappa": 0.3,
    "d": 768,
    "N_PER_CLASS": 200,
    "C_0_prior": 0.816496580927726,
    "p_prior": 0.791,
    "timestamp": "2026-02-23T05:29:28.227530"
  },
  "K_results": {
    "4": {
      "K": 4,
      "B_K_mean": 2.6793713200531095,
      "B_K_std": 1.7346813918351074,
      "B_K_cv": 0.6474210494276408,
      "B_pred_prior": 3.6653215928016083,
      "rel_err_prior": 0.26899420631598175,
      "B_normed": 1.5469357528916259,
      "C_0_obs": 0.5968637311813596,
      "n_valid_alpha": 3,
      "alpha_results": {
        "0.75": {
          "alpha": 0.75,
          "mean_B": 0.2465571747976972,
          "std_B": 15.148730349241994,
          "cv_B": 61.44104450284884,
          "mean_r_wk": 0.7372165054404478,
          "mean_d_eff_1": 18.971550366583738,
          "mean_q_base": 0.7425,
          "n_seeds": 12,
          "n_valid_B": 12
        },
        "1.0": {
          "alpha": 1.0,
          "mean_B": 4.169166025452235,
          "std_B": 1.1286141970417969,
          "cv_B": 0.27070502593366375,
          "mean_r_wk": 0.8198230944103336,
          "mean_d_eff_1": 7.7974783247191946,
          "mean_q_base": 0.6888888888888888,
          "n_seeds": 12,
          "n_valid_B": 12
        },
        "1.25": {
          "alpha": 1.25,
          "mean_B": 3.622390759909398,
          "std_B": 1.417045222360288,
          "cv_B": 0.3911906020861567,
          "mean_r_wk": 0.731309025718408,
          "mean_d_eff_1": 4.149289457670956,
          "mean_q_base": 0.6670833333333334,
          "n_seeds": 12,
          "n_valid_B": 11
        }
      }
    },
    "5": {
      "K": 5,
      "B_K_mean": 4.332733098574406,
      "B_K_std": 0.5782503698497762,
      "B_K_cv": 0.13346087947121352,
      "B_pred_prior": 4.232348816541113,
      "rel_err_prior": 0.02371833853603111,
      "B_normed": 2.166366549287203,
      "C_0_obs": 0.8358625232476817,
      "n_valid_alpha": 3,
      "alpha_results": {
        "0.75": {
          "alpha": 0.75,
          "mean_B": 3.7454531125116293,
          "std_B": 0.7563991068059857,
          "cv_B": 0.20195129509944895,
          "mean_r_wk": 0.8104297179273833,
          "mean_d_eff_1": 19.225859360837863,
          "mean_q_base": 0.8081249999999999,
          "n_seeds": 12,
          "n_valid_B": 12
        },
        "1.0": {
          "alpha": 1.0,
          "mean_B": 4.133537521841718,
          "std_B": 1.0319920122943742,
          "cv_B": 0.2496631533743923,
          "mean_r_wk": 0.8163358955401002,
          "mean_d_eff_1": 7.879866468317569,
          "mean_q_base": 0.7747916666666667,
          "n_seeds": 12,
          "n_valid_B": 12
        },
        "1.25": {
          "alpha": 1.25,
          "mean_B": 5.119208661369872,
          "std_B": 1.0782208294502815,
          "cv_B": 0.21062255922222078,
          "mean_r_wk": 0.8560503445117741,
          "mean_d_eff_1": 4.200953083423851,
          "mean_q_base": 0.7553125,
          "n_seeds": 12,
          "n_valid_B": 12
        }
      }
    },
    "7": {
      "K": 7,
      "B_K_mean": 4.81817286693407,
      "B_K_std": 0.16674448933624922,
      "B_K_cv": 0.03460741113723326,
      "B_pred_prior": 5.183547506998989,
      "rel_err_prior": 0.07048737174137577,
      "B_normed": 1.9670108360852039,
      "C_0_obs": 0.7589438829023111,
      "n_valid_alpha": 3,
      "alpha_results": {
        "0.75": {
          "alpha": 0.75,
          "mean_B": 4.645306401646583,
          "std_B": 0.8873203649408696,
          "cv_B": 0.19101438919644753,
          "mean_r_wk": 0.848875625338169,
          "mean_d_eff_1": 19.315635446447715,
          "mean_q_base": 0.8724999999999999,
          "n_seeds": 12,
          "n_valid_B": 12
        },
        "1.0": {
          "alpha": 1.0,
          "mean_B": 5.043507056990883,
          "std_B": 1.252460783497944,
          "cv_B": 0.24833132368911603,
          "mean_r_wk": 0.855364912425442,
          "mean_d_eff_1": 7.894908464312061,
          "mean_q_base": 0.846111111111111,
          "n_seeds": 12,
          "n_valid_B": 12
        },
        "1.25": {
          "alpha": 1.25,
          "mean_B": 4.765705142164744,
          "std_B": 1.8473773925130954,
          "cv_B": 0.38763988484481743,
          "mean_r_wk": 0.8299030560672743,
          "mean_d_eff_1": 4.143823302494082,
          "mean_q_base": 0.8340972222222222,
          "n_seeds": 12,
          "n_valid_B": 12
        }
      }
    },
    "10": {
      "K": 10,
      "B_K_mean": 6.227385630214797,
      "B_K_std": 0.43232296055091085,
      "B_K_cv": 0.06942286638767207,
      "B_pred_prior": 6.348523224811669,
      "rel_err_prior": 0.01908122413783338,
      "B_normed": 2.075795210071599,
      "C_0_obs": 0.8009168266592694,
      "n_valid_alpha": 3,
      "alpha_results": {
        "0.75": {
          "alpha": 0.75,
          "mean_B": 6.370637310048887,
          "std_B": 1.8152132296002221,
          "cv_B": 0.28493432309149813,
          "mean_r_wk": 0.8986541823004401,
          "mean_d_eff_1": 19.041679594648723,
          "mean_q_base": 0.9135648148148148,
          "n_seeds": 12,
          "n_valid_B": 12
        },
        "1.0": {
          "alpha": 1.0,
          "mean_B": 5.641013318238165,
          "std_B": 1.6325836243880079,
          "cv_B": 0.28941318381746106,
          "mean_r_wk": 0.8877661516569226,
          "mean_d_eff_1": 7.79099631645892,
          "mean_q_base": 0.8974074074074075,
          "n_seeds": 12,
          "n_valid_B": 12
        },
        "1.25": {
          "alpha": 1.25,
          "mean_B": 6.670506262357336,
          "std_B": 1.6110100034140862,
          "cv_B": 0.24151240401425847,
          "mean_r_wk": 0.9140642855210218,
          "mean_d_eff_1": 4.104192648271624,
          "mean_q_base": 0.8864351851851852,
          "n_seeds": 12,
          "n_valid_B": 12
        }
      }
    },
    "14": {
      "K": 14,
      "B_K_mean": 7.818367536939026,
      "B_K_std": 1.05620146307064,
      "B_K_cv": 0.1350923268931092,
      "B_pred_prior": 7.629975336844158,
      "rel_err_prior": 0.024691062785635324,
      "B_normed": 2.1684250034505195,
      "C_0_obs": 0.8366567492716691,
      "n_valid_alpha": 3,
      "alpha_results": {
        "0.75": {
          "alpha": 0.75,
          "mean_B": 7.307447466155277,
          "std_B": 1.6576639050899542,
          "cv_B": 0.22684581897680253,
          "mean_r_wk": 0.9349612015226315,
          "mean_d_eff_1": 19.236871166637105,
          "mean_q_base": 0.9398717948717948,
          "n_seeds": 12,
          "n_valid_B": 12
        },
        "1.0": {
          "alpha": 1.0,
          "mean_B": 9.289377985453116,
          "std_B": 3.9704789859560345,
          "cv_B": 0.4274214045519177,
          "mean_r_wk": 0.9391878366611802,
          "mean_d_eff_1": 7.849727816383187,
          "mean_q_base": 0.9274038461538462,
          "n_seeds": 12,
          "n_valid_B": 12
        },
        "1.25": {
          "alpha": 1.25,
          "mean_B": 6.858277159208687,
          "std_B": 3.469548333740923,
          "cv_B": 0.505892114476931,
          "mean_r_wk": 0.7935242816762013,
          "mean_d_eff_1": 4.144468796411153,
          "mean_q_base": 0.9215705128205128,
          "n_seeds": 12,
          "n_valid_B": 12
        }
      }
    },
    "20": {
      "K": 20,
      "B_K_mean": 7.3925828007233285,
      "B_K_std": 0.9628163901914881,
      "B_K_cv": 0.130240866574708,
      "B_pred_prior": 9.22419039255834,
      "rel_err_prior": 0.1985656750225656,
      "B_normed": 1.6959748084268351,
      "C_0_obs": 0.6543683861821952,
      "n_valid_alpha": 3,
      "alpha_results": {
        "0.75": {
          "alpha": 0.75,
          "mean_B": 7.644345545923091,
          "std_B": 2.6561638728837558,
          "cv_B": 0.34746779262226707,
          "mean_r_wk": 0.9339581691869089,
          "mean_d_eff_1": 19.254602759884122,
          "mean_q_base": 0.9590570175438596,
          "n_seeds": 12,
          "n_valid_B": 12
        },