{
  "experiment": "phi_upgrade_pooled",
  "n_models": 5,
  "n_data_points": 70,
  "baseline_kappa_nearest": {
    "r": 0.5997861845178063,
    "r2": 0.3597434671384281,
    "slope": 2.5301054033676356
  },
  "upgrade_kappa_mean": {
    "r": 0.6403727613160639,
    "r2": 0.41007727343556066,
    "slope": 2.4427522904259438,
    "pass": true
  },
  "tau_sweep": {
    "0.05": {
      "r": 0.6175647275680047,
      "r2": 0.3813861927361437,
      "slope": 2.626998794757146
    },
    "0.10": {
      "r": 0.6535867550971102,
      "r2": 0.42717564643837,
      "slope": 2.820860241121217
    },
    "0.20": {
      "r": 0.6788302423820224,
      "r2": 0.46081049797243556,
      "slope": 2.8767612068057247
    },
    "0.50": {
      "r": 0.6651862761740456,
      "r2": 0.4424727820102934,
      "slope": 2.6487225987085354
    },
    "1.00": {
      "r": 0.6540295984137482,
      "r2": 0.4277547156012488,
      "slope": 2.54602661877812
    },
    "2.00": {
      "r": 0.647530491056105,
      "r2": 0.41929573684736066,
      "slope": 2.4947946121792044
    },
    "5.00": {
      "r": 0.6433190206355465,
      "r2": 0.41385936231147835,
      "slope": 2.4637389364383595
    },
    "inf": {
      "r": 0.6403727613160639,
      "r2": 0.41007727343556066,
      "slope": 2.4427522904259438
    }
  },
  "best_tau": 0.2,
  "best_r2_phi": 0.46081049797243556,
  "phi_upgrade_pass": true,
  "r2_improvement_pct": 28.0941949100405
}