{
  "experiment": "dimension_cancellation_test",
  "n_points": 260,
  "models": {
    "kappa/sqrt(K)": {
      "r2": 0.7847435345989325
    },
    "kappa*d/sqrt(K)": {
      "r2": 0.7614881388758421
    },
    "kappa*sqrt(d)/sqrt(K)": {
      "r2": 0.7992733955495567
    },
    "probit(kappa/sqrt(K))": {
      "r2": 0.7904739911466613
    },
    "kappa*d^0.393/sqrt(K)": {
      "r2": 0.8005250741574511
    }
  },
  "free_gamma": 0.39283865917311767,
  "d_improves": 1.0,
  "passes": 1
}