{
  "source": "results/cti_nc_loss_training.json",
  "per_arm_alpha": {
    "ce": {
      "alpha": 0.9224838414615297,
      "C": -0.49498216378073184,
      "r2": 0.9864758328817324,
      "d_eff_cls": 0.7667405912378951,
      "n_points": 15
    },
    "nc": {},
    "shuffled_nc": {}
  },
  "cross_arm_pairs": [],
  "tests": {
    "alpha_nc_gt_ce": false,
    "alpha_anti_lt_ce": false,
    "d_eff_cls_ce": 0.7667405912378951,
    "d_eff_cls_nc": null
  }
}