{
  "experiment": "full_theory_test",
  "per_dataset": {
    "agnews": {
      "K": 18,
      "slope": 12.241196767618106,
      "intercept": -2.456171746913039,
      "r2": 0.850432321753853,
      "n": 62
    },
    "arxiv": {
      "K": 115,
      "slope": 4.571081168702207,
      "intercept": -3.1099016600647613,
      "r2": 0.8508145552395037,
      "n": 36
    },
    "clinc": {
      "K": 150,
      "slope": 4.8800541632316925,
      "intercept": -2.8907467652953365,
      "r2": 0.8498155071217436,
      "n": 63
    },
    "dbpedia_classes": {
      "K": 68,
      "slope": 6.088111444325809,
      "intercept": -2.096682829074414,
      "r2": 0.9014872896192961,
      "n": 63
    },
    "yahoo": {
      "K": 10,
      "slope": 37.813004286732436,
      "intercept": -2.8000411376670686,
      "r2": 0.9127873233547952,
      "n": 35
    }
  }
}