{
  "experiment": "encoder_ood_roberta_banking77",
  "preregistration": "src/PREREGISTRATION_encoder_ood.md",
  "model": "FacebookAI/roberta-base",
  "dataset": "banking77",
  "encoder_loao_params": {
    "alpha": 7.089405085943949,
    "beta": -0.2051979046421073,
    "C": -2.847091004585042
  },
  "roberta_fit": {
    "alpha": 8.082188125175682,
    "beta": -0.5934045486992776,
    "C": -0.13702172405287003
  },
  "roberta_points": [
    {
      "model": "roberta-base",
      "dataset": "banking77",
      "layer": 3,
      "K": 77,
      "q": 0.7462129045600248,
      "kappa_nearest": 0.4642832755077765,
      "kappa_min": 0.28736319638540814,
      "logit_q": 1.0785152457415288,
      "logKm1": 4.330733340286331
    },
    {
      "model": "roberta-base",
      "dataset": "banking77",
      "layer": 6,
      "K": 77,
      "q": 0.715360355702616,
      "kappa_nearest": 0.45106370053017425,
      "kappa_min": 0.28238586485964684,
      "logit_q": 0.9215624354624921,
      "logKm1": 4.330733340286331
    },
    {
      "model": "roberta-base",
      "dataset": "banking77",
      "layer": 9,
      "K": 77,
      "q": 0.7332747389101437,
      "kappa_nearest": 0.463459602679766,
      "kappa_min": 0.29765589355097466,
      "logit_q": 1.0113013020499575,
      "logKm1": 4.330733340286331
    },
    {
      "model": "roberta-base",
      "dataset": "banking77",
      "layer": 12,
      "K": 77,
      "q": 0.7078960293661463,
      "kappa_nearest": 0.44299718701541463,
      "kappa_min": 0.27721863152977383,
      "logit_q": 0.8851874290250976,
      "logKm1": 4.330733340286331
    }
  ],
  "evaluation": {
    "r_within": 0.9490725821023861,
    "r_blind": 0.9490725821023867,
    "mae_blind": 1.382777210534837,
    "pr1_alpha_pass": true,
    "pr2_r_pass": true,
    "overall_pass": true
  },
  "verdict": "PASS"
}