{
  "experiment": "causal_sufficiency_rct_frozen_topm",
  "prereg_file": "results/cti_causal_sufficiency_rct_prereg.json",
  "model": "pythia-160m",
  "layer": 12,
  "dataset": "dbpedia14",
  "K": 14,
  "alpha_arch": 1.052,
  "A_renorm": 1.0535,
  "n_classes": 14,
  "aggregate": {
    "arm_j1_r": 0.9586501847872292,
    "arm_j2_r": 0.8113247781679004,
    "arm_j2_r_kappa_j1_unchanged": 0.0,
    "arm_jK_r": 0.3284025997595931,
    "arm_top_all_r": 0.9880608809744031,
    "alpha_j1": 2.479280585537359,
    "alpha_top2": 3.3812654097849335,
    "alpha_top4": 3.960414236698749,
    "alpha_topall": 4.826363039672104,
    "alpha_ratio_topall_j1": 11.011486869870572,
    "fixed_slope_r2": -4.89163219877121,
    "epsilon_j1": 0.019796412811966747,
    "epsilon_j2": -0.08851758233320565,
    "epsilon_jK": -0.12390300207706843
  },
  "verdict": {
    "arm_j1_r": true,
    "arm_j2_r": false,
    "arm_jK_r": false,
    "arm_top_all_r": true,
    "fixed_slope_r2": false,
    "epsilon_invariance": false,
    "alpha_ratio": false,
    "n_pass": 2,
    "primary_pass": false
  },
  "per_class": {
    "0": {
      "class": 0,
      "j1": 13,
      "j2": 2,
      "jK": 8,
      "baseline_kappa_j1": 0.4730277324178996,
      "baseline_logit_q": 1.2057069473603994,
      "arm_j1": {
        "r": 0.9573729574850186,
        "p": 1.0636877190962306e-11,
        "alpha": 1.4543771965302714,
        "n_pts": 21
      },
      "arm_j2": {
        "r": 0.8481460297826537,
        "p": 0.0009696860749855955,
        "alpha": 0.274347309947171,
        "r_kappa_j1": 0.0,
        "n_pts": 11
      },
      "arm_jK": {
        "r": 0.0,
        "p": 1.0,
        "alpha": 0.0,
        "r_kappa_j1": 0.0,
        "n_pts": 11
      },
      "arm_top2": {
        "r": 0.8489346092035008,
        "p": 0.0009483648723383111,
        "alpha": 2.343608673540485,
        "n_pts": 11
      },
      "arm_top4": {
        "r": 0.8977252566711864,
        "p": 0.00017641291376096924,
        "alpha": 2.8431927925802594,
        "n_pts": 11
      },
      "arm_top_all": {
        "r": 0.998400434525415,
        "p": 1.529074550226927e-12,
        "alpha": 4.861037611199002,
        "n_pts": 11
      },
      "alpha_ratio_topall_j1": 3.3423499920076094,
      "epsilon_j1": 0.0380449039759751,
      "epsilon_j2": -0.07814760499449845,
      "epsilon_jK": -0.13438978289431291,
      "fixed_slope_r2": -3.527026521506703
    },
    "1": {
      "class": 1,
      "j1": 6,
      "j2": 0,
      "jK": 8,
      "baseline_kappa_j1": 0.5005702081564458,
      "baseline_logit_q": 2.2821111440664015,
      "arm_j1": {
        "r": 0.978922865863332,
        "p": 1.43711350416923e-14,
        "alpha": 1.724757161912986,
        "n_pts": 21
      },
      "arm_j2": {
        "r": 0.9039751897711698,
        "p": 0.00013407058111396166,
        "alpha": 0.19593642525098834,
        "r_kappa_j1": 0.0,
        "n_pts": 11
      },
      "arm_jK": {
        "r": 0.49999999999999906,
        "p": 0.11730680301423875,
        "alpha": 0.046080752012151054,
        "r_kappa_j1": 0.0,
        "n_pts": 11
      },
      "arm_top2": {
        "r": 0.8601858802584554,
        "p": 0.0006809395198819838,
        "alpha": 2.0099514525278317,
        "n_pts": 11
      },
      "arm_top4": {
        "r": 0.9131886462365189,
        "p": 8.63243791970899e-05,
        "alpha": 2.1826522821298315,
        "n_pts": 11
      },
      "arm_top_all": {
        "r": 0.9954165272870368,
        "p": 1.7375521765705712e-10,
        "alpha": 3.222059601966931,
        "n_pts": 11
      },
      "alpha_ratio_topall_j1": 1.8681236252373272,
      "epsilon_j1": 0.004042506154446498,
      "epsilon_j2": -0.10598062041970557,
      "epsilon_jK": -0.11084308229157741,
      "fixed_slope_r2": -11.268166800049
    },
    "2": {
      "class": 2,
      "j1": 13,
      "j2": 12,
      "jK": 8,
      "baseline_kappa_j1": 0.4061188213350468,
      "baseline_logit_q": 1.4252097773695647,
      "arm_j1": {
        "r": 0.9517010520472571,
        "p": 3.408444180294849e-11,
        "alpha": 1.8177659239217596,
        "n_pts": 21
      },
      "arm_j2": {
        "r": 0.9264654430206667,
        "p": 4.17119921444827e-05,
        "alpha": 0.2618042525118098,
        "r_kappa_j1": 0.0,
        "n_pts": 11
      },
      "arm_jK": {
        "r": 0.0,
        "p": 1.0,
        "alpha": 0.0,
        "r_kappa_j1": 0.0,
        "n_pts": 11
      },
      "arm_top2": {
        "r": 0.8438681930772717,
        "p": 0.001091700130147849,
        "alpha": 2.7913541982169083,
        "n_pts": 11
      },
      "arm_top4": {
        "r": 0.9221900473276917,
        "p": 5.345295455445107e-05,
        "alpha": 6.494217825283413,
        "n_pts": 11
      },
      "arm_top_all": {
        "r": 0.996205570624688,
        "p": 7.433827558478196e-11,
        "alpha": 6.552539963121543,
        "n_pts": 11
      },
      "alpha_ratio_topall_j1": 3.6047215303633218,
      "epsilon_j1": 0.03522215669529943,
      "epsilon_j2": -0.0858989183143754,
      "epsilon_jK": -0.13438978289431522,
      "fixed_slope_r2": -0.4900982949398447
    },
    "3": {
      "class": 3,
      "j1": 2,
      "j2": 4,
      "jK": 8,
      "baseline_kappa_j1": 0.5017120944834981,
      "baseline_logit_q": 2.231890093436563,
      "arm_j1": {
        "r": 0.8498245556814297,
        "p": 1.0846793518223183e-06,
        "alpha": 2.0240412226196276,
        "n_pts": 21
      },
      "arm_j2": {
        "r": 0.9316922297317216,
        "p": 3.0164991780062117e-05,
        "alpha": 0.37210751664829717,
        "r_kappa_j1": 0.0,
        "n_pts": 11
      },
      "arm_jK": {
        "r": 0.8366600265340736,
        "p": 0.0013229505842675638,
        "alpha": 0.12381379699224032,
        "r_kappa_j1": 0.0,
        "n_pts": 11
      },
      "arm_top2": {
        "r": 0.9514489029967856,
        "p": 6.681016548517422e-06,
        "alpha": 4.5383512118055815,
        "n_pts": 11
      },
      "arm_top4": {
        "r": 0.9837790141405318,
        "p": 5.042486015053396e-08,
        "alpha": 4.892359627087942,
        "n_pts": 11
      },
      "arm_top_all": {
        "r": 0.9883189604997147,
        "p": 1.1582483606345902e-08,
        "alpha": 5.661927630211768,
        "n_pts": 11
      },
      "alpha_ratio_topall_j1": 2.7973381010905416,
      "epsilon_j1": 0.05541644201608033,
      "epsilon_j2": -0.08839566161138078,
      "epsilon_jK": -0.12535159207567864,
      "fixed_slope_r2": -1.458174321753829
    },
    "4": {
      "class": 4,
      "j1": 2,
      "j2": 3,
      "jK": 8,
      "baseline_kappa_j1": 0.46499513691659206,
      "baseline_logit_q": 2.2821111440664015,
      "arm_j1": {
        "r": 0.9635512281583942,
        "p": 2.4619781075973442e-12,
        "alpha": 2.147593356410039,
        "n_pts": 21
      },
      "arm_j2": {
        "r": 0.9540764014995365,
        "p": 5.221215532986613e-06,
        "alpha": 0.5457208459220757,
        "r_kappa_j1": 0.0,
        "n_pts": 11
      },
      "arm_jK": {
        "r": 0.0,
        "p": 1.0,
        "alpha": 0.0,
        "r_kappa_j1": 0.0,
        "n_pts": 11
      },
      "arm_top2": {
        "r": 0.9045616768089992,
        "p": 0.0001305385277285622,
        "alpha": 4.32113839898025,
        "n_pts": 11
      },
      "arm_top4": {
        "r": 0.9224599632399341,
        "p": 5.264454692849935e-05,
        "alpha": 4.178853636189718,
        "n_pts": 11
      },
      "arm_top_all": {
        "r": 0.9940610510801788,
        "p": 5.564300104392784e-10,
        "alpha": 3.6993044759252887,
        "n_pts": 11
      },
      "alpha_ratio_topall_j1": 1.7225348853328182,
      "epsilon_j1": -0.045689929404410835,
      "epsilon_j2": -0.07137554099324474,
      "epsilon_jK": -0.1343897828943147,
      "fixed_slope_r2": -4.632598980665509
    },
    "5": {
      "class": 5,
      "j1": 0,
      "j2": 6,
      "jK": 8,
      "baseline_kappa_j1": 0.6054355358434664,
      "baseline_logit_q": 3.332842061997881,