{
  "experiment": "2x2_id_noise_disentanglement",
  "model_id": "Qwen/Qwen2-0.5B",
  "alphas": [
    0.0,
    0.3,
    0.5,
    0.6,
    0.65,
    0.7,
    0.75,
    0.8,
    0.85,
    0.9,
    0.95,
    1.0
  ],
  "conditions": [
    "A_baseline",
    "B_noise_only",
    "C_id_up_clean",
    "D_id_up_noise"
  ],
  "results": {
    "0.0": {
      "A_baseline": {
        "knn_acc": 0.1036,
        "intrinsic_dim": 10.751529664993287
      },
      "B_noise_only": {
        "knn_acc": 0.07293333333333332,
        "intrinsic_dim": 115.10084282890513
      },
      "C_id_up_clean": {
        "knn_acc": 0.07673333333333333,
        "intrinsic_dim": 209.2479931640625
      },
      "D_id_up_noise": {
        "knn_acc": 0.016533333333333334,
        "intrinsic_dim": 92.98247159642175
      }
    },
    "0.3": {
      "A_baseline": {
        "knn_acc": 0.10973333333333332,
        "intrinsic_dim": 12.155337228775025
      },
      "B_noise_only": {
        "knn_acc": 0.07226666666666667,
        "intrinsic_dim": 129.7846864134737
      },
      "C_id_up_clean": {
        "knn_acc": 0.08040000000000001,
        "intrinsic_dim": 258.0660986328125
      },
      "D_id_up_noise": {
        "knn_acc": 0.018266666666666667,
        "intrinsic_dim": 116.2091319019166
      }
    },
    "0.5": {
      "A_baseline": {
        "knn_acc": 0.15173333333333333,
        "intrinsic_dim": 49.4371524143219
      },
      "B_noise_only": {
        "knn_acc": 0.09639999999999999,
        "intrinsic_dim": 231.11379378491802
      },
      "C_id_up_clean": {
        "knn_acc": 0.10279999999999997,
        "intrinsic_dim": 605.3289965820312
      },
      "D_id_up_noise": {
        "knn_acc": 0.02146666666666667,
        "intrinsic_dim": 276.6180274533407
      }
    },
    "0.6": {
      "A_baseline": {
        "knn_acc": 0.14786666666666667,
        "intrinsic_dim": 22.77265983581543
      },
      "B_noise_only": {
        "knn_acc": 0.08106666666666666,
        "intrinsic_dim": 207.75374183193316
      },
      "C_id_up_clean": {
        "knn_acc": 0.09753333333333333,
        "intrinsic_dim": 424.95972412109376
      },
      "D_id_up_noise": {
        "knn_acc": 0.019466666666666667,
        "intrinsic_dim": 191.30025386907343
      }
    },
    "0.65": {
      "A_baseline": {
        "knn_acc": 0.17213333333333336,
        "intrinsic_dim": 55.08173104286194
      },
      "B_noise_only": {
        "knn_acc": 0.09713333333333335,
        "intrinsic_dim": 319.1197320998479
      },
      "C_id_up_clean": {
        "knn_acc": 0.107,
        "intrinsic_dim": 636.3672924804688
      },
      "D_id_up_noise": {
        "knn_acc": 0.02093333333333334,
        "intrinsic_dim": 281.500639018731
      }
    },
    "0.7": {
      "A_baseline": {
        "knn_acc": 0.1784,
        "intrinsic_dim": 71.23419826507569
      },
      "B_noise_only": {
        "knn_acc": 0.09073333333333335,
        "intrinsic_dim": 370.77486631624777
      },
      "C_id_up_clean": {
        "knn_acc": 0.10373333333333333,
        "intrinsic_dim": 649.9188427734375
      },
      "D_id_up_noise": {
        "knn_acc": 0.021533333333333335,
        "intrinsic_dim": 285.5307525324689
      }
    },
    "0.75": {
      "A_baseline": {
        "knn_acc": 0.20033333333333336,
        "intrinsic_dim": 71.66959732055665
      },
      "B_noise_only": {
        "knn_acc": 0.08866666666666667,
        "intrinsic_dim": 413.2056400842632
      },
      "C_id_up_clean": {
        "knn_acc": 0.1096,
        "intrinsic_dim": 656.6343432617188
      },
      "D_id_up_noise": {
        "knn_acc": 0.02066666666666667,
        "intrinsic_dim": 284.98448329984285
      }
    },
    "0.8": {
      "A_baseline": {
        "knn_acc": 0.223,
        "intrinsic_dim": 42.4608434677124
      },
      "B_noise_only": {
        "knn_acc": 0.0824,
        "intrinsic_dim": 421.63258022734556
      },
      "C_id_up_clean": {
        "knn_acc": 0.12366666666666667,
        "intrinsic_dim": 641.0324816894531
      },
      "D_id_up_noise": {
        "knn_acc": 0.020066666666666667,
        "intrinsic_dim": 279.151317176102
      }
    },
    "0.85": {
      "A_baseline": {
        "knn_acc": 0.2693333333333333,
        "intrinsic_dim": 27.82217734336853
      },
      "B_noise_only": {
        "knn_acc": 0.07626666666666666,
        "intrinsic_dim": 474.7839653569531
      },
      "C_id_up_clean": {
        "knn_acc": 0.14826666666666669,
        "intrinsic_dim": 631.7236547851562
      },
      "D_id_up_noise": {
        "knn_acc": 0.0202,
        "intrinsic_dim": 269.1784028283258
      }
    },
    "0.9": {
      "A_baseline": {
        "knn_acc": 0.36719999999999997,
        "intrinsic_dim": 18.022937564849855
      },
      "B_noise_only": {
        "knn_acc": 0.07680000000000001,
        "intrinsic_dim": 470.7545869636594
      },
      "C_id_up_clean": {
        "knn_acc": 0.18993333333333332,
        "intrinsic_dim": 584.971484375
      },
      "D_id_up_noise": {
        "knn_acc": 0.020666666666666663,
        "intrinsic_dim": 251.46183271096396
      }
    },
    "0.95": {
      "A_baseline": {
        "knn_acc": 0.44366666666666665,
        "intrinsic_dim": 16.193265714645385
      },
      "B_noise_only": {
        "knn_acc": 0.0814,
        "intrinsic_dim": 482.65468553303174
      },
      "C_id_up_clean": {
        "knn_acc": 0.27313333333333334,
        "intrinsic_dim": 536.4156652832031
      },
      "D_id_up_noise": {
        "knn_acc": 0.022199999999999998,
        "intrinsic_dim": 234.41158726004724
      }
    },
    "1.0": {
      "A_baseline": {
        "knn_acc": 0.4756666666666666,
        "intrinsic_dim": 17.23419345855713
      },
      "B_noise_only": {
        "knn_acc": 0.08953333333333333,
        "intrinsic_dim": 510.78379389773596
      },
      "C_id_up_clean": {
        "knn_acc": 0.3542,
        "intrinsic_dim": 513.7747863769531
      },
      "D_id_up_noise": {
        "knn_acc": 0.02166666666666667,
        "intrinsic_dim": 222.80724816636254
      }
    }
  },
  "transitions": {
    "A_baseline": {
      "alpha_knn": 0.8603712534059945,
      "alpha_id_peak": 0.75,
      "peak_id": 71.66959732055665,
      "knn_at_1": 0.4756666666666666,
      "mean_id": 34.569635276794436
    },
    "B_noise_only": {
      "alpha_knn": 0.4030386740331493,
      "alpha_id_peak": 1.0,
      "peak_id": 510.78379389773596,
      "knn_at_1": 0.08953333333333333,
      "mean_id": 345.62190961152623
    },
    "C_id_up_clean": {
      "alpha_knn": 0.9153445512820513,
      "alpha_id_peak": 0.75,
      "peak_id": 656.6343432617188,
      "knn_at_1": 0.3542,
      "mean_id": 529.0367802937825
    },
    "D_id_up_noise": {
      "alpha_knn": null,
      "alpha_id_peak": 0.7,
      "peak_id": 285.5307525324689,
      "knn_at_1": 0.02166666666666667,
      "mean_id": 232.17801231779973
    }
  },
  "verdict": "SNR_CAUSAL"
}