{
  "experiment": "CTI Profile Likelihood CIs",
  "n_observations": 5004,
  "best_nll": 7.87373150758069,
  "best_params": {
    "alpha": 0.12274833536520197,
    "beta": 0.6949393929905485,
    "mu_0": -0.9216991415590163,
    "mu_1": 0.08062558319930002,
    "b_agnews": -3.3793509378942868,
    "b_clinc": -3.5367405156674994,
    "b_dbpedia_classes": -3.5561478413849374,
    "b_trec": -2.557448524440728
  },
  "profile_cis": {
    "alpha": {
      "mle": 0.12274833536520197,
      "ci_95_lo": -0.033333333333333326,
      "ci_95_hi": 0.18277974640310013,
      "ci_width": 0.21611307973643346
    },
    "beta": {
      "mle": 0.6949393929905485,
      "ci_95_lo": 0.0835835274862101,
      "ci_95_hi": 2.2175058245863033,
      "ci_width": 2.133922297100093
    },
    "mu_0": {
      "mle": -0.9216991415590163,
      "ci_95_lo": -2.0,
      "ci_95_hi": 1.9433982831180328,
      "ci_width": 3.9433982831180328
    },
    "mu_1": {
      "mle": 0.08062558319930002,
      "ci_95_lo": -0.0333333333333333,
      "ci_95_hi": 0.2997773457620565,
      "ci_width": 0.33311067909538983
    }
  }
}