{
  "experiment": "beta_constrained_model_comparison",
  "timestamp": "2026-02-23T06:25:14.927602",
  "n_total_points": 444,
  "n_models": 19,
  "n_datasets": 10,
  "pre_registered": {
    "PR_WIN": "M2 (beta=-0.5) LOAO MAE <= M1 (beta=-1) LOAO MAE",
    "PR_CLOSE": "relative improvement >= 3%",
    "PR_UNCON_GAP": "unconstrained within 5% of winner"
  },
  "global_fits": {
    "M0": {
      "alpha": 3.595806341722245,
      "beta": -0.478436730668395,
      "C": -0.2732495164520965,
      "global_mae": 0.7398770696229928
    },
    "M1": {
      "alpha": 3.415570361867171,
      "beta": -1.0,
      "C": 1.1956127225329256,
      "global_mae": 0.868572170780388
    },
    "M2": {
      "alpha": 3.5883547491631247,
      "beta": -0.5,
      "C": -0.21252155892002367,
      "global_mae": 0.7411950310098985
    },
    "M3": {
      "alpha": 3.761139136459076,
      "beta": 0.0,
      "C": -1.620655840372973,
      "global_mae": 0.8422837785418933
    }
  },
  "loao_cv": {
    "M0": {
      "mean_mae": 0.770687098201173,
      "std_mae": 0.3554678690665762,
      "n_groups": 19,
      "per_group": [
        0.6364937805033988,
        0.9138068122012829,
        0.8572710487062881,
        0.7628996765961285,
        0.7552740224155852,
        0.7105526446925658,
        0.6611144839016508,
        0.5882295591762541,
        0.6757285641541516,
        0.5717249899932457,
        0.6861038948005838,
        0.8496940880148728,
        0.5029451896990903,
        2.212207243580028,
        0.6485227172287285,
        0.772456962043921,
        0.6469105520088595,
        0.5613638758298393,
        0.629754760275812
      ]
    },
    "M1": {
      "mean_mae": 0.8521951590349176,
      "std_mae": 0.3275506762806691,
      "n_groups": 19,
      "per_group": [
        0.8738811729261794,
        0.8070580394349793,
        1.0075818624762252,
        0.6654921620201473,
        0.9551254959054365,
        0.6645999717245737,
        0.6920160354430327,
        0.673268805356253,
        0.6356631893059876,
        0.6526419701639941,
        0.7795819808655431,
        1.0347773275099255,
        0.7096628616126601,
        2.1213986094368615,
        0.7007525379576908,
        1.019169338260836,
        0.6848437033461039,
        0.6568179456861596,
        0.8573750122308452
      ]
    },
    "M2": {
      "mean_mae": 0.7657419657951495,
      "std_mae": 0.3555293044547193,
      "n_groups": 19,
      "per_group": [
        0.633830047512238,
        0.902076754062476,
        0.8576356155965087,
        0.7503946642914227,
        0.7577798066569418,
        0.6984256034109482,
        0.6500999045774664,
        0.5896645597675316,
        0.6575703399882613,
        0.5680105305193555,
        0.6899115748018212,
        0.8504829583914247,
        0.5030905956356684,
        2.207807622941566,
        0.6333666560584565,
        0.7721737433021765,
        0.6363520577443147,
        0.5549311170775151,
        0.6354931977717476
      ]
    },
    "M3": {
      "mean_mae": 0.9171327606421017,
      "std_mae": 0.34627976006804995,
      "n_groups": 19,
      "per_group": [
        0.5988989989353153,
        1.151152226122643,
        0.8607939804490261,
        0.9698809323024156,
        0.7726602934783383,
        0.9424964657087438,
        0.9198706744764807,
        0.7856041641088671,
        0.9515723605187919,
        0.840801943664168,
        0.736205023838269,
        0.8513410076361095,
        0.6839652290351851,
        2.294216636446271,
        0.9002423274458332,
        0.7560687980356375,
        0.8807221725436151,
        0.829807911212186,
        0.6992213062420334
      ]
    }
  },
  "lodo_cv": {
    "M0": {
      "mean_mae": 0.8980437400722583,
      "std_mae": 0.35627742585239874,
      "n_groups": 10,
      "per_group": [
        0.5499541925053297,
        0.3431247885882323,
        0.8371461290938905,
        0.6139346531731444,
        1.4205210501536816,
        0.7485013153743229,
        0.9578681562049504,
        1.565855323766239,
        0.9763218070443874,
        0.9672099848184046
      ]
    },
    "M1": {
      "mean_mae": 1.0690691893857307,
      "std_mae": 0.4100652293089629,
      "n_groups": 10,
      "per_group": [
        0.5366499803946698,
        0.9264571943142723,
        1.4780492791382585,
        1.3986005050212686,
        1.3716571815329208,
        1.3432608543259483,
        0.5431719041247868,
        1.4526585073211777,
        0.37995485575788807,
        1.2602316319261155
      ]
    },
    "M2": {
      "mean_mae": 0.8566307029791481,
      "std_mae": 0.3656691586030484,
      "n_groups": 10,
      "per_group": [
        0.5490052954467161,
        0.3059198533060117,
        0.7696030118031957,
        0.5459881513613574,
        1.4164770287672694,
        0.706002090423925,
        0.866789086434984,
        1.5545107819952892,
        0.8923281335096577,
        0.9596835967430759
      ]
    },
    "M3": {
      "mean_mae": 0.8989195869563815,
      "std_mae": 0.5182297446267947,
      "n_groups": 10,
      "per_group": [
        0.5707944608569333,
        0.9909783852283596,
        0.3526645976747038,
        0.395411810190948,
        1.4622945403257899,
        0.17007240780906216,
        1.2115924678004169,
        1.7665697153412339,
        1.4096819227763324,
        0.6591355615600363
      ]
    }
  },
  "verdict": {
    "winner": "M2",
    "PR_WIN": true,
    "PR_CLOSE": true,
    "PR_UNCON_GAP": true,
    "loao_m1": 0.8521951590349176,
    "loao_m2": 0.7657419657951495,
    "loao_m0": 0.770687098201173,
    "loao_m3": 0.9171327606421017,
    "m2_relative_improvement_over_m1": 0.10144764649645911
  }
}