{
  "experiment": "crossdomain_global_vs_single_surgery_nlp",
  "preregistered_commit": "09ba558",
  "cifar_reference_commit": "59faa5d",
  "A_RENORM_K20": 1.0535,
  "K": 20,
  "surgery_levels": [
    0.5,
    0.7,
    1.0,
    1.5,
    2.0,
    3.0
  ],
  "architectures": [
    "deberta-base",
    "olmo-1b",
    "qwen3-0.6b"
  ],
  "all_records": [
    {
      "arch": "deberta-base",
      "arch_idx": 0,
      "r": 0.5,
      "q_base": 0.1831578947368421,
      "logit_base": -1.49509722096869,
      "q_single": 0.21473684210526317,
      "delta_single": 0.19849161460914555,
      "kappa_chg_single": 0.0007218054962509779,
      "q_global": 0.14,
      "delta_global": -0.32019274566955924,
      "kappa_chg_global": 20.775274368364457,
      "global_valid": false,
      "r_min_valid": 0.7965987146286668,
      "ratio_global_over_single": -1.6131298357366795,
      "d_eff_base": 11.774398402500234,
      "kappa_base": 0.0690163608912466,
      "kappa_eff_base": 0.23682165909815456,
      "delta_pred_full": -0.07307440302196366,
      "delta_pred_attenuated": -0.006206211181579067
    },
    {
      "arch": "deberta-base",
      "arch_idx": 0,
      "r": 0.7,
      "q_base": 0.1831578947368421,
      "logit_base": -1.49509722096869,
      "q_single": 0.20842105263157898,
      "delta_single": 0.16062792771338552,
      "kappa_chg_single": 0.0008030887103240501,
      "q_global": 0.15473684210526317,
      "delta_global": -0.20282490619933546,
      "kappa_chg_global": 6.259541588524899,
      "global_valid": false,
      "r_min_valid": 0.7965987146286668,
      "ratio_global_over_single": -1.2627001361882948,
      "d_eff_base": 11.774398402500234,
      "kappa_base": 0.0690163608912466,
      "kappa_eff_base": 0.23682165909815456,
      "delta_pred_full": -0.04075195424120758,
      "delta_pred_attenuated": -0.0034610646631894255
    },
    {
      "arch": "deberta-base",
      "arch_idx": 0,
      "r": 1.0,
      "q_base": 0.1831578947368421,
      "logit_base": -1.49509722096869,
      "q_single": 0.1863157894736842,
      "delta_single": 0.02096790495509704,
      "kappa_chg_single": 8.745405134262406e-06,
      "q_global": 0.18421052631578946,
      "delta_global": 0.007020165538856871,
      "kappa_chg_global": 4.725781878674704e-05,
      "global_valid": true,
      "r_min_valid": 0.7965987146286668,
      "ratio_global_over_single": 0.3348052918920903,
      "d_eff_base": 11.774398402500234,
      "kappa_base": 0.0690163608912466,
      "kappa_eff_base": 0.23682165909815456,
      "delta_pred_full": 0.0,
      "delta_pred_attenuated": 0.0
    },
    {
      "arch": "deberta-base",
      "arch_idx": 0,
      "r": 1.5,
      "q_base": 0.1831578947368421,
      "logit_base": -1.49509722096869,
      "q_single": 0.1968421052631579,
      "delta_single": 0.08894780653881962,
      "kappa_chg_single": 0.0009103954295501886,
      "q_global": 0.20947368421052634,
      "delta_global": 0.16699639392904775,
      "kappa_chg_global": 0.0009105425446120886,
      "global_valid": true,
      "r_min_valid": 0.7965987146286668,
      "ratio_global_over_single": 1.8774650036610545,
      "d_eff_base": 11.774398402500234,
      "kappa_base": 0.0690163608912466,
      "kappa_eff_base": 0.23682165909815456,
      "delta_pred_full": 0.05607196156920399,
      "delta_pred_attenuated": 0.004762193332722408
    },
    {
      "arch": "deberta-base",
      "arch_idx": 0,
      "r": 2.0,
      "q_base": 0.1831578947368421,
      "logit_base": -1.49509722096869,
      "q_single": 0.19578947368421054,
      "delta_single": 0.08227610551537068,
      "kappa_chg_single": 0.0006861618368521735,
      "q_global": 0.21894736842105267,
      "delta_global": 0.22328605750262764,
      "kappa_chg_global": 0.0003270532795628483,
      "global_valid": true,
      "r_min_valid": 0.7965987146286668,
      "ratio_global_over_single": 2.7138627442801573,
      "d_eff_base": 11.774398402500234,
      "kappa_base": 0.0690163608912466,
      "kappa_eff_base": 0.23682165909815456,
      "delta_pred_full": 0.10334281181597853,
      "delta_pred_attenuated": 0.008776908023940672
    },
    {
      "arch": "deberta-base",
      "arch_idx": 0,
      "r": 3.0,
      "q_base": 0.1831578947368421,
      "logit_base": -1.49509722096869,
      "q_single": 0.19263157894736843,
      "delta_single": 0.062096572442854825,
      "kappa_chg_single": 0.00041128677994910857,
      "q_global": 0.2252631578947369,
      "delta_global": 0.2598431172616653,
      "kappa_chg_global": 0.0004227458492941644,
      "global_valid": true,
      "r_min_valid": 0.7965987146286668,
      "ratio_global_over_single": 4.184500159019072,
      "d_eff_base": 11.774398402500234,
      "kappa_base": 0.0690163608912466,
      "kappa_eff_base": 0.23682165909815456,
      "delta_pred_full": 0.18264054033600977,
      "delta_pred_attenuated": 0.015511666421719429
    },
    {
      "arch": "olmo-1b",
      "arch_idx": 1,
      "r": 0.5,
      "q_base": 0.2642105263157895,
      "logit_base": -1.0241978031020262,
      "q_single": 0.28315789473684216,
      "delta_single": 0.09534687655435325,
      "kappa_chg_single": 1.0807864630185117e-05,
      "q_global": 0.2631578947368421,
      "delta_global": -0.005421614079132109,
      "kappa_chg_global": 3.4070753226558343e-06,
      "global_valid": true,
      "r_min_valid": 0.20360465079938866,
      "ratio_global_over_single": -0.05686199983741968,
      "d_eff_base": 43.135140352709605,
      "kappa_base": 0.11094696608731272,
      "kappa_eff_base": 0.7286702497001858,
      "delta_pred_full": -0.22484068264481305,
      "delta_pred_attenuated": -0.005212471335582181
    },
    {
      "arch": "olmo-1b",
      "arch_idx": 1,
      "r": 0.7,
      "q_base": 0.2642105263157895,
      "logit_base": -1.0241978031020262,
      "q_single": 0.28315789473684216,
      "delta_single": 0.09534687655435325,
      "kappa_chg_single": 9.717600398347992e-06,
      "q_global": 0.27578947368421053,
      "delta_global": 0.058753468929779507,
      "kappa_chg_global": 1.012644948059623e-05,
      "global_valid": true,
      "r_min_valid": 0.20360465079938866,
      "ratio_global_over_single": 0.6162075891000648,
      "d_eff_base": 43.135140352709605,
      "kappa_base": 0.11094696608731272,
      "kappa_eff_base": 0.7286702497001858,
      "delta_pred_full": -0.12538860164138876,
      "delta_pred_attenuated": -0.002906878257868292
    },
    {
      "arch": "olmo-1b",
      "arch_idx": 1,
      "r": 1.0,
      "q_base": 0.2642105263157895,
      "logit_base": -1.0241978031020262,
      "q_single": 0.28210526315789475,
      "delta_single": 0.09015512576942086,
      "kappa_chg_single": 1.362830274160793e-07,
      "q_global": 0.27894736842105267,
      "delta_global": 0.07450879082602324,
      "kappa_chg_global": 2.725660423236707e-07,
      "global_valid": true,
      "r_min_valid": 0.20360465079938866,
      "ratio_global_over_single": 0.8264509664884234,
      "d_eff_base": 43.135140352709605,
      "kappa_base": 0.11094696608731272,
      "kappa_eff_base": 0.7286702497001858,
      "delta_pred_full": 0.0,
      "delta_pred_attenuated": 0.0
    },
    {
      "arch": "olmo-1b",
      "arch_idx": 1,
      "r": 1.5,
      "q_base": 0.2642105263157895,
      "logit_base": -1.0241978031020262,
      "q_single": 0.28315789473684216,
      "delta_single": 0.09534687655435325,
      "kappa_chg_single": 3.952207369777712e-06,
      "q_global": 0.3010526315789474,
      "delta_global": 0.18190746444544514,
      "kappa_chg_global": 1.9666259035617576e-05,
      "global_valid": true,
      "r_min_valid": 0.20360465079938866,
      "ratio_global_over_single": 1.9078492240041793,
      "d_eff_base": 43.135140352709605,
      "kappa_base": 0.11094696608731272,
      "kappa_eff_base": 0.7286702497001858,
      "delta_pred_full": 0.17252632378897764,
      "delta_pred_attenuated": 0.0039996699298589415
    },
    {
      "arch": "olmo-1b",
      "arch_idx": 1,
      "r": 2.0,