{
  "pre_registered_criteria": {
    "mae_threshold": 0.1,
    "r2_threshold": 0.8
  },
  "training": {
    "models": [
      "EleutherAI/pythia-160m",
      "EleutherAI/pythia-410m"
    ],
    "datasets": [
      "clinc_oos",
      "agnews"
    ],
    "n_points": 32,
    "A": 5.753848124091916,
    "C": 0.16837831109070842,
    "r2": 0.8214746290949917,
    "mae": 0.03236303423383791
  },
  "held_out_splits": {
    "A_new_model_size": {
      "models": [
        "EleutherAI/pythia-1b"
      ],
      "datasets": [
        "clinc_oos",
        "agnews"
      ],
      "n_points": 16,
      "mae_q": 0.040336376311748114,
      "r2": 0.6745163555416172,
      "rho": 0.7411764705882353,
      "passed": false
    },
    "B_new_dataset": {
      "models": [
        "EleutherAI/pythia-160m",
        "EleutherAI/pythia-410m",
        "EleutherAI/pythia-1b"
      ],
      "datasets": [
        "dbpedia_14"
      ],
      "n_points": 24,
      "mae_q": 0.11556933817965327,
      "r2": -2.213554161136943,
      "rho": 0.8741844634721184,
      "passed": false
    },
    "C_both_new": {
      "models": [
        "EleutherAI/pythia-1b"
      ],
      "datasets": [
        "dbpedia_14"
      ],
      "n_points": 8,
      "mae_q": 0.11858543559737605,
      "r2": -3.410628794573153,
      "rho": 0.8143858581010162,
      "passed": false
    }
  },
  "scorecard": {
    "passed": 0,
    "total": 3,
    "overall_pass": false
  }
}