{
  "experiment": "spread_vs_K_factorial_n10",
  "session": 64,
  "session43_follow_up": true,
  "preregistration_note": "Extension of Session 43 analysis (cti_spread_vs_K.json) with 4 additional training datasets (agnews, dbpedia, 20newsgroups, go_emotions), total n=10 datasets. Pre-registered in MEMORY.md as PRE-REGISTERED K x SPREAD FOLLOW-UP. Commit e2ffc61.",
  "n_datasets": 10,
  "models": [
    "pythia-160m",
    "gpt-neo-125m",
    "Qwen3-0.6B",
    "OLMo-1B-hf",
    "Falcon-H1-0.5B-Base",
    "rwkv-4-169m-pile"
  ],
  "preregistered": {
    "H_spread": "beta_spread > 0 AND partial_r(spread|logK) > 0",
    "H_K_null": "|beta_spread| > |beta_logK| (spread dominates K)",
    "H_spread_r": "|r(spread,rho)| > |r(logK,rho)|"
  },
  "results": {
    "beta_spread": 0.8283271124764301,
    "beta_logK": -0.04815846820985936,
    "beta_const": 0.814369636657211,
    "r_spread_spearman": 0.6606060606060605,
    "p_spread_spearman": 0.03758837757140939,
    "r_logK_spearman": -0.17629260766721874,
    "p_logK_spearman": 0.6261234187474363,
    "r_spread_pearson": 0.31646679195097654,
    "p_spread_pearson": 0.3729938417846326,
    "r_logK_pearson": -0.1722042908229221,
    "p_logK_pearson": 0.6342764508170846,
    "partial_r_spread": 0.3430246713759871,
    "p_partial_spread": 0.33186731380988,
    "partial_r_logK": -0.22032060151450675,
    "p_partial_logK": 0.5407696812346359
  },
  "hypotheses": {
    "H_spread_pass": true,
    "H_K_null_pass": true,
    "H_spread_r_pass": true,
    "primary_pass": true
  },
  "per_dataset": [
    {
      "dataset": "agnews",
      "K": 4,
      "log_K": 1.3862943611198906,
      "mean_rho": 0.9581138830084189,
      "std_rho": 0.07315135350670547,
      "spread": 0.07621431333169441,
      "mean_kappa": 0.399058593600269,
      "cv": 0.19098527021833075,
      "pass_H1": true,
      "n_models": 6,
      "per_model_rhos": [
        0.7999999999999999,
        1.0,
        1.0,
        0.9486832980505139,
        1.0,
        1.0
      ],
      "per_model_kappas": [
        0.426673770796794,
        0.34280219492692066,
        0.3251775328304751,
        0.31945730904422864,
        0.45444772290537705,
        0.5257930310978186
      ]
    },
    {
      "dataset": "dbpedia",
      "K": 14,
      "log_K": 2.6390573296152584,
      "mean_rho": 0.8666666666666666,
      "std_rho": 0.09428090415820638,
      "spread": 0.13939889112425627,
      "mean_kappa": 0.45330570189448344,
      "cv": 0.30751629759271004,
      "pass_H1": true,
      "n_models": 6,
      "per_model_rhos": [
        0.7999999999999999,
        0.7999999999999999,
        1.0,
        0.7999999999999999,
        1.0,
        0.7999999999999999
      ],
      "per_model_kappas": [
        0.4272379524329264,
        0.3707619562821148,
        0.31867569612109176,
        0.3341603484601534,
        0.5599460009965901,
        0.7090522570740243
      ]
    },
    {
      "dataset": "20newsgroups",
      "K": 20,
      "log_K": 2.995732273553991,
      "mean_rho": 0.6,
      "std_rho": 0.282842712474619,
      "spread": 0.03570305370176455,
      "mean_kappa": 0.175894911366003,
      "cv": 0.20297945758915936,
      "pass_H1": false,
      "n_models": 6,
      "per_model_rhos": [
        0.39999999999999997,
        0.19999999999999998,
        0.7999999999999999,
        1.0,
        0.39999999999999997,
        0.7999999999999999
      ],
      "per_model_kappas": [
        0.17959804657780915,
        0.16215134690223318,
        0.12557383605071673,
        0.16151176675890125,
        0.18233842472929085,
        0.24419604717706694
      ]
    },
    {
      "dataset": "go_emotions",
      "K": 28,
      "log_K": 3.332204510175204,
      "mean_rho": 0.20609364473189618,
      "std_rho": 0.613224207056148,
      "spread": 0.07524917845342109,
      "mean_kappa": 0.22730923593398134,
      "cv": 0.33104320704010515,
      "pass_H1": false,
      "n_models": 6,
      "per_model_rhos": [
        0.7999999999999999,
        1.0,
        0.2581988897471611,
        0.316227766016838,
        -0.39999999999999997,
        -0.7378647873726218
      ],
      "per_model_kappas": [
        0.22732244544763952,
        0.18378363157160618,
        0.14575354808380694,
        0.2020563943617928,
        0.2203328355386009,
        0.3846065606004416
      ]
    },
    {
      "dataset": "emotion",
      "K": 6,
      "log_K": 1.791759469228055,
      "mean_rho": 0.758113883008419,
      "std_rho": 0.2619096671053411,
      "spread": 0.028038363748027616,
      "mean_kappa": 0.11186867238332827,
      "cv": 0.25063642171377154,
      "pass_H1": false,
      "n_models": 6,
      "per_model_rhos": [
        1.0,
        0.39999999999999997,
        1.0,
        0.9486832980505139,
        0.39999999999999997,
        0.7999999999999999
      ],
      "per_model_kappas": [
        0.11518394388258457,
        0.08863023668527603,
        0.07865401264280081,
        0.09198618773370981,
        0.14920755475759506,
        0.1475500985980034
      ]
    },
    {
      "dataset": "yahoo",
      "K": 10,
      "log_K": 2.302585092994046,
      "mean_rho": 0.7666666666666666,
      "std_rho": 0.43843154793219685,
      "spread": 0.04302631289134212,
      "mean_kappa": 0.17292247510825595,
      "cv": 0.2488185116735464,
      "pass_H1": false,
      "n_models": 6,
      "per_model_rhos": [
        1.0,
        0.7999999999999999,
        1.0,
        1.0,
        -0.19999999999999998,
        1.0
      ],
      "per_model_kappas": [
        0.18234452232718468,
        0.15103577636182308,
        0.11807138565927744,
        0.1404566466808319,
        0.19543693587183952,
        0.250189583748579
      ]
    },
    {
      "dataset": "langid",
      "K": 20,
      "log_K": 2.995732273553991,
      "mean_rho": 0.8999999999999999,
      "std_rho": 0.10000000000000003,
      "spread": 0.33556911379351806,
      "mean_kappa": 0.9446378871798515,
      "cv": 0.3552357134386548,
      "pass_H1": true,
      "n_models": 6,
      "per_model_rhos": [
        0.7999999999999999,
        0.7999999999999999,
        1.0,
        1.0,
        1.0,
        0.7999999999999999
      ],
      "per_model_kappas": [
        0.8294287770986557,
        0.6823800504207611,
        0.7035080417990685,
        0.7100284323096275,
        1.1299716383218765,
        1.6125103831291199
      ]
    },
    {
      "dataset": "news_category",
      "K": 42,
      "log_K": 3.7376696182833684,
      "mean_rho": 0.7333333333333333,
      "std_rho": 0.5120763831912405,
      "spread": 0.05110657608959246,
      "mean_kappa": 0.2122983324031035,
      "cv": 0.24072999307669246,
      "pass_H1": false,
      "n_models": 6,
      "per_model_rhos": [
        1.0,
        1.0,
        1.0,
        1.0,
        0.7999999999999999,
        -0.39999999999999997
      ],
      "per_model_kappas": [
        0.24099773541092873,
        0.1877193432301283,
        0.1345793977379799,
        0.19565372169017792,
        0.2135204505175352,
        0.30131934583187103
      ]
    },
    {
      "dataset": "amazon_massive",
      "K": 59,
      "log_K": 4.07753744390572,
      "mean_rho": 0.9333333333333332,
      "std_rho": 0.09428090415820638,
      "spread": 0.09756551873670015,
      "mean_kappa": 0.2722428690176457,
      "cv": 0.3583767651610237,
      "pass_H1": true,
      "n_models": 6,
      "per_model_rhos": [
        1.0,
        1.0,
        1.0,
        1.0,
        0.7999999999999999,
        0.7999999999999999
      ],
      "per_model_kappas": [
        0.2994429413229227,
        0.2043185057118535,
        0.1605459968559444,
        0.21821303851902485,
        0.28870950639247894,
        0.4622272253036499
      ]
    },
    {
      "dataset": "banking77",
      "K": 77,
      "log_K": 4.343805421853684,
      "mean_rho": 0.7999999999999999,
      "std_rho": 0.282842712474619,
      "spread": 0.089037636686492,
      "mean_kappa": 0.2800049399957061,