{
  "predictors_quality": {
    "aspect_ratio": {
      "rho": -0.13765326870306624,
      "p": 0.1338011143834885,
      "r_pearson": -0.13886165051041427
    },
    "log(D)": {
      "rho": -0.0875922611637716,
      "p": 0.3414460716546108,
      "r_pearson": -0.11467705129461842
    },
    "log(D/L)": {
      "rho": -0.13765326870306624,
      "p": 0.1338011143834885,
      "r_pearson": -0.1580591828417097
    },
    "log(L)": {
      "rho": -0.0039030176173920576,
      "p": 0.9662531236315514,
      "r_pearson": 0.019318851829552657
    },
    "log(params)": {
      "rho": -0.06035598543948278,
      "p": 0.5125684010633154,
      "r_pearson": -0.07453908055226217
    }
  },
  "predictors_location": {
    "aspect_ratio": {
      "rho": 0.18901729565795702,
      "p": 0.038679083344655786,
      "r_pearson": 0.15410877538698062
    },
    "log(D)": {
      "rho": -0.007354491140145963,
      "p": 0.9364581835734811,
      "r_pearson": -0.07347320866579511
    },
    "log(D/L)": {
      "rho": 0.18901729565795702,
      "p": 0.038679083344655786,
      "r_pearson": 0.1390750969064338
    },
    "log(L)": {
      "rho": -0.16334610250458462,
      "p": 0.07464639576541172,
      "r_pearson": -0.18269022567467744
    },
    "log(params)": {
      "rho": -0.07426482948344358,
      "p": 0.4201682991327925,
      "r_pearson": -0.12096583936039228
    }
  },
  "predictors_nonmono": {
    "aspect_ratio": {
      "rho": -0.16972407663294714,
      "p": 0.0638475139033802,
      "r_pearson": -0.2770176628952882
    },
    "log(D)": {
      "rho": 0.04273354221192151,
      "p": 0.6430529578974604,
      "r_pearson": 0.019696248770368317
    },
    "log(D/L)": {
      "rho": -0.16972407663294714,
      "p": 0.0638475139033802,
      "r_pearson": -0.2352775358778782
    },
    "log(L)": {
      "rho": 0.18963628315394138,
      "p": 0.03803465761298063,
      "r_pearson": 0.20967169194248145
    },
    "log(params)": {
      "rho": 0.1090130130040663,
      "p": 0.23593274215093507,
      "r_pearson": 0.09273742177551854
    }
  },
  "effective_depth": {
    "alpha": 0.5590693270082495,
    "beta": -0.5274023414954314,
    "a": 0.2944357367551205,
    "b": 0.13014982718022797,
    "r_squared": 0.03369835825780776,
    "rmse": 0.22274909264808515,
    "r2_naive": 0.023212128735701998,
    "r2_improvement": 0.010486229522105761,
    "D_ref": 1024.0,
    "n_points": 1952
  },
  "per_dataset": {
    "20newsgroups": {
      "rho_D_peak": 0.02979128442885342,
      "p_D_peak": 0.916063481867478,
      "rho_params_peak": 0.034939755453558506,
      "p_params_peak": 0.9016178119847464,
      "n": 15
    },
    "arxiv": {
      "rho_D_peak": -0.20853899100197396,
      "p_D_peak": 0.455752390672965,
      "rho_params_peak": -0.19676599123846106,
      "p_params_peak": 0.4821321261845031,
      "n": 15
    },
    "clinc": {
      "rho_D_peak": 0.04468692664328013,
      "p_D_peak": 0.874350720654805,
      "rho_params_peak": 0.09194672487778555,
      "p_params_peak": 0.7444959172546224,
      "n": 15
    },
    "dbpedia_classes": {
      "rho_D_peak": -0.07820212162574024,
      "p_D_peak": 0.7817620253461078,
      "rho_params_peak": -0.03677868995111421,
      "p_params_peak": 0.8964648109502324,
      "n": 15
    },
    "goemotions": {
      "rho_D_peak": 0.022363475384157415,
      "p_D_peak": 0.9369464883268838,
      "rho_params_peak": 0.10215227606537061,
      "p_params_peak": 0.7171569979195433,
      "n": 15
    },
    "trec": {
      "rho_D_peak": 0.17502379601951384,
      "p_D_peak": 0.5326915545617152,
      "rho_params_peak": 0.2041217292286839,
      "p_params_peak": 0.46556539396064334,
      "n": 15
    },
    "wos": {
      "rho_D_peak": -0.14722621294570298,
      "p_D_peak": 0.6005531970086759,
      "rho_params_peak": -0.1279204177755542,
      "p_params_peak": 0.6495933713046523,
      "n": 15
    },
    "yahoo": {
      "rho_D_peak": -0.037239105536066776,
      "p_D_peak": 0.8951752429787516,
      "rho_params_peak": -0.0165504104780014,
      "p_params_peak": 0.9533169952842045,
      "n": 15
    }
  },
  "decoupling": {
    "simple": {
      "rho_D_quality": -0.05227698762653823,
      "rho_L_quality": 0.042944464886741446,
      "rho_D_drop": 0.06399763586520021,
      "rho_L_drop": 0.21774730914179338
    },
    "partial": {
      "rho_D_quality_given_L": -0.1366251953651261,
      "p_D_quality_given_L": 0.1508801774141234,
      "rho_L_quality_given_D": 0.13338660315028858,
      "p_L_quality_given_D": 0.16089478959025896,
      "rho_D_drop_given_L": -0.1721326394604229,
      "rho_L_drop_given_D": 0.26802463597709997
    },
    "interpretation": "complex",
    "n": 112
  },
  "capacity_vs_shape": {
    "rho_capacity": 0.1327704565243713,
    "p_capacity": 0.6509252187437607,
    "rho_shape": -0.18507095782268673,
    "p_shape": 0.526459427150709,
    "models": [
      {
        "model": "bge-small",
        "D": 384.0,
        "L": 12.0,
        "DL": 4608.0,
        "D_over_L": 32.0,
        "mean_peak": 0.5791911764705883
      },
      {
        "model": "bge-base",
        "D": 768.0,
        "L": 12.0,
        "DL": 9216.0,
        "D_over_L": 64.0,
        "mean_peak": 0.5874080882352941
      },
      {
        "model": "bge-large",
        "D": 1024.0,
        "L": 24.0,
        "DL": 24576.0,
        "D_over_L": 42.666666666666664,
        "mean_peak": 0.5917720588235293
      },
      {
        "model": "e5-small",
        "D": 384.0,
        "L": 12.0,
        "DL": 4608.0,
        "D_over_L": 32.0,
        "mean_peak": 0.5607279411764705
      },
      {
        "model": "e5-base",
        "D": 768.0,
        "L": 12.0,
        "DL": 9216.0,
        "D_over_L": 64.0,
        "mean_peak": 0.5863051470588234
      },
      {
        "model": "e5-large",
        "D": 1024.0,
        "L": 24.0,
        "DL": 24576.0,
        "D_over_L": 42.666666666666664,
        "mean_peak": 0.5749779411764706
      },
      {
        "model": "minilm",
        "D": 384.0,
        "L": 6.0,
        "DL": 2304.0,
        "D_over_L": 64.0,
        "mean_peak": 0.5631176470588235
      },
      {
        "model": "mpnet",
        "D": 768.0,
        "L": 12.0,
        "DL": 9216.0,
        "D_over_L": 64.0,
        "mean_peak": 0.599047794117647
      },
      {
        "model": "embedding-gemma",
        "D": 768.0,
        "L": 24.0,
        "DL": 18432.0,
        "D_over_L": 32.0,
        "mean_peak": 0.46197794117647056
      },
      {
        "model": "multilingual-e5-large",
        "D": 1024.0,
        "L": 24.0,
        "DL": 24576.0,
        "D_over_L": 42.666666666666664,
        "mean_peak": 0.5936176470588235
      },
      {
        "model": "pythia-410m",
        "D": 1024.0,
        "L": 24.0,
        "DL": 24576.0,
        "D_over_L": 42.666666666666664,
        "mean_peak": 0.35945220588235294
      },
      {
        "model": "pythia-70m",
        "D": 512.0,
        "L": 6.0,
        "DL": 3072.0,
        "D_over_L": 85.33333333333333,
        "mean_peak": 0.30575735294117645
      },
      {
        "model": "pythia-160m",
        "D": 768.0,
        "L": 12.0,
        "DL": 9216.0,
        "D_over_L": 64.0,
        "mean_peak": 0.30681250000000004
      },
      {
        "model": "pythia-1b",
        "D": 2048.0,
        "L": 16.0,
        "DL": 32768.0,
        "D_over_L": 128.0,
        "mean_peak": 0.37573529411764706
      }
    ]
  }
}