{
  "pythia-160m": {
    "model": "pythia-160m",
    "V": 50304,
    "d_model": 768,
    "n_tokens": 5069,
    "gamma_NC_mean": 79.69470977783203,
    "gamma_NC_median": 79.98077392578125,
    "gamma_NC_std": 2.057694673538208,
    "cos_NC_mean": 0.951026976108551,
    "cos_NC_median": 0.9524210691452026,
    "cos_NC_std": 0.018975362181663513,
    "margin_mean": -1.565659523010254,
    "margin_median": -1.5,
    "margin_std": 3.7468650341033936,
    "margin_positive_frac": 0.3085421187610969,
    "h_norm_mean": 270.4984130859375,
    "wy_norm_mean": 3.2286593914031982,
    "name": "Pythia-160M",
    "hf_id": "EleutherAI/pythia-160m",
    "time_s": 8.044113159179688,
    "kappa_bar": 0.2727297842502594
  },
  "pythia-410m": {
    "model": "pythia-410m",
    "V": 50304,
    "d_model": 1024,
    "n_tokens": 5069,
    "gamma_NC_mean": 26.251319885253906,
    "gamma_NC_median": 26.360517501831055,
    "gamma_NC_std": 8.49592399597168,
    "cos_NC_mean": 0.18594306707382202,
    "cos_NC_median": 0.1906578689813614,
    "cos_NC_std": 0.05213738977909088,
    "margin_mean": -0.902387797832489,
    "margin_median": -0.7265625,
    "margin_std": 3.7859082221984863,
    "margin_positive_frac": 0.4089564016571316,
    "h_norm_mean": 106.6003646850586,
    "wy_norm_mean": 0.7703633308410645,
    "name": "Pythia-410M",
    "hf_id": "EleutherAI/pythia-410m",
    "time_s": 5.811686754226685,
    "kappa_bar": 0.8938711881637573
  },
  "pythia-1b": {
    "model": "pythia-1b",
    "V": 50304,
    "d_model": 2048,
    "n_tokens": 5069,
    "gamma_NC_mean": 15.80646800994873,
    "gamma_NC_median": 15.82479190826416,
    "gamma_NC_std": 5.784862995147705,
    "cos_NC_mean": 0.14301855862140656,
    "cos_NC_median": 0.14759482443332672,
    "cos_NC_std": 0.04809679836034775,
    "margin_mean": -0.7164507508277893,
    "margin_median": -0.578125,
    "margin_std": 3.8236258029937744,
    "margin_positive_frac": 0.4221739988163346,
    "h_norm_mean": 103.04586029052734,
    "wy_norm_mean": 0.9502599239349365,
    "name": "Pythia-1B",
    "hf_id": "EleutherAI/pythia-1b",
    "time_s": 6.594357490539551,
    "kappa_bar": 0.9310029149055481
  },
  "pythia-1.4b": {
    "model": "pythia-1.4b",
    "V": 50304,
    "d_model": 2048,
    "n_tokens": 5069,
    "gamma_NC_mean": 17.56995964050293,
    "gamma_NC_median": 17.696758270263672,
    "gamma_NC_std": 6.100132942199707,
    "cos_NC_mean": 0.1462063044309616,
    "cos_NC_median": 0.15073619782924652,
    "cos_NC_std": 0.046293508261442184,
    "margin_mean": -0.5477371215820312,
    "margin_median": -0.4609375,
    "margin_std": 3.862281084060669,
    "margin_positive_frac": 0.44426908660485304,
    "h_norm_mean": 108.95701599121094,
    "wy_norm_mean": 0.922336995601654,
    "name": "Pythia-1.4B",
    "hf_id": "EleutherAI/pythia-1.4b",
    "time_s": 8.178204774856567,
    "kappa_bar": 0.9179051518440247
  },
  "pythia-2.8b": {
    "model": "pythia-2.8b",
    "V": 50304,
    "d_model": 2560,
    "n_tokens": 5069,
    "gamma_NC_mean": 16.445093154907227,
    "gamma_NC_median": 16.50754737854004,
    "gamma_NC_std": 5.597985744476318,
    "cos_NC_mean": 0.14081792533397675,
    "cos_NC_median": 0.14521096646785736,
    "cos_NC_std": 0.04334794357419014,
    "margin_mean": -0.3775394558906555,
    "margin_median": -0.296875,
    "margin_std": 3.8864500522613525,
    "margin_positive_frac": 0.45748668376405605,
    "h_norm_mean": 110.5414047241211,
    "wy_norm_mean": 0.9631444215774536,
    "name": "Pythia-2.8B",
    "hf_id": "EleutherAI/pythia-2.8b",
    "time_s": 11.511230707168579,
    "kappa_bar": 0.9164343476295471
  },
  "gpt2": {
    "model": "gpt2",
    "V": 50257,
    "d_model": 768,
    "n_tokens": 5017,
    "gamma_NC_mean": -9.924616813659668,
    "gamma_NC_median": -9.49857234954834,
    "gamma_NC_std": 4.998908519744873,
    "cos_NC_mean": -0.12252908200025558,
    "cos_NC_median": -0.12587270140647888,
    "cos_NC_std": 0.03887162357568741,
    "margin_mean": -1.6235426664352417,
    "margin_median": -1.375,
    "margin_std": 3.708404779434204,
    "margin_positive_frac": 0.32130755431532787,
    "h_norm_mean": 234.2427215576172,
    "wy_norm_mean": 3.178687810897827,
    "name": "GPT-2",
    "hf_id": "openai-community/gpt2",
    "time_s": 6.879986047744751,
    "kappa_bar": 0.7979947328567505
  },
  "qwen3-0.6b": {
    "model": "qwen3-0.6b",
    "V": 151936,
    "d_model": 1024,
    "n_tokens": 5150,
    "gamma_NC_mean": 22.375682830810547,
    "gamma_NC_median": 22.30892562866211,
    "gamma_NC_std": 8.430560111999512,
    "cos_NC_mean": 0.17626696825027466,
    "cos_NC_median": 0.1737256497144699,
    "cos_NC_std": 0.07002949714660645,
    "margin_mean": -1.0712156295776367,
    "margin_median": -0.75,
    "margin_std": 4.592041492462158,
    "margin_positive_frac": 0.4128155339805825,
    "h_norm_mean": 111.87089538574219,
    "wy_norm_mean": 0.8741362690925598,
    "name": "Qwen3-0.6B",
    "hf_id": "Qwen/Qwen3-0.6B",
    "time_s": 16.95590567588806,
    "kappa_bar": 0.8594045639038086
  },
  "qwen3-1.7b": {
    "model": "qwen3-1.7b",
    "V": 151936,
    "d_model": 2048,
    "n_tokens": 5150,
    "gamma_NC_mean": 10.819259643554688,
    "gamma_NC_median": 10.663302421569824,
    "gamma_NC_std": 3.836329698562622,
    "cos_NC_mean": 0.14562615752220154,
    "cos_NC_median": 0.14223362505435944,
    "cos_NC_std": 0.05186827853322029,
    "margin_mean": -0.21234042942523956,
    "margin_median": -0.328125,
    "margin_std": 5.827303886413574,
    "margin_positive_frac": 0.46854368932038837,
    "h_norm_mean": 110.13389587402344,
    "wy_norm_mean": 1.489627480506897,
    "name": "Qwen3-1.7B",
    "hf_id": "Qwen/Qwen3-1.7B",
    "time_s": 14.01842212677002,
    "kappa_bar": 0.9090321063995361
  },
  "smollm2-360m": {
    "model": "smollm2-360m",
    "V": 49152,
    "d_model": 960,
    "n_tokens": 5161,
    "gamma_NC_mean": 1.8129026889801025,
    "gamma_NC_median": 1.8235713243484497,
    "gamma_NC_std": 0.6203597187995911,
    "cos_NC_mean": 0.10079111158847809,
    "cos_NC_median": 0.09864754974842072,
    "cos_NC_std": 0.037310753017663956,
    "margin_mean": -0.4217105805873871,
    "margin_median": -0.25,
    "margin_std": 3.9734251499176025,
    "margin_positive_frac": 0.4632823096299167,
    "h_norm_mean": 60.87331008911133,
    "wy_norm_mean": 3.3501169681549072,
    "name": "SmolLM2-360M",
    "hf_id": "HuggingFaceTB/SmolLM2-360M",
    "time_s": 10.325278282165527,
    "kappa_bar": 0.7605428695678711
  },
  "_analysis": {
    "n_models": 9,
    "model_keys": [
      "pythia-160m",
      "pythia-410m",
      "pythia-1b",
      "pythia-1.4b",
      "pythia-2.8b",
      "gpt2",
      "qwen3-0.6b",
      "qwen3-1.7b",
      "smollm2-360m"
    ],
    "mean_lambda_NC": -0.36225002731478495,
    "std_lambda_NC": 0.4357466511302853,
    "cv_lambda_NC": 1.2028892153861286,
    "predicted_lambda_NC": 1.66,
    "alpha_race": 1.25,
    "alpha_gen": 2.077
  }
}