{
  "experiment": "global_vs_single_surgery_ratio_test",
  "preregistration": "src/PREREGISTRATION_global_surgery_ratio.md",
  "preregistered_commit": "1abdef6",
  "A_renorm": 1.0535,
  "surgery_levels": [
    0.5,
    0.7,
    1.0,
    1.5,
    2.0,
    3.0
  ],
  "n_seeds": 3,
  "n_records": 18,
  "analysis": {
    "h1_pass": true,
    "h2_pass": true,
    "h3_pass": true,
    "overall_pass": true,
    "median_ratio": 18.738136739486833,
    "median_d_eff": 24.517401055954796,
    "all_ratios": [
      26.174436726151235,
      18.64054071079805,
      14.899243427844157,
      25.194951698263797,
      14.168074128974474,
      12.98807872834112,
      27.241682884190194,
      25.74894541805596,
      18.738136739486833
    ],
    "all_d_effs": [
      24.517401055954796,
      24.517401055954796,
      24.517401055954796,
      27.824214821811793,
      27.824214821811793,
      27.824214821811793,
      23.634475570848984,
      23.634475570848984,
      23.634475570848984
    ],
    "max_kappa_chg_single": 3.290310904548242e-05,
    "max_kappa_chg_global": 5.326717013377436e-05
  },
  "records": [
    {
      "seed": 0,
      "r": 0.5,
      "d_eff_base": 24.517401055954796,
      "kappa_base": 0.20226402694675527,
      "kappa_eff_base": 1.001511326264589,
      "q_base": 0.254421052631579,
      "logit_base": -1.0751704450501394,
      "q_single": 0.2578947368421053,
      "logit_single": -1.0569395922675415,
      "delta_logit_single": 0.01823085278259784,
      "kappa_chg_single_pct": 1.6396746074823188e-05,
      "scale_along": 1.414213562373095,
      "scale_perp": 0.9785081985266324,
      "q_global": 0.21894736842105267,
      "logit_global": -1.2718111634660623,
      "delta_logit_global": -0.1966407184159229,
      "kappa_chg_global_pct": 20.229754653967,
      "scale_sig": 1.414213562373095,
      "scale_null": 0.0,
      "global_valid": false,
      "r_min_valid_global": 0.7857561171573032,
      "delta_pred_full": -0.3090293453952507,
      "delta_pred_attenuated": -0.012604490365433473,
      "ratio_global_single": -10.786150311280293,
      "ratio_predicted": 24.517401055954796
    },
    {
      "seed": 0,
      "r": 0.7,
      "d_eff_base": 24.517401055954796,
      "kappa_base": 0.20226402694675527,
      "kappa_eff_base": 1.001511326264589,
      "q_base": 0.254421052631579,
      "logit_base": -1.0751704450501394,
      "q_single": 0.2562105263157895,
      "logit_single": -1.065758554371618,
      "delta_logit_single": 0.00941189067852144,
      "kappa_chg_single_pct": 3.7896645152233256e-05,
      "scale_along": 1.1952286093343936,
      "scale_perp": 0.9908463109708119,
      "q_global": 0.20884210526315794,
      "logit_global": -1.3319190726885375,
      "delta_logit_global": -0.2567486276383981,
      "kappa_chg_global_pct": 5.6145766027326545,
      "scale_sig": 1.1952286093343936,
      "scale_null": 0.0,
      "global_valid": false,
      "r_min_valid_global": 0.7857561171573032,
      "delta_pred_full": -0.1723387290478774,
      "delta_pred_attenuated": -0.007029241339836862,
      "ratio_global_single": -27.279176565906738,
      "ratio_predicted": 24.517401055954796
    },
    {
      "seed": 0,
      "r": 1.0,
      "d_eff_base": 24.517401055954796,
      "kappa_base": 0.20226402694675527,
      "kappa_eff_base": 1.001511326264589,
      "q_base": 0.254421052631579,
      "logit_base": -1.0751704450501394,
      "q_single": 0.254421052631579,
      "logit_single": -1.0751704450501394,
      "delta_logit_single": 0.0,
      "kappa_chg_single_pct": 2.793498879295835e-07,
      "scale_along": 1.0,
      "scale_perp": 0.9999999999999702,
      "q_global": 0.254421052631579,
      "logit_global": -1.0751704450501394,
      "delta_logit_global": 0.0,
      "kappa_chg_global_pct": 0.0,
      "scale_sig": 1.0,
      "scale_null": 1.0,
      "global_valid": true,
      "r_min_valid_global": 0.7857561171573032,
      "delta_pred_full": 0.0,
      "delta_pred_attenuated": 0.0,
      "ratio_global_single": NaN,
      "ratio_predicted": 24.517401055954796
    },
    {
      "seed": 0,
      "r": 1.5,
      "d_eff_base": 24.517401055954796,
      "kappa_base": 0.20226402694675527,
      "kappa_eff_base": 1.001511326264589,
      "q_base": 0.254421052631579,
      "logit_base": -1.0751704450501394,
      "q_single": 0.2562105263157895,
      "logit_single": -1.065758554371618,
      "delta_logit_single": 0.00941189067852144,
      "kappa_chg_single_pct": 1.0525825024607435e-06,
      "scale_along": 0.8164965809277261,
      "scale_perp": 1.0070620148756029,
      "q_global": 0.3038947368421053,
      "logit_global": -0.8288195080117273,
      "delta_logit_global": 0.24635093703841204,
      "kappa_chg_global_pct": 2.7934989204631783e-06,
      "scale_sig": 0.8164965809277261,
      "scale_null": 1.4908138538516567,
      "global_valid": true,
      "r_min_valid_global": 0.7857561171573032,
      "delta_pred_full": 0.2371265567992474,
      "delta_pred_attenuated": 0.009671765627117888,
      "ratio_global_single": 26.174436726151235,
      "ratio_predicted": 24.517401055954796
    },
    {
      "seed": 0,
      "r": 2.0,
      "d_eff_base": 24.517401055954796,
      "kappa_base": 0.20226402694675527,
      "kappa_eff_base": 1.001511326264589,
      "q_base": 0.254421052631579,
      "logit_base": -1.0751704450501394,
      "q_single": 0.25894736842105265,
      "logit_single": -1.0514468202256797,
      "delta_logit_single": 0.023723624824459666,
      "kappa_chg_single_pct": 7.81175691539906e-06,
      "scale_along": 0.7071067811865475,
      "scale_perp": 1.0105745161580084,
      "q_global": 0.34684210526315795,
      "logit_global": -0.6329492507020997,
      "delta_logit_global": 0.44222119434803964,
      "kappa_chg_global_pct": 1.6955445809515012e-05,
      "scale_sig": 0.7071067811865475,
      "scale_null": 1.6833861471017406,
      "global_valid": true,
      "r_min_valid_global": 0.7857561171573032,
      "delta_pred_full": 0.43703349142924325,
      "delta_pred_attenuated": 0.017825441221597033,
      "ratio_global_single": 18.64054071079805,
      "ratio_predicted": 24.517401055954796
    },
    {
      "seed": 0,
      "r": 3.0,
      "d_eff_base": 24.517401055954796,
      "kappa_base": 0.20226402694675527,
      "kappa_eff_base": 1.001511326264589,
      "q_base": 0.254421052631579,
      "logit_base": -1.0751704450501394,
      "q_single": 0.26347368421052636,
      "logit_single": -1.0279914733141224,
      "delta_logit_single": 0.04717897173601693,
      "kappa_chg_single_pct": 4.609273349813621e-06,
      "scale_along": 0.5773502691896258,
      "scale_perp": 1.0140748510887534,
      "q_global": 0.40800000000000003,
      "logit_global": -0.3722394604798439,
      "delta_logit_global": 0.7029309845702955,
      "kappa_chg_global_pct": 2.5540434625877944e-05,
      "scale_sig": 0.5773502691896258,
      "scale_null": 1.8560850987150501,
      "global_valid": true,
      "r_min_valid_global": 0.7857561171573032,
      "delta_pred_full": 0.772381084053573,
      "delta_pred_attenuated": 0.03150338334356107,
      "ratio_global_single": 14.899243427844157,
      "ratio_predicted": 24.517401055954796
    },
    {
      "seed": 1,
      "r": 0.5,
      "d_eff_base": 27.824214821811793,
      "kappa_base": 0.20147951554314758,
      "kappa_eff_base": 1.0627775131519002,
      "q_base": 0.18147368421052631,
      "logit_base": -1.5063948949166366,
      "q_single": 0.18442105263157899,
      "logit_single": -1.4866767530305494,
      "delta_logit_single": 0.019718141886087226,
      "kappa_chg_single_pct": 1.643439727076272e-05,
      "scale_along": 1.414213562373095,
      "scale_perp": 0.9811830873216637,
      "q_global": 0.166,
      "logit_global": -1.6142456140022035,
      "delta_logit_global": -0.10785071908556687,
      "kappa_chg_global_pct": 21.48326032759769,
      "scale_sig": 1.414213562373095,
      "scale_null": 0.0,
      "global_valid": false,
      "r_min_valid_global": 0.8110471736682604,