{
  "theoretical_sqrt_8_over_pi": 1.5957691216057308,
  "empirical_alpha_loao": 1.536,
  "empirical_alpha_std": 0.067,
  "alphas_by_K": {
    "2": 8.07286115138724,
    "4": 8.521776757174186,
    "8": 9.399147826309846,
    "16": 10.054503826805698,
    "32": 9.574410758880045
  },
  "alphas_by_d_eff": {
    "2": 1.136780337035718,
    "4": 2.8915644302770906,
    "8": 3.9439835626663866,
    "16": 5.362914176077204,
    "32": 7.739917138455266,
    "64": 9.138572288506404,
    "128": 13.004014231531306
  }
}