{
  "experiment": "CTI_stringer2018b_mouse_V1",
  "preregistration_commit": "bddec1d",
  "session": "natimg2800_M170604_MP031_2017-06-28",
  "K": 11,
  "d": 10079,
  "n_presentations": 4914,
  "classes": [
    "birds",
    "cats",
    "flowers",
    "hamsters",
    "holes",
    "insects",
    "mice",
    "mushrooms",
    "nests",
    "pellets",
    "snakes"
  ],
  "kappa_nearest": [
    0.10949872322342892,
    0.06894354982101646,
    0.08801359906126711,
    0.09886928991146099,
    0.17254189823571084,
    0.0754459571424196,
    0.06894354982101646,
    0.08822950276822042,
    0.1571125221076455,
    0.15866251450943603,
    0.0754459571424196
  ],
  "d_eff": [
    51.61153817340485,
    70.21705096193163,
    63.60679384498854,
    36.81893293062684,
    78.81329873690261,
    57.01305813381049,
    70.21705096193163,
    48.78206789611862,
    53.843352423781454,
    50.71984590733195,
    57.01305813381049
  ],
  "q_1nn": [
    0.31924198250728864,
    0.24578651685393257,
    0.1553030303030303,
    0.20643939393939395,
    0.14634146341463414,
    0.2292418772563177,
    0.27165354330708663,
    0.26766304347826086,
    0.11585365853658537,
    0.1568627450980392,
    0.12037037037037036
  ],
  "q_norm": [
    0.2511661807580175,
    0.17036516853932585,
    0.07083333333333333,
    0.12708333333333335,
    0.06097560975609755,
    0.15216606498194948,
    0.1988188976377953,
    0.19442934782608695,
    0.027439024390243906,
    0.07254901960784313,
    0.0324074074074074
  ],
  "logit_q_norm": [
    -1.0924022939393383,
    -1.583041458363185,
    -2.5739584274039027,
    -1.9269970557488263,
    -2.7343675094195836,
    -1.7177123280251394,
    -1.3936926686013351,
    -1.4214820641509167,
    -3.567966525448625,
    -2.5481774758477087,
    -3.396424102909498
  ],
  "pca_var_explained": 0.3538813915399718,
  "fit": {
    "r": -0.4834365649295952,
    "pval": 0.13194438209777104,
    "r_kappa_only": -0.4906112850292436,
    "A": -1.2451760565254508,
    "C": -1.1800994204820607,
    "A_renorm": -0.16341562864143508,
    "mean_d_eff": 58.05964073678536,
    "mae_loco": 0.054297670026810255
  },
  "hypotheses": {
    "H1_r_pass": false,
    "H2_renorm_pass": false,
    "H3_mae_pass": true,
    "H4_substrate_independent": false
  },
  "per_image_exploratory": {
    "n": 4914,
    "r_margin_correct": 0.6434614040322942,
    "pval_margin_correct": 0.0,
    "mean_accuracy_centroid": 0.21102971102971102,
    "margin_correct_mean": 0.010972537100315094,
    "margin_wrong_mean": -0.01950666680932045,
    "note": "Centroid classifier (not LOO 1-NN) for tractability with d=10079"
  },
  "cadieu2014_comparison": {
    "IT_r": 0.1856,
    "IT_A_renorm": 0.0692,
    "IT_H3": true,
    "IT_per_image_r": 0.4136,
    "note": "Cadieu2014 macaque IT: different substrate, K=7"
  },
  "artificial_reference": {
    "NLP_A_renorm": 1.129,
    "NLP_r_LOAO": 0.977,
    "universal_constant_sqrt4pi": 1.1283791670955126
  }
}