{
  "experiment": "renormalization_theory_validation",
  "theory": "alpha = A_renorm * sqrt(d_eff_formula)",
  "alpha_NLP_global": 1.4773,
  "alpha_ViT_global": 0.63,
  "sqrt_4_pi": 1.1283791670955126,
  "per_arch": {
    "gemma-2-2b": {
      "modality": "text",
      "layer_key": null,
      "geometry": {
        "kappa_nearest": 0.4508909907152934,
        "kappa_renorm": 3.330535066879508,
        "d_eff_formula": 54.896634016917176,
        "sigma_W_global": 1.2173231629089265,
        "sigma_centroid_dir": 7.957286518004092,
        "tr_Sigma_W": 3414.2593393748334,
        "delta_min": 26.3462856658864,
        "D": 2304.0,
        "K": 14.0,
        "N": 4998.0
      },
      "alpha_ref": 1.4773,
      "alpha_ref_source": "LOAO-12 global",
      "alpha_local": 0.40015816982505265,
      "alpha_local_r": 0.9191508654255612,
      "alpha_local_n": 18,
      "A_renorm_global": 0.19938654116669777,
      "A_renorm_local": 0.054008091383614225,
      "sqrt_d_eff": 7.409226276536382
    },
    "phi-2": {
      "modality": "text",
      "layer_key": null,
      "geometry": {
        "kappa_nearest": 0.483730809615546,
        "kappa_renorm": 5.945763650260521,
        "d_eff_formula": 151.2476406485527,
        "sigma_W_global": 0.4371055913659773,
        "sigma_centroid_dir": 1.8019161719018155,
        "tr_Sigma_W": 489.11714466935865,
        "delta_min": 10.698218370006805,
        "D": 2560.0,
        "K": 14.0,
        "N": 4998.0
      },
      "alpha_ref": 1.4773,
      "alpha_ref_source": "LOAO-12 global",
      "alpha_local": 0.7458571806092799,
      "alpha_local_r": 0.8983745703800454,
      "alpha_local_n": 18,
      "A_renorm_global": 0.12012250865151973,
      "A_renorm_local": 0.06064728601539046,
      "sqrt_d_eff": 12.298277954598062
    },
    "mamba-130m": {
      "modality": "text",
      "layer_key": null,
      "geometry": {
        "kappa_nearest": 0.3684085877004306,
        "kappa_renorm": 1.1360307523891884,
        "d_eff_formula": 9.507756383500384,
        "sigma_W_global": 12.994233374264889,
        "sigma_centroid_dir": 116.78579769627662,
        "tr_Sigma_W": 129681.64997604984,
        "delta_min": 132.69205963465845,
        "D": 768.0,
        "K": 14.0,
        "N": 4998.0
      },
      "alpha_ref": 1.4773,
      "alpha_ref_source": "LOAO-12 global",
      "alpha_local": 0.42327306783134155,
      "alpha_local_r": 0.9370527681350612,
      "alpha_local_n": 18,
      "A_renorm_global": 0.47910386586695725,
      "A_renorm_local": 0.13727189001242981,
      "sqrt_d_eff": 3.0834649963150844
    },
    "vit-base": {
      "modality": "vision",
      "layer_key": "8",
      "geometry": {
        "kappa_nearest": 0.2495710074277124,
        "kappa_renorm": 1.5650662491744634,
        "d_eff_formula": 39.273426168209696,
        "sigma_W_global": 1.2399292783691351,
        "sigma_centroid_dir": 5.490987581731613,
        "tr_Sigma_W": 1180.7455244538105,
        "delta_min": 8.575574346478879,
        "D": 768.0,
        "K": 10.0,
        "N": 5000.0
      },
      "alpha_ref": 0.63,
      "alpha_ref_source": "ViT-LOAO global",
      "alpha_local": 0.42927692449700494,
      "alpha_local_r": 0.889575757385929,
      "alpha_local_n": 18,
      "A_renorm_global": 0.10052895181430595,
      "A_renorm_local": 0.06849961786944898,
      "sqrt_d_eff": 6.266851375947071
    },
    "vit-large": {
      "modality": "vision",
      "layer_key": "12",
      "geometry": {
        "kappa_nearest": 0.21342378369606554,
        "kappa_renorm": 2.0832202407198985,
        "d_eff_formula": 95.28418294867633,
        "sigma_W_global": 0.3561258388687056,
        "sigma_centroid_dir": 1.167500178757119,
        "tr_Sigma_W": 129.8696720994901,
        "delta_min": 2.432210625741232,
        "D": 1024.0,
        "K": 10.0,
        "N": 5000.0
      },
      "alpha_ref": 0.63,
      "alpha_ref_source": "ViT-LOAO global",
      "alpha_local": 0.5680548096294272,
      "alpha_local_r": 0.9415063539032024,
      "alpha_local_n": 18,
      "A_renorm_global": 0.06454017554244763,
      "A_renorm_local": 0.05819421766859509,
      "sqrt_d_eff": 9.761361736390898
    },
    "resnet50": {
      "modality": "vision",
      "layer_key": null,
      "geometry": {
        "kappa_nearest": 0.39414662880699386,
        "kappa_renorm": 3.0251816364268653,
        "d_eff_formula": 58.96041350086787,
        "sigma_W_global": 0.33907704268386185,
        "sigma_centroid_dir": 1.999035107698712,
        "tr_Sigma_W": 235.46555791836298,
        "delta_min": 6.0479876929507705,
        "D": 2048.0,
        "K": 10.0,
        "N": 5000.0
      },
      "alpha_ref": 0.63,
      "alpha_ref_source": "ViT-LOAO global",
      "alpha_local": 0.4074836492765922,
      "alpha_local_r": 0.9141581488579197,
      "alpha_local_n": 18,
      "A_renorm_global": 0.0820465434129123,
      "A_renorm_local": 0.053067658603847385,
      "sqrt_d_eff": 7.678568453876535
    }
  },
  "summary": {
    "A_renorm_NLP_mean": 0.26620430522839156,
    "A_renorm_NLP_std": 0.15398130601410143,
    "A_renorm_ViT_mean": 0.0823718902565553,
    "A_renorm_ViT_std": 0.014694157394759986,
    "A_renorm_all_mean": 0.17428809774247345,
    "A_renorm_all_cv": 0.8197313325350066,
    "d_eff_NLP_mean": 71.88401034965675,
    "d_eff_ViT_mean": 64.5060075392513,
    "alpha_ratio": 2.344920634920635,
    "d_eff_ratio": 1.1143769873823923,
    "universality_pass": false
  }
}