{
  "experiment": "bge_dbpedia14_abcs",
  "timestamp": "2026-02-23T01:06:45.968343",
  "arch": "bge-small",
  "d": 384,
  "K": 14,
  "baseline": {
    "acc": 0.8716629711751663,
    "q": 0.8617908920347945,
    "logit": 1.830244843192405,
    "kappa": 0.27424604146848763,
    "d_eff": 208.195041696906,
    "kappa_eff": 3.9570866356668963
  },
  "slopes_by_m": {
    "1": {
      "slope": 0.06642794014345141,
      "pearson_r": 0.8711071414569249,
      "actual_m": 1
    },
    "2": {
      "slope": 0.1606189345271503,
      "pearson_r": 0.9269114961474509,
      "actual_m": 2
    },
    "3": {
      "slope": 0.30528401958742035,
      "pearson_r": 0.9475098388700669,
      "actual_m": 3
    },
    "4": {
      "slope": 0.393652298551933,
      "pearson_r": 0.9477372891964522,
      "actual_m": 4
    },
    "5": {
      "slope": 0.47441275491411466,
      "pearson_r": 0.9543466267466552,
      "actual_m": 5
    },
    "6": {
      "slope": 0.5464049245613816,
      "pearson_r": 0.9485318927199102,
      "actual_m": 6
    },
    "7": {
      "slope": 0.5464049245613816,
      "pearson_r": 0.9485318927199102,
      "actual_m": 6
    },
    "8": {
      "slope": 0.6579168080783547,
      "pearson_r": 0.9486937185749769,
      "actual_m": 7
    },
    "10": {
      "slope": 0.8444379210567204,
      "pearson_r": 0.9498204621680633,
      "actual_m": 9
    },
    "13": {
      "slope": 1.0475009687012304,
      "pearson_r": 0.9500495568191261,
      "actual_m": 11
    }
  },
  "analysis": {
    "r_scale": 0.9810057674459374,
    "k_eff_estimated": 13,
    "k_eff_from_single": 15.053906478736288,
    "k_eff_mid5": 10.539345637642564,
    "pass_A1": true
  },
  "conclusion": "K_eff~13 > 10: BGE-small sees more competition. K_eff is ARCHITECTURE-SPECIFIC too."
}