{
  "experiment": "real_data_additive_test",
  "n_points": 259,
  "datasets": [
    "arxiv",
    "clinc",
    "agnews",
    "yahoo",
    "dbpedia_classes"
  ],
  "models": {
    "additive_sig": {
      "r2": 0.6668467654044969,
      "mae": 0.08121527350701095,
      "params": [
        4.765954638366107,
        -0.49722982426639856,
        -0.1630855991647532
      ]
    },
    "divisive_sig": {
      "r2": 0.6622268673459422,
      "mae": 0.08473540343138421,
      "params": [
        18.295793124301696,
        -2.0165451011390987
      ]
    },
    "sqrtK_sig": {
      "r2": 0.7845715805720027,
      "mae": 0.06503444289362156,
      "params": [
        44.05806535129071,
        -2.2033133322636935
      ]
    },
    "additive_with_d": {
      "r2": 0.675017749599351,
      "mae": 0.08046314567618451,
      "params": [
        4.845901716949443,
        -0.5116011354420524,
        0.029193698695579785,
        -1.0470195030103109
      ]
    },
    "probit_additive": {
      "r2": 0.6734072270543139,
      "mae": 0.08029191820814471,
      "params": [
        2.8667911755523274,
        -0.2896212561174446,
        -0.14003868043075174
      ]
    }
  },
  "d_coefficient": 0.029193698695579785,
  "passes": 0
}