{
  "experiment": "CTI_biological_validation_Cadieu2014",
  "preregistration_commit": "bddec1d",
  "timestamp": "2026-02-23T18:22:04Z",
  "dataset": "Cadieu2014 PLoSCB, macaque IT + V4 multiunits",
  "note": "Cadieu2014 used instead of MajajHong2015 (AWS credentials required); same macaque IT cortex, K=7 instead of K=8",
  "universal_constant_prediction": 1.1283791670955126,
  "nlp_artificial_A_renorm": 1.129,
  "results": {
    "IT": {
      "region": "IT_multiunits",
      "K": 7,
      "d": 168,
      "n_images": 1960,
      "categories": [
        "Animals",
        "Cars",
        "Chairs",
        "Faces",
        "Fruits",
        "Planes",
        "Tables"
      ],
      "kappa_nearest": [
        0.2765339119271975,
        0.35951494327078026,
        0.37220702736184325,
        0.23223325077528778,
        0.23223325077528778,
        0.33583876841309895,
        0.2765339119271975
      ],
      "d_eff": [
        12.629284017765631,
        8.479890565806924,
        18.692205777846628,
        36.539431436081074,
        36.539431436081074,
        11.43613658150725,
        12.629284017765631
      ],
      "q_1nn": [
        0.36428571428571427,
        0.5928571428571429,
        0.44285714285714284,
        0.5107142857142857,
        0.42142857142857143,
        0.45357142857142857,
        0.3678571428571429
      ],
      "q_norm": [
        0.2583333333333333,
        0.525,
        0.35,
        0.4291666666666666,
        0.325,
        0.3625,
        0.2625
      ],
      "logit_q_norm": [
        -1.0546491652469936,
        0.10008345855698263,
        -0.6190392084062235,
        -0.2852519375984895,
        -0.7308875085427924,
        -0.5645298027378518,
        -1.0330150061822965
      ],
      "fit": {
        "r": 0.185568129347256,
        "pval": 0.6903657426710695,
        "A": 0.305968709776879,
        "C": -0.9725556268615452,
        "A_renorm": 0.06917543397410715,
        "r_kappa_only": 0.3503215814288352,
        "A_kappa_only": 2.4617114661967068,
        "C_kappa_only": -1.3314559426322996,
        "mae_loco": 0.0836496986868294,
        "mean_d_eff": 19.563666261836318,
        "std_d_eff": 11.098203113732582
      },
      "hypotheses": {
        "H1_r_pass": false,
        "H2_renorm_pass": false,
        "H3_mae_pass": true,
        "H4_substrate_independent": false
      },
      "per_image_exploratory": {
        "n": 1960,
        "r_margin_correct": 0.41360013047599165,
        "pval_margin_correct": 7.410418744213555e-82,
        "r_dist_own_correct": -0.07975014698788617,
        "mean_accuracy": 0.45051020408163267,
        "margin_correct_mean": 0.02602286011596281,
        "margin_wrong_mean": -0.050657078029696156
      }
    },
    "V4": {
      "region": "V4_multiunits",
      "K": 7,
      "d": 128,
      "n_images": 1960,
      "categories": [
        "Animals",
        "Cars",
        "Chairs",
        "Faces",
        "Fruits",
        "Planes",
        "Tables"
      ],
      "kappa_nearest": [
        0.10900785368638108,
        0.22397662992315306,
        0.1513674145124045,
        0.16299473134185188,
        0.16299473134185188,
        0.10900785368638108,
        0.13698018925079353
      ],
      "d_eff": [
        17.646952481950237,
        3.500139496776994,
        10.915265398884667,
        5.725642607349794,
        5.725642607349794,
        17.646952481950237,
        4.818419708318705
      ],
      "q_1nn": [
        0.10357142857142858,
        0.25,
        0.26071428571428573,
        0.25,
        0.24285714285714285,
        0.13214285714285715,
        0.26785714285714285
      ],
      "q_norm": [
        0.0001166666666666538,
        0.125,
        0.1375,
        0.125,
        0.11666666666666667,
        0.0001166666666666538,
        0.14583333333333331
      ],
      "logit_q_norm": [
        -9.056073018676283,
        -1.9459101490553135,
        -1.8362112317988888,
        -1.9459101490553135,
        -2.0243817644968085,
        -9.056073018676283,
        -1.7676619176489947
      ],
      "fit": {
        "r": -0.44023783914059467,
        "pval": 0.3228957495142861,
        "A": -23.693726245869556,
        "C": 5.921619659968395,
        "A_renorm": -7.717550380416578,
        "r_kappa_only": 0.7169934575243233,
        "A_kappa_only": 63.448915093795755,
        "C_kappa_only": -13.522167985509391,
        "mae_loco": 0.10836270683031736,
        "mean_d_eff": 9.425573540368633,
        "std_d_eff": 5.620332197742131
      },
      "hypotheses": {
        "H1_r_pass": false,
        "H2_renorm_pass": false,
        "H3_mae_pass": false,
        "H4_substrate_independent": false
      },
      "per_image_exploratory": {
        "n": 1960,
        "r_margin_correct": 0.11599850282157824,
        "pval_margin_correct": 2.610585879276179e-07,
        "r_dist_own_correct": -0.11185937195819104,
        "mean_accuracy": 0.2153061224489796,
        "margin_correct_mean": -0.044555896801226395,
        "margin_wrong_mean": -0.07076931693375106
      }
    }
  },
  "substrate_independence": {
    "verdict": "FAIL",
    "IT_H4": false,
    "IT_A_renorm": 0.06917543397410715,
    "distance_from_prediction": 1.0592037331214055
  }
}