{
  "experiment": "phi_jacobian_real",
  "model": "EleutherAI/pythia-160m",
  "revision": "step512",
  "layer": 12,
  "dataset": "dbpedia14",
  "K": 14,
  "tau_star_preregistered": 0.2,
  "regime_filters": {
    "q_ceiling": 0.85,
    "min_gap": 0.04,
    "rank_stable_frac": 0.45
  },
  "n_total_classes": 14,
  "n_valid_classes": 2,
  "per_class": {
    "0": {
      "j1": 1,
      "j2": 13,
      "kappa_j1": 0.4903277251406949,
      "kappa_j2": 0.5874251832612988,
      "gap": 0.09709745812060389,
      "q_base": 0.46153846153846156,
      "logit_base": -0.15415067982725822,
      "max_delta_matched": 0.04369385615427175,
      "n_matched_delta_pts": 9,
      "slope_j1_local": 1.298039407455464,
      "slope_j1_global": 0.19864939513388297,
      "slope_j2": 2.7368569249152013,
      "r_j1_local": 0.8215838362577491,
      "r_j1_global": 0.7665352363175746,
      "r_j2": 0.9345288747266373,
      "n_arm_a_pts": 9,
      "n_arm_b_pts": 9,
      "w_empirical": 2.108454419176872,
      "w_phi_pred": 0.6153972463934303,
      "skip_reason": null
    },
    "1": {
      "skip_reason": "near_tie",
      "q_base": 0.6661538461538461,
      "kappa_j1": 0.45482038745454717,
      "kappa_j2": 0.4903277251406949,
      "gap": 0.03550733768614772
    },
    "2": {
      "j1": 3,
      "j2": 12,
      "kappa_j1": 0.35854010916512863,
      "kappa_j2": 0.437553129721998,
      "gap": 0.07901302055686937,
      "q_base": 0.5261538461538462,
      "logit_base": 0.10471095408903076,
      "max_delta_matched": 0.03555585925059122,
      "n_matched_delta_pts": 8,
      "slope_j1_local": 0.7208450560753373,
      "slope_j1_global": 0.1143230066846834,
      "slope_j2": 0.0,
      "r_j1_local": 0.5773502691896258,
      "r_j1_global": 0.8767170272256213,
      "r_j2": NaN,
      "n_arm_a_pts": 8,
      "n_arm_b_pts": 7,
      "w_empirical": 0.0,
      "w_phi_pred": 0.6736361822301761,
      "skip_reason": null
    },
    "3": {
      "j1": 2,
      "j2": 4,
      "kappa_j1": 0.35854010916512863,
      "kappa_j2": 0.4803672254324528,
      "gap": 0.12182711626732418,
      "q_base": 0.58,
      "logit_base": 0.32277339226305085,
      "max_delta_matched": 0.05482220232029588,
      "n_matched_delta_pts": 10,
      "slope_j1_local": 2.3330292645724358,
      "slope_j1_global": 0.4616845295004124,
      "slope_j2": 2.9192428136650324,
      "r_j1_local": 0.9131321485050805,
      "r_j1_global": 0.7290773841138118,
      "r_j2": 0.9036415849546068,
      "n_arm_a_pts": 10,
      "n_arm_b_pts": 10,
      "w_empirical": 1.251267122103601,
      "w_phi_pred": 0.5438207547662128,
      "skip_reason": null
    },
    "4": {
      "skip_reason": "near_tie",
      "q_base": 0.7953846153846155,
      "kappa_j1": 0.4803672254324528,
      "kappa_j2": 0.4969211086176358,
      "gap": 0.01655388318518297
    },
    "5": {
      "j1": 6,
      "j2": 13,
      "kappa_j1": 0.46341675036831453,
      "kappa_j2": 0.6468393169838575,
      "gap": 0.18342256661554301,
      "q_base": 0.8169230769230769,
      "logit_base": 1.495638528130409,
      "max_delta_matched": 0.08254015497699436,
      "n_matched_delta_pts": 13,
      "slope_j1_local": 1.26719892064385,
      "slope_j1_global": 0.0388006109138318,
      "slope_j2": 0.0,
      "r_j1_local": 0.8547139257337957,
      "r_j1_global": 0.4955946277833519,
      "r_j2": NaN,
      "n_arm_a_pts": 13,
      "n_arm_b_pts": 4,
      "w_empirical": 0.0,
      "w_phi_pred": 0.3996712946516202,
      "skip_reason": null
    },
    "6": {
      "skip_reason": "near_tie",
      "q_base": 0.5369230769230768,
      "kappa_j1": 0.46341675036831453,
      "kappa_j2": 0.46391667020636973,
      "gap": 0.0004999198380551961
    },
    "7": {
      "skip_reason": "near_tie",
      "q_base": 0.7523076923076923,
      "kappa_j1": 0.6733626363276115,
      "kappa_j2": 0.7101353505597728,
      "gap": 0.03677271423216133
    },
    "8": {
      "skip_reason": "ceiling",
      "q_base": 0.9246153846153846,
      "kappa_j1": 0.8506374368382598,
      "kappa_j2": 0.8787472308371672,
      "gap": 0.02810979399890745
    },
    "9": {
      "j1": 10,
      "j2": 7,
      "kappa_j1": 0.23820577080368582,
      "kappa_j2": 0.7665074407772036,
      "gap": 0.5283016699735177,
      "q_base": 0.7415384615384616,
      "logit_base": 1.0539801346473416,
      "max_delta_matched": 0.23773575148808296,
      "n_matched_delta_pts": 18,
      "slope_j1_local": 2.0558842483652504,
      "slope_j1_global": 1.6247649586667356,
      "slope_j2": 0.0,
      "r_j1_local": 0.9563071133100887,
      "r_j1_global": 0.9472421637199039,
      "r_j2": NaN,
      "n_arm_a_pts": 18,
      "n_arm_b_pts": 15,
      "w_empirical": 0.0,
      "w_phi_pred": 0.071253712931802,
      "skip_reason": null
    },
    "10": {
      "j1": 9,
      "j2": 7,
      "kappa_j1": 0.23820577080368582,
      "kappa_j2": 0.8691076661951362,
      "gap": 0.6309018953914505,
      "q_base": 0.6769230769230768,
      "logit_base": 0.7396671961948378,
      "max_delta_matched": 0.2839058529261527,
      "n_matched_delta_pts": 18,
      "slope_j1_local": 1.6619068899858715,
      "slope_j1_global": 2.017556176205117,
      "slope_j2": 0.0,
      "r_j1_local": 0.8416006557649541,
      "r_j1_global": 0.9602223077003836,
      "r_j2": NaN,
      "n_arm_a_pts": 18,
      "n_arm_b_pts": 15,
      "w_empirical": 0.0,
      "w_phi_pred": 0.042659321241358364,
      "skip_reason": null
    },
    "11": {
      "skip_reason": "near_tie",
      "q_base": 0.6984615384615385,
      "kappa_j1": 0.5517080701155175,
      "kappa_j2": 0.5807711980044629,
      "gap": 0.029063127888945384
    },
    "12": {
      "skip_reason": "near_tie",
      "q_base": 0.6661538461538461,
      "kappa_j1": 0.437553129721998,
      "kappa_j2": 0.44303924784887955,
      "gap": 0.005486118126881545
    },
    "13": {
      "skip_reason": "near_tie",
      "q_base": 0.5046153846153847,
      "kappa_j1": 0.44303924784887955,
      "kappa_j2": 0.45482038745454717,
      "gap": 0.011781139605667623
    }
  },
  "summary": {
    "r_w_empirical_phi": null,
    "p_w_empirical_phi": null,
    "r_log_w_neg_gap": null,
    "p_log_w_neg_gap": null,
    "slope_log_w_vs_gap": null,
    "tau_star_empirical": null,
    "tau_star_preregistered": 0.2,
    "tau_star_error_pct": null
  },
  "pass_criteria": {
    "n_valid_pass": false,
    "corr_w_pass": false,
    "corr_log_w_pass": false,
    "slope_in_range_pass": false,
    "summary_pass": false
  },
  "pre_registered_thresholds": {
    "min_r_corr_w_phi": 0.6,
    "min_r_log_w_neg_gap": 0.6,
    "slope_range": [
      -7.5,
      -2.5
    ],
    "min_valid_classes": 4
  }
}