{
  "experiment": "finite_sample_test",
  "d": 300,
  "K": 50,
  "m_values": [
    5,
    10,
    20,
    50,
    100,
    200
  ],
  "results": {
    "5": {
      "n_valid": 8,
      "logit_r2": 0.9949553619878652,
      "A": 27.56401432200023,
      "C": -3.7968537772688564,
      "sigmoid_r2": 0.9991474224444881,
      "sigmoid_a": 26.580297226465046,
      "sigmoid_b": -3.516202366680547
    },
    "10": {
      "n_valid": 7,
      "logit_r2": 0.99245702050315,
      "A": 31.653380963909633,
      "C": -3.878472799903785,
      "sigmoid_r2": 0.9990023058931389,
      "sigmoid_a": 28.893902877169467,
      "sigmoid_b": -3.45011362467651
    },
    "20": {
      "n_valid": 7,
      "logit_r2": 0.9933443845676071,
      "A": 33.51671262219015,
      "C": -3.859773027041358,
      "sigmoid_r2": 0.9992697072206354,
      "sigmoid_a": 31.970568567869204,
      "sigmoid_b": -3.5329649328943225
    },
    "50": {
      "n_valid": 6,
      "logit_r2": 0.996004610138042,
      "A": 36.52602036525835,
      "C": -3.7806278100688995,
      "sigmoid_r2": 0.9997424210214261,
      "sigmoid_a": 36.500553797620896,
      "sigmoid_b": -3.654507023370119
    },
    "100": {
      "n_valid": 5,
      "logit_r2": 0.9923683168878235,
      "A": 40.55402305151052,
      "C": -4.062687686478675,
      "sigmoid_r2": 0.9985822227538178,
      "sigmoid_a": 38.71703700458578,
      "sigmoid_b": -3.688818055292417
    },
    "200": {
      "n_valid": 5,
      "logit_r2": 0.9974070946548006,
      "A": 42.61206729561463,
      "C": -4.010400763514546,
      "sigmoid_r2": 0.9994359121396909,
      "sigmoid_a": 40.44393288872928,
      "sigmoid_b": -3.745430010788482
    }
  },
  "scorecard": {
    "passes": 4,
    "total": 4
  }
}