{
  "experiment": "normalized_kappa_universality",
  "n_points": 63,
  "normalizations": {
    "Raw kappa vs kNN": {
      "rho": 0.7274211569878246,
      "r": 0.7948128604089684
    },
    "q vs raw kappa": {
      "rho": 0.7529649230285852,
      "r": 0.8061635419697445
    },
    "q vs kappa*K": {
      "rho": 0.29476161602298717,
      "r": 0.5334769523649627
    },
    "q vs kappa*sqrt(K)": {
      "rho": 0.5327699774215777,
      "r": 0.639503088549748
    },
    "q vs kappa*log(K)": {
      "rho": 0.6480530267897471,
      "r": 0.7243796476187917
    }
  },
  "best_normalization": "q vs raw kappa",
  "cross_dataset_prediction": {
    "train_r2": 0.9891567812496093,
    "train_mae": 0.009946577942444234,
    "test_r2": 0.03352239606907703,
    "test_mae": 0.09947457365104061
  }
}