{
  "test1_margin_distributions": [
    {
      "kappa_target": 0.01,
      "kappa_measured": 0.019365620552187796,
      "knn_acc": 0.088,
      "q": 0.039999999999999994,
      "frac_correct_from_margin": 0.088,
      "margin_mean": -37.67188868062569,
      "margin_std": 27.50401170439572,
      "distribution_test": {
        "logistic": {
          "loc": -38.16889153628379,
          "scale": 15.633870227956338,
          "ks_p": 0.3248881853978194,
          "aic": 18960.908490205955,
          "ll": -9478.454245102977
        },
        "normal": {
          "mu": -37.67188868062569,
          "sigma": 27.50401170439572,
          "ks_p": 0.20866488655475612,
          "aic": 18937.08162959027,
          "ll": -9466.540814795135
        },
        "laplace": {
          "loc": -38.74744519959728,
          "scale": 21.735689278118013,
          "ks_p": 0.00033369872881087434,
          "aic": 19092.411029266896,
          "ll": -9544.205514633448
        },
        "winner_aic": "normal",
        "kurtosis": 0.12535960017104797,
        "theory_kurtosis": 1.2
      }
    },
    {
      "kappa_target": 0.02,
      "kappa_measured": 0.02908634483972188,
      "knn_acc": 0.151,
      "q": 0.10631578947368421,
      "frac_correct_from_margin": 0.151,
      "margin_mean": -29.2059956330421,
      "margin_std": 27.7690217774957,
      "distribution_test": {
        "logistic": {
          "loc": -29.756705172255263,
          "scale": 15.809003844600689,
          "ks_p": 0.17539930427893935,
          "aic": 19003.504626552116,
          "ll": -9499.752313276058
        },
        "normal": {
          "mu": -29.2059956330421,
          "sigma": 27.7690217774957,
          "ks_p": 0.2108242211809921,
          "aic": 18975.438432118142,
          "ll": -9485.719216059071
        },
        "laplace": {
          "loc": -30.53663153353631,
          "scale": 21.98857125267117,
          "ks_p": 8.33462878712024e-05,
          "aic": 19138.680041689626,
          "ll": -9567.340020844813
        },
        "winner_aic": "normal",
        "kurtosis": 0.0787746971021579,
        "theory_kurtosis": 1.2
      }
    },
    {
      "kappa_target": 0.05,
      "kappa_measured": 0.05820930266770026,
      "knn_acc": 0.4265,
      "q": 0.39631578947368423,
      "frac_correct_from_margin": 0.4265,
      "margin_mean": -3.831405538885824,
      "margin_std": 28.691882460157053,
      "distribution_test": {
        "logistic": {
          "loc": -4.4515339277341,
          "scale": 16.370203637878156,
          "ks_p": 0.3178573022312994,
          "aic": 19140.35767018793,
          "ll": -9568.178835093964
        },
        "normal": {
          "mu": -3.831405538885824,
          "sigma": 28.691882460157053,
          "ks_p": 0.23030225479362276,
          "aic": 19106.21109941459,
          "ll": -9551.105549707296
        },
        "laplace": {
          "loc": -4.959752412681212,
          "scale": 22.785990716276604,
          "ks_p": 0.0013608944110866448,
          "aic": 19281.172341619036,
          "ll": -9638.586170809518
        },
        "winner_aic": "normal",
        "kurtosis": 0.01779683244917596,
        "theory_kurtosis": 1.2
      }
    },
    {
      "kappa_target": 0.1,
      "kappa_measured": 0.10670622943835296,
      "knn_acc": 0.898,
      "q": 0.8926315789473684,
      "frac_correct_from_margin": 0.898,
      "margin_mean": 38.46762151500645,
      "margin_std": 30.416935996685478,
      "distribution_test": {
        "logistic": {
          "loc": 37.91944165044858,
          "scale": 17.42755817810893,
          "ks_p": 0.2576548272872322,
          "aic": 19384.601710236308,
          "ll": -9690.300855118154
        },
        "normal": {
          "mu": 38.46762151500645,
          "sigma": 30.416935996685478,
          "ks_p": 0.10253710678803696,
          "aic": 19339.752366582048,
          "ll": -9667.876183291024
        },
        "laplace": {
          "loc": 37.22448062866499,
          "scale": 24.21502665171881,
          "ks_p": 6.107603742844937e-05,
          "aic": 19524.482228172077,
          "ll": -9760.241114086039
        },
        "winner_aic": "normal",
        "kurtosis": -0.08829930487155524,
        "theory_kurtosis": 1.2
      }
    },
    {
      "kappa_target": 0.2,
      "kappa_measured": 0.20364951918377996,
      "knn_acc": 1.0,
      "q": 1.0,
      "frac_correct_from_margin": 1.0,
      "margin_mean": 122.67957029773872,
      "margin_std": 34.266428543584325,
      "distribution_test": {
        "logistic": {
          "loc": 122.1597193308202,
          "scale": 19.657095956731116,
          "ks_p": 0.22628199817558248,
          "aic": 19864.513821096,
          "ll": -9930.256910548
        },
        "normal": {
          "mu": 122.67957029773872,
          "sigma": 34.266428543584325,
          "ks_p": 0.7339905505265101,
          "aic": 19816.418593665177,
          "ll": -9906.209296832589
        },
        "laplace": {
          "loc": 121.64009603787912,
          "scale": 27.420897284170483,
          "ks_p": 0.00031252504129016483,
          "aic": 20021.81031148099,
          "ll": -10008.905155740495
        },
        "winner_aic": "normal",
        "kurtosis": -0.1505254207005211,
        "theory_kurtosis": 1.2
      }
    },
    {
      "kappa_target": 0.5,
      "kappa_measured": 0.49435537959212716,
      "knn_acc": 1.0,
      "q": 1.0,
      "frac_correct_from_margin": 1.0,
      "margin_mean": 375.8716911755888,
      "margin_std": 46.77684264975585,
      "distribution_test": {
        "logistic": {
          "loc": 375.14882864745033,
          "scale": 26.64586965854764,
          "ks_p": 0.5239398697995692,
          "aic": 21094.169320714776,
          "ll": -10545.084660357388
        },
        "normal": {
          "mu": 375.8716911755888,
          "sigma": 46.77684264975585,
          "ks_p": 0.17451340028035378,
          "aic": 21061.307193962755,
          "ll": -10528.653596981378
        },
        "laplace": {
          "loc": 374.8259488118518,
          "scale": 36.931046587679674,
          "ks_p": 0.00613080023435916,
          "aic": 21212.798995168552,
          "ll": -10604.399497584276
        },
        "winner_aic": "normal",
        "kurtosis": -0.047660061858046276,
        "theory_kurtosis": 1.2
      }
    },
    {
      "kappa_target": 1.0,
      "kappa_measured": 0.9787344301572929,
      "knn_acc": 1.0,
      "q": 1.0,
      "frac_correct_from_margin": 1.0,
      "margin_mean": 801.4160625538618,
      "margin_std": 67.61545294305066,
      "distribution_test": {
        "logistic": {
          "loc": 799.6983153081693,
          "scale": 38.392707132482705,
          "ks_p": 0.28015270867527775,
          "aic": 22559.19328278653,
          "ll": -11277.596641393266
        },
        "normal": {
          "mu": 801.4160625538618,
          "sigma": 67.61545294305066,
          "ks_p": 0.0936100899006459,
          "aic": 22535.10033584845,
          "ll": -11265.550167924224
        },
        "laplace": {
          "loc": 799.038028740716,
          "scale": 53.28883084049447,
          "ks_p": 0.0008176701590502681,
          "aic": 22679.495748245336,
          "ll": -11337.747874122668
        },
        "winner_aic": "normal",
        "kurtosis": 0.05154085403782549,
        "theory_kurtosis": 1.2
      }
    },
    {
      "kappa_target": 2.0,
      "kappa_measured": 1.9473326345255046,
      "knn_acc": 1.0,
      "q": 1.0,
      "frac_correct_from_margin": 1.0,
      "margin_mean": 1662.8131452123532,
      "margin_std": 108.16879918801605,
      "distribution_test": {
        "logistic": {
          "loc": 1659.3102249729018,
          "scale": 60.959762430547094,
          "ks_p": 0.20816449832646367,
          "aic": 24419.460560912055,
          "ll": -12207.730280456028
        },
        "normal": {
          "mu": 1662.8131452123532,
          "sigma": 108.16879918801605,
          "ks_p": 0.002816697960937448,