{
  "loao_alpha": 1.549,
  "training_alpha": 1.601,
  "model": "openai-community/gpt2",
  "layer": 12,
  "dataset": "dbpedia_14",
  "geometry": {
    "kappa": 0.2537051352650083,
    "sigma_W": 0.5750488042831421,
    "d": 768,
    "K": 14,
    "d_min": 4.043100833892822,
    "d_2nd": 5.259156703948975,
    "d_max": 27.345096588134766,
    "margin_ratio": 6.763397132937518,
    "d2_ratio": 1.300773074928234,
    "nearest": [
      9,
      10
    ],
    "farthest": [
      3,
      10
    ]
  },
  "delta_range": {
    "neg_max": -2.021550416946411,
    "pos_max": 0.972844696044922,
    "n_pts": 27
  },
  "nearest_result": {
    "alpha": 0.476911120799914,
    "r": 0.9233047980313165,
    "kappa_span": 0.18789156427424317,
    "n_points": 27,
    "kappas": [
      0.12685766926487443,
      0.13408570988163926,
      0.14130229052656937,
      0.14853480442215738,
      0.15576211195978396,
      0.16298726514239198,
      0.1702151262295719,
      0.17744569522132375,
      0.18467083344313304,
      0.1919007291989416,
      0.199120167356431,
      0.20634849222837187,
      0.21357626355075937,
      0.22080029467346193,
      0.22803071405722636,
      0.23525918853715463,
      0.24249005674488128,
      0.24971462645633843,
      0.2569351717129346,
      0.26416437927200115,
      0.271390863965697,
      0.2786180667777324,
      0.28584227743001983,
      0.2930728314609729,
      0.30030167996086965,
      0.3075276260658109,
      0.3147492335391176
    ],
    "logit_qs": [
      0.6380286230683045,
      0.6427932944143309,
      0.6427932944143309,
      0.6427932944143309,
      0.6427932944143309,
      0.6380286230683045,
      0.6380286230683045,
      0.6427932944143309,
      0.6427932944143309,
      0.6475650313478425,
      0.661923340108413,
      0.661923340108413,
      0.661923340108413,
      0.6571299832123526,
      0.661923340108413,
      0.6571299832123526,
      0.6571299832123526,
      0.661923340108413,
      0.6811709895132293,
      0.6811709895132293,
      0.6908403744620301,
      0.7054030860781695,
      0.7151515426109776,
      0.7151515426109776,
      0.7200379988348942,
      0.7200379988348942,
      0.7249327122367158
    ],
    "deltas": [
      -2.021550416946411,
      -1.906381374139052,
      -1.7912123313316932,
      -1.6760432885243342,
      -1.5608742457169753,
      -1.4457052029096162,
      -1.3305361601022572,
      -1.2153671172948983,
      -1.1001980744875395,
      -0.9850290316801804,
      -0.8698599888728213,
      -0.7546909460654625,
      -0.6395219032581034,
      -0.5243528604507446,
      -0.4091838176433855,
      -0.29401477483602667,
      -0.1788457320286676,
      -0.06367668922130854,
      0.05149235358605031,
      0.16666139639340916,
      0.28183043920076845,
      0.3969994820081273,
      0.5121685248154861,
      0.627337567622845,
      0.7425066104302043,
      0.8576756532375631,
      0.972844696044922
    ]
  },
  "farthest_result": {
    "alpha": 2.4648100987071873,
    "r": 0.9599397406817047,
    "kappa_span": 0.015863697904562712,
    "n_points": 27,
    "kappas": [
      0.24669842470480036,
      0.2466686078329119,
      0.24668721906654423,
      0.2467584474293445,
      0.24688401341316776,
      0.24705933901359967,
      0.24729398418103496,
      0.24757834408268264,
      0.2479112068938448,
      0.24830012781788505,
      0.24874039420320038,
      0.24923249975614914,
      0.24977630982954271,
      0.2503669771245894,
      0.2510130292965709,
      0.25170586388621174,
      0.25245513060869923,
      0.2532470655291926,
      0.2540878025751753,
      0.2549804535927852,
      0.2559191838705137,
      0.256908122588813,
      0.25794200354652674,
      0.2590193306637809,
      0.26014426304262517,
      0.2613147360928334,
      0.2625323057374746
    ],
    "logit_qs": [
      0.6667240465374099,
      0.6571299832123526,
      0.661923340108413,
      0.661923340108413,
      0.661923340108413,
      0.6571299832123526,
      0.6571299832123526,
      0.661923340108413,
      0.661923340108413,
      0.661923340108413,
      0.6571299832123526,
      0.661923340108413,
      0.6667240465374099,
      0.6667240465374099,
      0.6667240465374099,
      0.6667240465374099,
      0.6667240465374099,
      0.6667240465374099,
      0.6763477980203716,
      0.6811709895132293,
      0.6811709895132293,
      0.686001823433084,
      0.6908403744620301,
      0.6908403744620301,
      0.6908403744620301,
      0.6908403744620301,
      0.7005409295848835
    ],
    "deltas": [
      -2.021550416946411,
      -1.906381374139052,
      -1.7912123313316932,
      -1.6760432885243342,
      -1.5608742457169753,
      -1.4457052029096162,
      -1.3305361601022572,
      -1.2153671172948983,
      -1.1001980744875395,
      -0.9850290316801804,
      -0.8698599888728213,
      -0.7546909460654625,
      -0.6395219032581034,
      -0.5243528604507446,
      -0.4091838176433855,
      -0.29401477483602667,
      -0.1788457320286676,
      -0.06367668922130854,
      0.05149235358605031,
      0.16666139639340916,
      0.28183043920076845,
      0.3969994820081273,
      0.5121685248154861,
      0.627337567622845,
      0.7425066104302043,
      0.8576756532375631,
      0.972844696044922
    ]
  },
  "criteria": {
    "c1_r": true,
    "c2_alpha": false,
    "c3_control": false,
    "c4_span": true
  },
  "overall_pass": false
}