{
  "experiment": "neff_pairwise_multi_arch",
  "dataset": "dbpedia_14",
  "K_full": 14,
  "alpha_universal": 3.598,
  "n_seeds": 20,
  "n_samples_per_class": 500,
  "baseline_pythia160m": {
    "model": "EleutherAI/pythia-160m",
    "slope": 0.9339427789622784,
    "r": 0.9999429666130499
  },
  "model_results": [
    {
      "model": "EleutherAI/gpt-neo-125M",
      "per_K": {
        "4": {
          "neff_obs": 2.05078763335693,
          "neff_std": 0.25098805931587476,
          "neff_theory_sqrt": 1.7320508075688772,
          "ratio_obs_theory": 1.1840227921693793,
          "kappa_nearest_mean": 0.5663847250262215,
          "n_seeds": 20
        },
        "6": {
          "neff_obs": 2.9800877522718654,
          "neff_std": 0.3455085762827999,
          "neff_theory_sqrt": 2.23606797749979,
          "ratio_obs_theory": 1.3327357585988888,
          "kappa_nearest_mean": 0.4952530282012594,
          "n_seeds": 20
        },
        "8": {
          "neff_obs": 3.7755258491324613,
          "neff_std": 0.4245291329196001,
          "neff_theory_sqrt": 2.6457513110645907,
          "ratio_obs_theory": 1.4270146379000659,
          "kappa_nearest_mean": 0.47736390579962495,
          "n_seeds": 20
        },
        "10": {
          "neff_obs": 4.392886174420207,
          "neff_std": 0.48486265620009467,
          "neff_theory_sqrt": 3.0,
          "ratio_obs_theory": 1.4642953914734023,
          "kappa_nearest_mean": 0.45430443820253885,
          "n_seeds": 20
        },
        "12": {
          "neff_obs": 5.162463021557042,
          "neff_std": 0.25132079889276954,
          "neff_theory_sqrt": 3.3166247903554,
          "ratio_obs_theory": 1.556541166962648,
          "kappa_nearest_mean": 0.43198185215004753,
          "n_seeds": 20
        },
        "14": {
          "neff_obs": 5.905455850466305,
          "neff_std": 1.7969925756980394e-07,
          "neff_theory_sqrt": 3.605551275463989,
          "ratio_obs_theory": 1.6378787595265436,
          "kappa_nearest_mean": 0.42295612788979514,
          "n_seeds": 20
        }
      },
      "log_log_slope": 0.7112355617230609,
      "log_log_slope_se": 0.011222303633988781,
      "pearson_r": 0.9995024429598922,
      "pearson_p": 3.712829238824438e-07,
      "pr1_slope_pass": false,
      "pr2_r_pass": true
    },
    {
      "model": "allenai/OLMo-1B-hf",
      "per_K": {
        "4": {
          "neff_obs": 2.2676800210544092,
          "neff_std": 0.21417207250023013,
          "neff_theory_sqrt": 1.7320508075688772,
          "ratio_obs_theory": 1.3092456705916995,
          "kappa_nearest_mean": 0.433700953786476,
          "n_seeds": 20
        },
        "6": {
          "neff_obs": 3.5184728005535,
          "neff_std": 0.31274301515614605,
          "neff_theory_sqrt": 2.23606797749979,
          "ratio_obs_theory": 1.573508871804337,
          "kappa_nearest_mean": 0.39729329402628055,
          "n_seeds": 20
        },
        "8": {
          "neff_obs": 4.596730562647722,
          "neff_std": 0.4274863677076452,
          "neff_theory_sqrt": 2.6457513110645907,
          "ratio_obs_theory": 1.7374008446765548,
          "kappa_nearest_mean": 0.38147865037832845,
          "n_seeds": 20
        },
        "10": {
          "neff_obs": 5.438739937761179,
          "neff_std": 0.45883773325115024,
          "neff_theory_sqrt": 3.0,
          "ratio_obs_theory": 1.8129133125870596,
          "kappa_nearest_mean": 0.3668786754563928,
          "n_seeds": 20
        },
        "12": {
          "neff_obs": 6.524892963972022,
          "neff_std": 0.3016226969249092,
          "neff_theory_sqrt": 3.3166247903554,
          "ratio_obs_theory": 1.9673292507931937,
          "kappa_nearest_mean": 0.3487371636662756,
          "n_seeds": 20
        },
        "14": {
          "neff_obs": 7.508451981127078,
          "neff_std": 1.117379630903728e-07,
          "neff_theory_sqrt": 3.605551275463989,
          "ratio_obs_theory": 2.0824698936394506,
          "kappa_nearest_mean": 0.34384209618171013,
          "n_seeds": 20
        }
      },
      "log_log_slope": 0.8062883119879743,
      "log_log_slope_se": 0.01330347895012256,
      "pearson_r": 0.9994559670520997,
      "pearson_p": 4.438772633830222e-07,
      "pr1_slope_pass": false,
      "pr2_r_pass": true
    },
    {
      "model": "Qwen/Qwen3-0.6B",
      "per_K": {
        "4": {
          "neff_obs": 2.2874765359570635,
          "neff_std": 0.209686222759568,
          "neff_theory_sqrt": 1.7320508075688772,
          "ratio_obs_theory": 1.3206751937997634,
          "kappa_nearest_mean": 0.41374476588066306,
          "n_seeds": 20
        },
        "6": {
          "neff_obs": 3.4509084236579333,
          "neff_std": 0.2852731929258749,
          "neff_theory_sqrt": 2.23606797749979,
          "ratio_obs_theory": 1.5432931638851564,
          "kappa_nearest_mean": 0.3748709379523641,
          "n_seeds": 20
        },
        "8": {
          "neff_obs": 4.539474314197072,
          "neff_std": 0.4093476985485855,
          "neff_theory_sqrt": 2.6457513110645907,
          "ratio_obs_theory": 1.7157600169044194,
          "kappa_nearest_mean": 0.3571424674059905,
          "n_seeds": 20
        },
        "10": {
          "neff_obs": 5.402476265494263,
          "neff_std": 0.36508404148088225,
          "neff_theory_sqrt": 3.0,
          "ratio_obs_theory": 1.800825421831421,
          "kappa_nearest_mean": 0.3417004382928062,
          "n_seeds": 20
        },
        "12": {
          "neff_obs": 6.409024492574595,
          "neff_std": 0.24782599853988843,
          "neff_theory_sqrt": 3.3166247903554,
          "ratio_obs_theory": 1.9323935921879853,
          "kappa_nearest_mean": 0.3227358515035613,
          "n_seeds": 20
        },
        "14": {
          "neff_obs": 7.351900938146896,
          "neff_std": 1.5035313465218234e-07,
          "neff_theory_sqrt": 3.605551275463989,
          "ratio_obs_theory": 2.0390504465092647,
          "kappa_nearest_mean": 0.31817661947119885,
          "n_seeds": 20
        }
      },
      "log_log_slope": 0.79136031343484,
      "log_log_slope_se": 0.007691243529076496,
      "pearson_r": 0.9998111349753881,
      "pearson_p": 5.350162787506684e-08,
      "pr1_slope_pass": false,
      "pr2_r_pass": true
    }
  ],
  "all_slopes": [
    0.9339427789622784,
    0.7112355617230609,
    0.8062883119879743,
    0.79136031343484
  ],
  "slope_cv": 0.09843897776250086,
  "pr1_range": [
    0.85,
    1.0
  ],
  "pr2_r_threshold": 0.99,
  "pr3_cv_threshold": 0.1,
  "n_pr12_pass": 0,
  "pr3_pass": true,
  "overall_pass": false,
  "verdict": "FAIL"
}