{
  "spline_baselines": {
    "Linear-in-depth": {
      "mean_r2": 0.7669285383251043,
      "mean_mae": 0.05102516643660828,
      "per_family": {
        "cerebras-gpt": 0.7603079562934981,
        "gpt2": 0.8414307672042315,
        "olmo2": 0.7046291085351721,
        "opt": 0.7836445211629566,
        "pythia": 0.7446303384296635
      }
    },
    "Gaussian (ours)": {
      "mean_r2": 0.7795234460443388,
      "mean_mae": 0.050456878132034845,
      "per_family": {
        "cerebras-gpt": 0.7302328764871326,
        "gpt2": 0.8514821978130437,
        "olmo2": 0.7784982370590989,
        "opt": 0.756854273361309,
        "pythia": 0.7805496455011094
      }
    },
    "Spline-per-dataset": {
      "mean_r2": 0.8055031622915985,
      "mean_mae": 0.04498464912840795,
      "per_family": {
        "cerebras-gpt": 0.8322396417062117,
        "gpt2": 0.8657654849384635,
        "olmo2": 0.7211294782507336,
        "opt": 0.807660100734279,
        "pythia": 0.8007211058283045
      }
    },
    "Spline+compute-tercile": {
      "mean_r2": 0.7987084264136114,
      "mean_mae": 0.047028006820136574,
      "per_family": {
        "cerebras-gpt": 0.742558420810726,
        "gpt2": 0.856916704447656,
        "olmo2": 0.7831792491344792,
        "opt": 0.7927064678961893,
        "pythia": 0.8181812897790066
      }
    }
  },
  "cluster_inference": {
    "n_profiles": 252,
    "n_observations": 5004,
    "delta_r2_mean": 0.39812103689840445,
    "delta_r2_median": 0.059725071663895846,
    "delta_r2_sd": 2.4863538870332365,
    "delta_r2_se": 0.15662557277116015,
    "paired_t_stat": 2.5368164467910415,
    "paired_t_pval": 0.011793161016129079,
    "wilcoxon_stat": 9603.0,
    "wilcoxon_pval": 4.491650879969241e-08,
    "n_positive": 158,
    "n_negative": 94,
    "per_family": {
      "cerebras-gpt": {
        "n_profiles": 12,
        "mean_delta": 0.007513351156866299,
        "std_delta": 0.2030340651588382,
        "pct_positive": 0.3333333333333333
      },
      "gpt2": {
        "n_profiles": 12,
        "mean_delta": 0.058409650146881785,
        "std_delta": 0.08668497950985754,
        "pct_positive": 0.6666666666666666
      },
      "olmo2": {
        "n_profiles": 44,
        "mean_delta": 1.4383178869414488,
        "std_delta": 5.670489210848128,
        "pct_positive": 0.5227272727272727
      },
      "opt": {
        "n_profiles": 8,
        "mean_delta": -0.1441917745401996,
        "std_delta": 0.31000241599614103,
        "pct_positive": 0.375
      },
      "pythia": {
        "n_profiles": 176,
        "mean_delta": 0.21251688894119772,
        "std_delta": 0.6845016106813103,
        "pct_positive": 0.6818181818181818
      }
    }
  },
  "paired_bootstrap": {
    "n_boot": 10000,
    "profile_mean": {
      "mean": 0.39578036360113833,
      "ci95": [
        0.15190328968153055,
        0.7297130166580383
      ],
      "ci90": [
        0.17283279629741755,
        0.6681122938992885
      ],
      "prob_positive": 1.0
    },
    "lofo_mean": {
      "mean": 0.311773928184563,
      "ci95": [
        0.039204873337534536,
        0.6880756727261382
      ],
      "ci90": [
        0.06130127106738168,
        0.6139029978436853
      ],
      "prob_positive": 0.9969
    }
  }
}