{
  "experiment": "CTI_allen_neuropixels_visual_coding",
  "preregistration_commit": "bddec1d",
  "dataset": "DANDI:000021",
  "session": "sub-707296975",
  "K": 118,
  "d_raw": 963,
  "d_pca": 100,
  "n_presentations": 5900,
  "n_units_good": 1191,
  "n_units_active": 963,
  "pca_var_explained": 0.645109230748871,
  "trials_per_image_mean": 50.0,
  "kappa_nearest": [
    0.36393183670951956,
    0.32995013900223574,
    0.5189476384876357,
    0.5515424188179666,
    0.26328940842717136,
    0.39499239845636236,
    0.45986124168464576,
    0.38255048808208847,
    0.41218826376015255,
    0.44581822538711935,
    0.32533605712873226,
    0.24868491897214925,
    0.3406954756662835,
    0.39499239845636236,
    0.3432184493302077,
    0.2713660087317249,
    0.41617287485792626,
    0.3781550664253317,
    0.38197621994032716,
    0.5840654498926431,
    0.3241897211121035,
    0.4191986422307817,
    0.3669038699908358,
    0.35194274410235443,
    0.35670861310896296,
    0.39117831889601956,
    0.48841953343961225,
    0.2713660087317249,
    0.3401258304711431,
    0.4085662925891489,
    0.29195193632019456,
    0.3392884034391878,
    0.4024996208231029,
    0.3279196105567432,
    0.4627861535466278,
    0.4203689039534391,
    0.4005709186638166,
    0.2783162267059668,
    0.3526155707844726,
    0.4085662925891489,
    0.31349106458390896,
    0.3920948123046787,
    0.4281106850879085,
    0.5142009951639467,
    0.4659948893037297,
    0.36755831672826017,
    0.3432907431517688,
    0.30928397502911925,
    0.397174821852234,
    0.2808890788595849,
    0.38644581455543625,
    0.2901261722380507,
    0.3432184493302077,
    0.37078002861126014,
    0.34580362046748364,
    0.397174821852234,
    0.4018706850519105,
    0.3925282412335943,
    0.28113662556010127,
    0.24413851564652664,
    0.3738401356088271,
    0.29195193632019456,
    0.24963314401850556,
    0.1900332327138718,
    0.3327651701538386,
    0.3780519641159527,
    0.28335218617337865,
    0.2923175215565007,
    0.260175922746705,
    0.5799064936652923,
    0.43037668972439974,
    0.35831943087906093,
    0.2991492249792298,
    0.2994140143159796,
    0.30507825502448954,
    0.3230969751332715,
    0.45484006215106676,
    0.1900332327138718,
    0.27828794510963606,
    0.26923970120958535,
    0.2991492249792298,
    0.45417351002322576,
    0.2163181781012474,
    0.34871334241150326,
    0.3608055456726798,
    0.4477249158088892,
    0.35376384739010847,
    0.27283955347047933,
    0.2464345760490932,
    0.2980021625891938,
    0.396731707705346,
    0.24868491897214925,
    0.2783946246779357,
    0.38892789971982017,
    0.3230969751332715,
    0.4043443058822905,
    0.28219168017899493,
    0.26923970120958535,
    0.4739172899762998,
    0.361373954237193,
    0.2783946246779357,
    0.3926383502014844,
    0.2723983594991904,
    0.3576291690994644,
    0.4602181521704424,
    0.6577868708110155,
    0.6231292010769487,
    0.48524862837121796,
    0.23021184795355235,
    0.5073439201243656,
    0.43130630387167346,
    0.32913434727669955,
    0.4271246937954954,
    0.5322785194492902,
    0.40021664202173757,
    0.5108478313906997,
    0.3446437176405562,
    0.4654510628516871
  ],
  "d_eff": [
    15.69787006830038,
    16.42903202226018,
    7.2662673226332775,
    5.868866489659306,
    191.08558587193954,
    73.48105999686976,
    30.0190479369972,
    50.94331706476026,
    16.795047008289483,
    102.7597089367992,
    27.579703007441132,
    132.95586375188984,
    53.3311287503066,
    37.093465160983065,
    35.707641299358464,
    59.88051626022339,
    82.87394298182689,
    75.56276154706218,
    13.034049773399026,
    32.64259674290816,
    21.790743148173565,
    100.1067319086356,
    31.038484089006378,
    67.08414709957184,
    4.353085177698268,
    19.7324820432331,
    14.316988581547802,
    70.34722168813143,
    24.288079677791313,
    31.35475177710969,
    80.57142783135794,
    62.06000042575234,
    40.4177014550299,
    27.103581803513602,
    23.19054677151478,
    103.45945052159709,
    98.57505576980044,
    21.7977832061571,
    43.551446390241594,
    96.87289259957124,
    23.858310756327654,
    20.436858653272957,
    43.04406634111061,
    10.19827327442333,
    4.397458570155738,
    52.417128548622735,
    18.22860923862778,
    33.04486811311916,
    115.40536608583872,
    37.0714557480837,
    17.815971570987458,
    129.86038343010284,
    6.336113339228548,
    41.800500581972905,
    42.92904326019621,
    37.809963506508566,
    20.62868892967286,
    114.44580088916426,
    76.26267126900493,
    2.8043830126254337,
    18.345065693582065,
    20.976212944927482,
    104.52953643071046,
    26.740381696207702,
    5.495078775724845,
    47.141258467244484,
    97.27797905027069,
    98.7469257636593,
    39.00351746723964,
    13.779582426568226,
    29.940261932693904,
    59.60858957244671,
    137.82395038420478,
    73.17665363019039,
    169.6957102212622,
    29.348565564211114,
    14.24502102724639,
    238.5719826680033,
    57.696733762937455,
    28.273407142877048,
    25.459258416116686,
    3.4334190104294766,
    49.986559524996736,
    2.075345596608459,
    82.0291832545398,
    30.53229892547341,
    46.08417571530673,
    39.06101993044854,
    53.95497106988744,
    31.508016386391045,
    85.0517647919946,
    88.30685018473407,
    115.98711125604062,
    3.452785402969926,
    70.8703748810619,
    14.200924418215841,
    144.4867423108477,
    66.25902801097003,
    16.53943465111238,
    40.703620840886764,
    4.908895201128968,
    37.698290714883214,
    45.091893790225804,
    57.69258035371008,
    63.053924500052865,
    20.254270978061257,
    12.998245613814522,
    9.077837533376798,
    30.942607845452667,
    77.77469149229617,
    18.78136285398811,
    59.21132293263546,
    32.54900550518855,
    24.85596224752438,
    18.681432960027212,
    39.49301084239208,
    7.027877833851064,
    9.569661861314467
  ],
  "q_centroid": [
    0.64,
    0.36,
    0.82,
    0.84,
    0.36,
    0.68,
    0.64,
    0.64,
    0.68,
    0.7,
    0.54,
    0.3,
    0.54,
    0.52,
    0.46,
    0.34,
    0.48,
    0.64,
    0.62,
    0.84,
    0.5,
    0.74,
    0.46,
    0.5,
    0.34,
    0.54,
    0.68,
    0.38,
    0.46,
    0.76,
    0.5,
    0.46,
    0.76,
    0.42,
    0.7,
    0.7,
    0.74,
    0.64,
    0.62,
    0.68,
    0.3,
    0.52,
    0.58,
    0.66,
    0.74,
    0.6,
    0.3,
    0.26,
    0.72,
    0.34,
    0.42,
    0.18,
    0.3,
    0.66,
    0.66,
    0.7,
    0.72,
    0.54,
    0.42,
    0.18,
    0.5,
    0.72,
    0.5,
    0.22,
    0.38,
    0.62,
    0.3,
    0.38,
    0.36,
    0.74,
    0.7,
    0.56,
    0.4,
    0.38,
    0.4,
    0.4,
    0.76,
    0.28,
    0.3,
    0.54,
    0.36,
    0.64,
    0.2,
    0.22,
    0.52,
    0.76,
    0.5,
    0.3,
    0.4,
    0.4,
    0.54,
    0.38,
    0.26,
    0.5,
    0.62,
    0.76,
    0.42,
    0.36,
    0.74,
    0.56,
    0.22,
    0.64,
    0.24,
    0.62,
    0.78,
    0.88,
    0.78,
    0.82,
    0.42,
    0.82,
    0.62,
    0.48,
    0.7,
    0.8,
    0.62,
    0.8,
    0.3,
    0.62
  ],