{
  "pythia-160m": {
    "model": "pythia-160m",
    "V": 50304,
    "d_model": 768,
    "n_positions": 5069,
    "rho_global": 0.8979746103286743,
    "rho_local_K5": 0.936505931619357,
    "rho_local_K5_std": 0.021388401651260033,
    "rho_local_K5_n": 5069,
    "rho_local_K10": 0.9331791838801902,
    "rho_local_K10_std": 0.020527453233035,
    "rho_local_K10_n": 5069,
    "rho_local_K20": 0.929383003005005,
    "rho_local_K20_std": 0.01910597751021504,
    "rho_local_K20_n": 5069,
    "rho_local_K50": 0.9245462617264577,
    "rho_local_K50_std": 0.01798646579926379,
    "rho_local_K50_n": 5069,
    "rho_local_K100": 0.9216534662503043,
    "rho_local_K100_std": 0.01734750987305237,
    "rho_local_K100_n": 5069,
    "name": "Pythia-160M",
    "hf_id": "EleutherAI/pythia-160m",
    "time_s": 22.120383262634277
  },
  "pythia-410m": {
    "model": "pythia-410m",
    "V": 50304,
    "d_model": 1024,
    "n_positions": 5069,
    "rho_global": 0.09122372418642044,
    "rho_local_K5": 0.24907307573051354,
    "rho_local_K5_std": 0.16986721014851353,
    "rho_local_K5_n": 5069,
    "rho_local_K10": 0.2132849332632982,
    "rho_local_K10_std": 0.1435093718208852,
    "rho_local_K10_n": 5069,
    "rho_local_K20": 0.17144881328283082,
    "rho_local_K20_std": 0.11048986406984246,
    "rho_local_K20_n": 5069,
    "rho_local_K50": 0.1163798272054849,
    "rho_local_K50_std": 0.06869367373562943,
    "rho_local_K50_n": 5069,
    "rho_local_K100": 0.08428696325369595,
    "rho_local_K100_std": 0.04714173759193579,
    "rho_local_K100_n": 5069,
    "name": "Pythia-410M",
    "hf_id": "EleutherAI/pythia-410m",
    "time_s": 18.87477421760559
  },
  "pythia-1b": {
    "model": "pythia-1b",
    "V": 50304,
    "d_model": 2048,
    "n_positions": 5069,
    "rho_global": 0.09049773961305618,
    "rho_local_K5": 0.18918644140586827,
    "rho_local_K5_std": 0.14436137911686453,
    "rho_local_K5_n": 5069,
    "rho_local_K10": 0.15804770348988978,
    "rho_local_K10_std": 0.11940355756692027,
    "rho_local_K10_n": 5069,
    "rho_local_K20": 0.12202667474726861,
    "rho_local_K20_std": 0.08605638892276074,
    "rho_local_K20_n": 5069,
    "rho_local_K50": 0.07917307450993306,
    "rho_local_K50_std": 0.05146808248564566,
    "rho_local_K50_n": 5069,
    "rho_local_K100": 0.05564110663043904,
    "rho_local_K100_std": 0.037094271947369424,
    "rho_local_K100_n": 5069,
    "name": "Pythia-1B",
    "hf_id": "EleutherAI/pythia-1b",
    "time_s": 19.508431434631348
  },
  "pythia-1.4b": {
    "model": "pythia-1.4b",
    "V": 50304,
    "d_model": 2048,
    "n_positions": 5069,
    "rho_global": 0.06638838350772858,
    "rho_local_K5": 0.20263796567107292,
    "rho_local_K5_std": 0.15378792934898752,
    "rho_local_K5_n": 5069,
    "rho_local_K10": 0.17032612964113053,
    "rho_local_K10_std": 0.12602134806766546,
    "rho_local_K10_n": 5069,
    "rho_local_K20": 0.1325914341617213,
    "rho_local_K20_std": 0.09282963049259212,
    "rho_local_K20_n": 5069,
    "rho_local_K50": 0.08643737189529781,
    "rho_local_K50_std": 0.05584221291089222,
    "rho_local_K50_n": 5069,
    "rho_local_K100": 0.059383951699845144,
    "rho_local_K100_std": 0.03691208212667182,
    "rho_local_K100_n": 5069,
    "name": "Pythia-1.4B",
    "hf_id": "EleutherAI/pythia-1.4b",
    "time_s": 20.131883144378662
  },
  "pythia-2.8b": {
    "model": "pythia-2.8b",
    "V": 50304,
    "d_model": 2560,
    "n_positions": 5069,
    "rho_global": 0.05856785178184509,
    "rho_local_K5": 0.1992731685857858,
    "rho_local_K5_std": 0.1535348836062079,
    "rho_local_K5_n": 5069,
    "rho_local_K10": 0.16429320199879555,
    "rho_local_K10_std": 0.12485133261491785,
    "rho_local_K10_n": 5069,
    "rho_local_K20": 0.12786072928533412,
    "rho_local_K20_std": 0.09272738450028749,
    "rho_local_K20_n": 5069,
    "rho_local_K50": 0.08172558500468408,
    "rho_local_K50_std": 0.05413659594141389,
    "rho_local_K50_n": 5069,
    "rho_local_K100": 0.055079154134484574,
    "rho_local_K100_std": 0.03509546737040079,
    "rho_local_K100_n": 5069,
    "name": "Pythia-2.8B",
    "hf_id": "EleutherAI/pythia-2.8b",
    "time_s": 22.085214376449585
  },
  "gpt2": {
    "model": "gpt2",
    "V": 50257,
    "d_model": 768,
    "n_positions": 5017,
    "rho_global": 0.26725250482559204,
    "rho_local_K5": 0.44312098947848744,
    "rho_local_K5_std": 0.13359013844792691,
    "rho_local_K5_n": 5017,
    "rho_local_K10": 0.41321050509207513,
    "rho_local_K10_std": 0.11321127693792109,
    "rho_local_K10_n": 5017,
    "rho_local_K20": 0.37744960290741253,
    "rho_local_K20_std": 0.08828499647390932,
    "rho_local_K20_n": 5017,
    "rho_local_K50": 0.33129886170533257,
    "rho_local_K50_std": 0.06353036608466327,
    "rho_local_K50_n": 5017,
    "rho_local_K100": 0.30331047651823334,
    "rho_local_K100_std": 0.050683119802713256,
    "rho_local_K100_n": 5017,
    "name": "GPT-2",
    "hf_id": "openai-community/gpt2",
    "time_s": 18.331746816635132
  },
  "qwen3-0.6b": {
    "model": "qwen3-0.6b",
    "V": 151936,
    "d_model": 1024,
    "n_positions": 5150,
    "rho_global": 0.11128265410661697,
    "rho_local_K5": 0.2150481697003774,
    "rho_local_K5_std": 0.17034986965101792,
    "rho_local_K5_n": 5150,
    "rho_local_K10": 0.1861326094789123,
    "rho_local_K10_std": 0.15534248157239205,
    "rho_local_K10_n": 5150,
    "rho_local_K20": 0.1253508750096108,
    "rho_local_K20_std": 0.06469765892104204,
    "rho_local_K20_n": 5150,
    "rho_local_K50": 0.07824685020607362,
    "rho_local_K50_std": 0.0264572909149947,
    "rho_local_K50_n": 5150,
    "rho_local_K100": 0.05848484830225556,
    "rho_local_K100_std": 0.016760848277596486,
    "rho_local_K100_n": 5150,
    "name": "Qwen3-0.6B",
    "hf_id": "Qwen/Qwen3-0.6B",
    "time_s": 21.49769377708435
  },
  "qwen3-1.7b": {
    "model": "qwen3-1.7b",
    "V": 151936,
    "d_model": 2048,
    "n_positions": 5150,
    "rho_global": 0.05735943093895912,
    "rho_local_K5": 0.2490296925900051,
    "rho_local_K5_std": 0.18932389941586664,
    "rho_local_K5_n": 5150,
    "rho_local_K10": 0.21272284773196481,
    "rho_local_K10_std": 0.17137351297834755,
    "rho_local_K10_n": 5150,
    "rho_local_K20": 0.15080310398531915,
    "rho_local_K20_std": 0.09657360380003499,
    "rho_local_K20_n": 5150,
    "rho_local_K50": 0.09316453227285043,
    "rho_local_K50_std": 0.051454473237759035,
    "rho_local_K50_n": 5150,
    "rho_local_K100": 0.06245615912257757,
    "rho_local_K100_std": 0.03150816247767908,
    "rho_local_K100_n": 5150,
    "name": "Qwen3-1.7B",
    "hf_id": "Qwen/Qwen3-1.7B",
    "time_s": 23.32731032371521
  },
  "smollm2-360m": {
    "model": "smollm2-360m",
    "V": 49152,
    "d_model": 960,
    "n_positions": 5161,
    "rho_global": 0.26072248816490173,
    "rho_local_K5": 0.26643013130452015,
    "rho_local_K5_std": 0.2135081572623859,
    "rho_local_K5_n": 5161,
    "rho_local_K10": 0.22851128836939844,
    "rho_local_K10_std": 0.18814750203695743,
    "rho_local_K10_n": 5161,
    "rho_local_K20": 0.1519658813150908,
    "rho_local_K20_std": 0.08920556411576987,
    "rho_local_K20_n": 5161,
    "rho_local_K50": 0.09086667945670934,
    "rho_local_K50_std": 0.044500035320746485,
    "rho_local_K50_n": 5161,
    "rho_local_K100": 0.06462182314744166,
    "rho_local_K100_std": 0.031227753845802984,
    "rho_local_K100_n": 5161,
    "name": "SmolLM2-360M",
    "hf_id": "HuggingFaceTB/SmolLM2-360M",
    "time_s": 20.244900465011597
  }
}