{
  "experiment": "kappa_ranking_demo",
  "pre_registered_threshold": 0.8,
  "min_archs_per_dataset": 5,
  "n_datasets": 10,
  "mean_spearman_rho": 0.5967253658695995,
  "n_pass": 3,
  "pr_mean_pass": false,
  "per_dataset": {
    "20newsgroups": {
      "K": 20,
      "n_architectures": 19,
      "spearman_rho": 0.4964912280701754,
      "spearman_p": 0.030596195263387548,
      "pearson_r": 0.36795413069219046,
      "pearson_p": 0.12115309219014143,
      "pr_pass": false,
      "architectures": [
        "bert-base-uncased",
        "bge-base-v1.5",
        "deberta-base",
        "electra-small",
        "Falcon-H1-0.5B-Base",
        "gpt-neo-125m",
        "gpt2",
        "mamba-130m",
        "Mistral-7B-v0.3",
        "OLMo-1B-hf",
        "phi2",
        "pythia-160m",
        "pythia-1b",
        "pythia-410m",
        "Qwen2.5-0.5B",
        "Qwen3-0.6B",
        "Qwen3-1.7B",
        "rwkv-4-169m-pile",
        "TinyLlama-1.1B-intermediate-step-1431k-3T"
      ],
      "kappas": [
        0.36469820544007225,
        0.38334047802549853,
        0.3286822283419266,
        0.2616745787154442,
        0.18233842472929085,
        0.16215134690223318,
        0.06808321855942173,
        0.09257850762452441,
        0.14404948269222692,
        0.16151176675890125,
        0.1855626791145045,
        0.17959804657780915,
        0.11792385137297313,
        0.10332100163777627,
        0.1272698093692282,
        0.12557383605071673,
        0.12622114257762038,
        0.24419604717706694,
        0.12862466901639408
      ],
      "accuracies": [
        0.3105263157894737,
        0.3605263157894737,
        0.29078947368421054,
        0.17763157894736845,
        0.3078947368421053,
        0.19983970077477958,
        0.1736842105263158,
        0.019736842105263164,
        0.4144736842105263,
        0.3374298690889661,
        0.34210526315789475,
        0.24659364146406626,
        0.25460860272508684,
        0.21186214266631043,
        0.27731765963131183,
        0.2736842105263158,
        0.3197368421052632,
        0.3013157894736842,
        0.2881578947368421
      ]
    },
    "agnews": {
      "K": 4,
      "n_architectures": 18,
      "spearman_rho": 0.4117647058823529,
      "spearman_p": 0.08953914742899156,
      "pearson_r": 0.40252350728065406,
      "pearson_p": 0.09770491146739496,
      "pr_pass": false,
      "architectures": [
        "bert-base-uncased",
        "bge-base-v1.5",
        "deberta-base",
        "electra-small",
        "Falcon-H1-0.5B-Base",
        "gpt-neo-125m",
        "gpt2",
        "Mistral-7B-v0.3",
        "OLMo-1B-hf",
        "phi2",
        "pythia-160m",
        "pythia-1b",
        "pythia-410m",
        "Qwen2.5-0.5B",
        "Qwen3-0.6B",
        "Qwen3-1.7B",
        "rwkv-4-169m-pile",
        "TinyLlama-1.1B-intermediate-step-1431k-3T"
      ],
      "kappas": [
        0.49941861342047933,
        0.44849016329013036,
        0.5030606342005295,
        0.41571242172124323,
        0.45444772290537705,
        0.34280219492692066,
        0.35743899537298696,
        0.39938316993998935,
        0.31945730904422864,
        0.49925218528463744,
        0.426673770796794,
        0.38046600803555075,
        0.35004056950894497,
        0.37325617036193565,
        0.3251775328304751,
        0.3698627262123422,
        0.5257930310978186,
        0.3821043186384543
      ],
      "accuracies": [
        0.6933333333333335,
        0.745,
        0.7283333333333334,
        0.5483333333333333,
        0.6716666666666667,
        0.625,
        0.5816666666666667,
        0.76,
        0.6933333333333334,
        0.7533333333333334,
        0.6483333333333333,
        0.665,
        0.6333333333333333,
        0.7000000000000001,
        0.6150000000000001,
        0.6983333333333333,
        0.6683333333333333,
        0.6800000000000002
      ]
    },
    "amazon_massive": {
      "K": 59,
      "n_architectures": 6,
      "spearman_rho": 0.8285714285714287,
      "spearman_p": 0.04156268221574334,
      "pearson_r": 0.8244953091869263,
      "pearson_p": 0.04349990608547332,
      "pr_pass": true,
      "architectures": [
        "Falcon-H1-0.5B-Base",
        "gpt-neo-125m",
        "OLMo-1B-hf",
        "pythia-160m",
        "Qwen3-0.6B",
        "rwkv-4-169m-pile"
      ],
      "kappas": [
        0.28870950639247894,
        0.2043185057118535,
        0.21821303851902485,
        0.2994429413229227,
        0.1605459968559444,
        0.4622272253036499
      ],
      "accuracies": [
        0.43612786907981427,
        0.3172803550377921,
        0.38183205048193614,
        0.3697663130157409,
        0.2961653144719506,
        0.4461826503016435
      ]
    },
    "banking77": {
      "K": 77,
      "n_architectures": 6,
      "spearman_rho": 0.7142857142857143,
      "spearman_p": 0.1107871720116617,
      "pearson_r": 0.8021129827521591,
      "pearson_p": 0.054864351666080106,
      "pr_pass": false,
      "architectures": [
        "Falcon-H1-0.5B-Base",
        "gpt-neo-125m",
        "OLMo-1B-hf",
        "pythia-160m",
        "Qwen3-0.6B",
        "rwkv-4-169m-pile"
      ],
      "kappas": [
        0.2658523079007864,
        0.24991746991872787,
        0.23772226087749004,
        0.28840409591794014,
        0.17493030615150928,
        0.46320319920778275
      ],
      "accuracies": [
        0.3623859649122807,
        0.27052631578947367,
        0.3091951754385965,
        0.29788157894736844,
        0.22544078947368418,
        0.3843377192982456
      ]
    },
    "dbpedia": {
      "K": 14,
      "n_architectures": 19,
      "spearman_rho": 0.7157894736842104,
      "spearman_p": 0.0005684691139054138,
      "pearson_r": 0.6715099561313329,
      "pearson_p": 0.0016424813366233265,
      "pr_pass": false,
      "architectures": [
        "bert-base-uncased",
        "bge-base-v1.5",
        "deberta-base",
        "electra-small",
        "Falcon-H1-0.5B-Base",
        "gpt-neo-125m",
        "gpt2",
        "mamba-130m",
        "Mistral-7B-v0.3",
        "OLMo-1B-hf",
        "phi2",
        "pythia-160m",
        "pythia-1b",
        "pythia-410m",
        "Qwen2.5-0.5B",
        "Qwen3-0.6B",
        "Qwen3-1.7B",
        "rwkv-4-169m-pile",
        "TinyLlama-1.1B-intermediate-step-1431k-3T"
      ],
      "kappas": [
        0.7036605765908288,
        0.5800954388340209,
        0.7179074289885667,
        0.46468701777547516,
        0.5599460009965901,
        0.3707619562821148,
        0.3177585458435731,
        0.1398984763905467,
        0.4584191146898504,
        0.3341603484601534,
        0.5773750557281938,
        0.4272379524329264,
        0.3379554744591562,
        0.3342355675079977,
        0.33547322572346844,
        0.31867569612109176,
        0.3671755841230765,
        0.7090522570740243,
        0.43283622150423956
      ],
      "accuracies": [
        0.8519230769230769,
        0.8344230769230769,
        0.8653846153846153,
        0.6553846153846153,
        0.764423076923077,
        0.6661538461538461,
        0.6782692307692307,
        0.021346153846153855,
        0.825,
        0.7846153846153845,
        0.8707692307692309,
        0.7778846153846154,
        0.7671153846153846,
        0.7361538461538462,
        0.7442307692307693,
        0.6984615384615385,
        0.72,
        0.8303846153846154,
        0.7819230769230769
      ]
    },
    "emotion": {
      "K": 6,
      "n_architectures": 6,
      "spearman_rho": 0.3142857142857143,
      "spearman_p": 0.5440932944606414,
      "pearson_r": 0.41644972383069834,
      "pearson_p": 0.4114379296152501,
      "pr_pass": false,
      "architectures": [
        "Falcon-H1-0.5B-Base",
        "gpt-neo-125m",
        "OLMo-1B-hf",
        "pythia-160m",
        "Qwen3-0.6B",
        "rwkv-4-169m-pile"
      ],