{
  "experiment": "cti_bge_fit",
  "description": "CTI law fit for BGE-base-v1.5 (contrastive embedding model)",
  "model": "bge-base-v1-5",
  "model_type": "Contrastive/InfoNCE (discriminative embedding)",
  "n_points": 16,
  "alpha": 4.466108885186427,
  "beta": -0.7219858972239214,
  "r2": 0.9565462765030409,
  "C0_per_dataset": {
    "agnews": -0.1311599474227523,
    "dbpedia": 0.8984146645104063,
    "20newsgroups": -0.1900031097505355,
    "go_emotions": -0.7047762421499701
  },
  "reference": {
    "NLP_alpha": 1.477,
    "NLP_r2": 0.955
  }
}