{
  "results": {
    "cerebras-gpt": {
      "n_obs": 236,
      "n_profiles": 12,
      "zero_shot_r2": 0.7319986030667209,
      "zero_shot_mae": 0.049191575625977806,
      "shape_rho": 0.7629047646660978,
      "calibrated_r2": 0.7808583802533052,
      "calibrated_mae": 0.046651356633416914,
      "mean_bd_shift": 0.10427794692356623
    },
    "gemma2": {
      "n_obs": 108,
      "n_profiles": 4,
      "zero_shot_r2": -2.4167427617390005,
      "zero_shot_mae": 0.1834472575202982,
      "shape_rho": 0.6766760405955112,
      "calibrated_r2": 0.8144760148518826,
      "calibrated_mae": 0.035126097912374324,
      "mean_bd_shift": -0.9599194640421822
    },
    "gpt2": {
      "n_obs": 300,
      "n_profiles": 12,
      "zero_shot_r2": 0.8501181678015736,
      "zero_shot_mae": 0.04163298119066793,
      "shape_rho": 0.8054677757037418,
      "calibrated_r2": 0.8648750100053725,
      "calibrated_mae": 0.03790619123587055,
      "mean_bd_shift": -0.002832855059054451
    },
    "olmo2": {
      "n_obs": 748,
      "n_profiles": 44,
      "zero_shot_r2": 0.7704018707410163,
      "zero_shot_mae": 0.056185116369607276,
      "shape_rho": 0.9040447221290464,
      "calibrated_r2": 0.8444610151527817,
      "calibrated_mae": 0.04488315997978351,
      "mean_bd_shift": -0.04911790907591185
    },
    "opt": {
      "n_obs": 200,
      "n_profiles": 8,
      "zero_shot_r2": 0.7758244054515775,
      "zero_shot_mae": 0.05722254527613377,
      "shape_rho": 0.8310238765125888,
      "calibrated_r2": 0.8350086291171535,
      "calibrated_mae": 0.04785572412601567,
      "mean_bd_shift": -0.10382138424308923
    },
    "phi": {
      "n_obs": 132,
      "n_profiles": 4,
      "zero_shot_r2": 0.44794752935587434,
      "zero_shot_mae": 0.07205977363213888,
      "shape_rho": 0.7237670492204938,
      "calibrated_r2": 0.7201232722277868,
      "calibrated_mae": 0.04969316109162952,
      "mean_bd_shift": 0.20987742024767386
    },
    "pythia": {
      "n_obs": 3520,
      "n_profiles": 176,
      "zero_shot_r2": 0.782922435814639,
      "zero_shot_mae": 0.046350625562655776,
      "shape_rho": 0.9138910297240657,
      "calibrated_r2": 0.8357547576659191,
      "calibrated_mae": 0.03807399014761911,
      "mean_bd_shift": 0.07366811468115725
    },
    "qwen2.5": {
      "n_obs": 216,
      "n_profiles": 8,
      "zero_shot_r2": 0.7414189769073642,
      "zero_shot_mae": 0.05576334093366202,
      "shape_rho": 0.8971047482233974,
      "calibrated_r2": 0.8087668741545638,
      "calibrated_mae": 0.04821914547293979,
      "mean_bd_shift": 0.13765145213931806
    }
  },
  "datasets": [
    "agnews",
    "clinc",
    "dbpedia_classes",
    "trec"
  ],
  "families": [
    "cerebras-gpt",
    "gemma2",
    "gpt2",
    "olmo2",
    "opt",
    "phi",
    "pythia",
    "qwen2.5"
  ]
}