{
  "model_id": "Qwen/Qwen3-0.6B",
  "analysis": "two_step_phase_transition",
  "step1_complexity_peak": {
    "alpha_id_peak": 0.7,
    "alpha_er_peak": 0.7,
    "alpha_mean": 0.7,
    "id_at_peak": 79.67530428130051,
    "id_at_alpha_0": 46.98513862182354,
    "id_at_alpha_1": 18.88745352317547
  },
  "step2_quality_emergence": {
    "alpha_knn": 0.8728895634576467,
    "alpha_align": 0.7430171829498408
  },
  "gap": 0.17288956345764672,
  "interpretation": "compression_before_fitting"
}