{
  "experiment": "neff_pairwise_direct",
  "model": "EleutherAI/pythia-160m",
  "dataset": "dbpedia_14",
  "K_full": 14,
  "n_samples_per_class": 500,
  "n_seeds": 20,
  "alpha_universal": 3.598,
  "per_K": {
    "4": {
      "neff_obs": 2.6623894139682878,
      "neff_std": 0.15815717137498614,
      "neff_theory_sqrt": 1.7320508075688772,
      "ratio_obs_theory": 1.537131244842201,
      "n_seeds": 20
    },
    "6": {
      "neff_obs": 4.335981564281945,
      "neff_std": 0.19230333820704462,
      "neff_theory_sqrt": 2.23606797749979,
      "ratio_obs_theory": 1.9391099053840606,
      "n_seeds": 20
    },
    "8": {
      "neff_obs": 5.869006849786871,
      "neff_std": 0.24476004671153478,
      "neff_theory_sqrt": 2.6457513110645907,
      "ratio_obs_theory": 2.2182760810672395,
      "n_seeds": 20
    },
    "10": {
      "neff_obs": 7.47187965240783,
      "neff_std": 0.20839203769233616,
      "neff_theory_sqrt": 3.0,
      "ratio_obs_theory": 2.49062655080261,
      "n_seeds": 20
    },
    "12": {
      "neff_obs": 9.037812647389144,
      "neff_std": 0.1764016144685826,
      "neff_theory_sqrt": 3.3166247903554,
      "ratio_obs_theory": 2.7250030433562182,
      "n_seeds": 20
    },
    "14": {
      "neff_obs": 10.44941430620264,
      "neff_std": 5.8996119841753976e-08,
      "neff_theory_sqrt": 3.605551275463989,
      "ratio_obs_theory": 2.89814608304466,
      "n_seeds": 20
    }
  },
  "log_log_slope": 0.9339427789622784,
  "log_log_slope_se": 0.0049875634065062275,
  "pearson_r": 0.9999429666130499,
  "pearson_p": 4.8791180811875205e-09,
  "pre_reg": {
    "PR_SLOPE": "slope in [0.35,0.65]",
    "PR_R": "Pearson r >= 0.9"
  },
  "verdict": {
    "PR_SLOPE": false,
    "PR_R": true,
    "n_pass": 1
  }
}