{
  "experiment": "logit_linear_test",
  "theory": "logit(q) = A*kappa - B*log(K) + C from Gumbel EVT",
  "synthetic": {
    "model1_evt_logK": {
      "r2": 0.9786453014367749,
      "A": 37.54650410732471,
      "B": 1.0693555203092258,
      "C": 0.3181003827538617
    },
    "model2_clt_sqrtK": {
      "r2": 0.9323557234432263
    },
    "model3_collapse_logK": {
      "r2": 0.8301790184098912
    },
    "model4_collapse_sqrtK": {
      "r2": 0.6902961769833971
    },
    "model5_no_K": {
      "r2": 0.6755804995387777
    }
  },
  "real_data": {
    "model1_evt_logK": {
      "r2": 0.6475276058844667,
      "A": 5.476388291831545,
      "B": 0.48128679323945733,
      "C": -0.5319789328510673
    },
    "model2_clt_sqrtK": {
      "r2": 0.6827111869705642
    },
    "model3_collapse_logK": {
      "r2": 0.6320904309438262
    },
    "model4_collapse_sqrtK": {
      "r2": 0.748762396877598
    }
  },
  "scorecard": {
    "passes": 3,
    "total": 5
  }
}