{
  "version": "v2_calibrated",
  "n_points": 947,
  "kappa_targets": {
    "5": 0.34970703125,
    "10": 0.38837890625000004,
    "20": 0.44638671875,
    "50": 0.50439453125,
    "100": 0.54306640625,
    "200": 0.56240234375
  },
  "test1": {
    "C0": 0.9811483283625773,
    "C1": 0.01485737310808381,
    "C2": -0.022700368040215968,
    "R2": 0.9724677100638677
  },
  "test2": {
    "A": 0.9416240328401317,
    "AC2": -0.021375212100983396,
    "cancel_err": 0.006517838992899587
  },
  "test3": {
    "A": 66.94495653036769,
    "B": 0.848901218563276,
    "C": -2.3172239873807383,
    "r2_with_K": 0.9586107259865204,
    "r2_simple": 0.7988735186021484
  },
  "test4": {
    "A": 1.0261170145740799,
    "B": -0.6818688215391844,
    "C": -3.7071202577720572,
    "r2": 0.977788852088664
  },
  "scorecard": {
    "passes": 4,
    "total": 6
  }
}